,Country,LOCATION,ISO CODE 2 letter,INDICATOR,SUBJECT,MEASURE,FREQUENCY,TIME,net_value_added_%,Flag Codes
0,Australia,AUS,AU,BANKLEVERAGE,TOT,PC_NVA,A,1995,6.079339,
1,Australia,AUS,AU,BANKLEVERAGE,TOT,PC_NVA,A,1996,5.526472,
2,Australia,AUS,AU,BANKLEVERAGE,TOT,PC_NVA,A,1997,4.680646,
3,Australia,AUS,AU,BANKLEVERAGE,TOT,PC_NVA,A,1998,4.526383,
4,Australia,AUS,AU,BANKLEVERAGE,TOT,PC_NVA,A,1999,4.786476,
5,Australia,AUS,AU,BANKLEVERAGE,TOT,PC_NVA,A,2000,4.324582,
6,Australia,AUS,AU,BANKLEVERAGE,TOT,PC_NVA,A,2001,3.960947,
7,Australia,AUS,AU,BANKLEVERAGE,TOT,PC_NVA,A,2002,4.532305,
8,Australia,AUS,AU,BANKLEVERAGE,TOT,PC_NVA,A,2003,4.880593,
9,Australia,AUS,AU,BANKLEVERAGE,TOT,PC_NVA,A,2004,4.67991,
10,Australia,AUS,AU,BANKLEVERAGE,TOT,PC_NVA,A,2005,4.405493,
11,Australia,AUS,AU,BANKLEVERAGE,TOT,PC_NVA,A,2006,4.47259,
12,Australia,AUS,AU,BANKLEVERAGE,TOT,PC_NVA,A,2007,4.621296,
13,Australia,AUS,AU,BANKLEVERAGE,TOT,PC_NVA,A,2008,6.985277000000001,
14,Australia,AUS,AU,BANKLEVERAGE,TOT,PC_NVA,A,2009,5.31798,
15,Australia,AUS,AU,BANKLEVERAGE,TOT,PC_NVA,A,2010,5.9224879999999995,
16,Australia,AUS,AU,BANKLEVERAGE,TOT,PC_NVA,A,2011,6.762132000000001,
17,Australia,AUS,AU,BANKLEVERAGE,TOT,PC_NVA,A,2012,6.193059,
18,Australia,AUS,AU,BANKLEVERAGE,TOT,PC_NVA,A,2013,5.465835,
19,Australia,AUS,AU,BANKLEVERAGE,TOT,PC_NVA,A,2014,5.691566000000001,
20,Australia,AUS,AU,BANKLEVERAGE,TOT,PC_NVA,A,2015,5.833508,
21,Australia,AUS,AU,BANKLEVERAGE,TOT,PC_NVA,A,2016,6.07341,
22,Australia,AUS,AU,BANKLEVERAGE,TOT,PC_NVA,A,2017,6.205643,
23,Australia,AUS,AU,BANKLEVERAGE,TOT,PC_NVA,A,2018,6.956332000000001,
24,Australia,AUS,AU,BANKLEVERAGE,TOT,PC_NVA,A,2019,6.843061,
25,Austria,AUT,AT,BANKLEVERAGE,TOT,PC_NVA,A,1995,16.3252,
26,Austria,AUT,AT,BANKLEVERAGE,TOT,PC_NVA,A,1996,14.598989999999999,
27,Austria,AUT,AT,BANKLEVERAGE,TOT,PC_NVA,A,1997,13.11222,
28,Austria,AUT,AT,BANKLEVERAGE,TOT,PC_NVA,A,1998,13.539629999999999,
29,Austria,AUT,AT,BANKLEVERAGE,TOT,PC_NVA,A,1999,13.690970000000002,
30,Austria,AUT,AT,BANKLEVERAGE,TOT,PC_NVA,A,2000,15.83485,
31,Austria,AUT,AT,BANKLEVERAGE,TOT,PC_NVA,A,2001,18.90299,
32,Austria,AUT,AT,BANKLEVERAGE,TOT,PC_NVA,A,2002,18.739060000000002,
33,Austria,AUT,AT,BANKLEVERAGE,TOT,PC_NVA,A,2003,16.69719,
34,Austria,AUT,AT,BANKLEVERAGE,TOT,PC_NVA,A,2004,14.77505,
35,Austria,AUT,AT,BANKLEVERAGE,TOT,PC_NVA,A,2005,14.373660000000001,
36,Austria,AUT,AT,BANKLEVERAGE,TOT,PC_NVA,A,2006,13.03646,
37,Austria,AUT,AT,BANKLEVERAGE,TOT,PC_NVA,A,2007,11.60026,
38,Austria,AUT,AT,BANKLEVERAGE,TOT,PC_NVA,A,2008,15.86994,
39,Austria,AUT,AT,BANKLEVERAGE,TOT,PC_NVA,A,2009,13.03642,
40,Austria,AUT,AT,BANKLEVERAGE,TOT,PC_NVA,A,2010,9.828330000000001,
41,Austria,AUT,AT,BANKLEVERAGE,TOT,PC_NVA,A,2011,12.026819999999999,
42,Austria,AUT,AT,BANKLEVERAGE,TOT,PC_NVA,A,2012,10.979339999999999,
43,Austria,AUT,AT,BANKLEVERAGE,TOT,PC_NVA,A,2013,10.96729,
44,Austria,AUT,AT,BANKLEVERAGE,TOT,PC_NVA,A,2014,10.67942,
45,Austria,AUT,AT,BANKLEVERAGE,TOT,PC_NVA,A,2015,9.969536999999999,
46,Austria,AUT,AT,BANKLEVERAGE,TOT,PC_NVA,A,2016,10.70037,
47,Austria,AUT,AT,BANKLEVERAGE,TOT,PC_NVA,A,2017,10.27935,
48,Austria,AUT,AT,BANKLEVERAGE,TOT,PC_NVA,A,2018,10.98825,
49,Austria,AUT,AT,BANKLEVERAGE,TOT,PC_NVA,A,2019,10.676730000000001,
50,Belgium,BEL,BE,BANKLEVERAGE,TOT,PC_NVA,A,1995,18.982960000000002,
51,Belgium,BEL,BE,BANKLEVERAGE,TOT,PC_NVA,A,1996,22.03358,
52,Belgium,BEL,BE,BANKLEVERAGE,TOT,PC_NVA,A,1997,18.06824,
53,Belgium,BEL,BE,BANKLEVERAGE,TOT,PC_NVA,A,1998,12.3398,
54,Belgium,BEL,BE,BANKLEVERAGE,TOT,PC_NVA,A,1999,17.28315,
55,Belgium,BEL,BE,BANKLEVERAGE,TOT,PC_NVA,A,2000,15.16259,
56,Belgium,BEL,BE,BANKLEVERAGE,TOT,PC_NVA,A,2001,13.410110000000001,
57,Belgium,BEL,BE,BANKLEVERAGE,TOT,PC_NVA,A,2002,17.709570000000003,
58,Belgium,BEL,BE,BANKLEVERAGE,TOT,PC_NVA,A,2003,18.32589,
59,Belgium,BEL,BE,BANKLEVERAGE,TOT,PC_NVA,A,2004,15.83172,
60,Belgium,BEL,BE,BANKLEVERAGE,TOT,PC_NVA,A,2005,15.10256,
61,Belgium,BEL,BE,BANKLEVERAGE,TOT,PC_NVA,A,2006,13.778839999999999,
62,Belgium,BEL,BE,BANKLEVERAGE,TOT,PC_NVA,A,2007,14.073070000000001,
63,Belgium,BEL,BE,BANKLEVERAGE,TOT,PC_NVA,A,2008,24.98866,
64,Belgium,BEL,BE,BANKLEVERAGE,TOT,PC_NVA,A,2009,19.44352,
65,Belgium,BEL,BE,BANKLEVERAGE,TOT,PC_NVA,A,2010,16.37801,
66,Belgium,BEL,BE,BANKLEVERAGE,TOT,PC_NVA,A,2011,17.68923,
67,Belgium,BEL,BE,BANKLEVERAGE,TOT,PC_NVA,A,2012,14.06272,
68,Belgium,BEL,BE,BANKLEVERAGE,TOT,PC_NVA,A,2013,11.96308,
69,Belgium,BEL,BE,BANKLEVERAGE,TOT,PC_NVA,A,2014,11.77488,
70,Belgium,BEL,BE,BANKLEVERAGE,TOT,PC_NVA,A,2015,11.98644,
71,Belgium,BEL,BE,BANKLEVERAGE,TOT,PC_NVA,A,2016,11.71306,
72,Belgium,BEL,BE,BANKLEVERAGE,TOT,PC_NVA,A,2017,11.30331,
73,Belgium,BEL,BE,BANKLEVERAGE,TOT,PC_NVA,A,2018,12.0434,
74,Belgium,BEL,BE,BANKLEVERAGE,TOT,PC_NVA,A,2019,10.68436,
75,Canada,CAN,CA,BANKLEVERAGE,TOT,PC_NVA,A,1995,14.71282,
76,Canada,CAN,CA,BANKLEVERAGE,TOT,PC_NVA,A,1996,12.398480000000001,
77,Canada,CAN,CA,BANKLEVERAGE,TOT,PC_NVA,A,1997,9.78244,
78,Canada,CAN,CA,BANKLEVERAGE,TOT,PC_NVA,A,1998,10.00531,
79,Canada,CAN,CA,BANKLEVERAGE,TOT,PC_NVA,A,1999,10.66134,
80,Canada,CAN,CA,BANKLEVERAGE,TOT,PC_NVA,A,2000,8.690956,
81,Canada,CAN,CA,BANKLEVERAGE,TOT,PC_NVA,A,2001,9.10064,
82,Canada,CAN,CA,BANKLEVERAGE,TOT,PC_NVA,A,2002,9.55231,
83,Canada,CAN,CA,BANKLEVERAGE,TOT,PC_NVA,A,2003,8.58791,
84,Canada,CAN,CA,BANKLEVERAGE,TOT,PC_NVA,A,2004,8.692369,
85,Canada,CAN,CA,BANKLEVERAGE,TOT,PC_NVA,A,2005,7.670482000000001,
86,Canada,CAN,CA,BANKLEVERAGE,TOT,PC_NVA,A,2006,7.435865,
87,Canada,CAN,CA,BANKLEVERAGE,TOT,PC_NVA,A,2007,8.495516,
88,Canada,CAN,CA,BANKLEVERAGE,TOT,PC_NVA,A,2008,11.923639999999999,
89,Canada,CAN,CA,BANKLEVERAGE,TOT,PC_NVA,A,2009,8.282907000000002,
90,Canada,CAN,CA,BANKLEVERAGE,TOT,PC_NVA,A,2010,8.527735,
91,Canada,CAN,CA,BANKLEVERAGE,TOT,PC_NVA,A,2011,9.477456,
92,Canada,CAN,CA,BANKLEVERAGE,TOT,PC_NVA,A,2012,9.215848,
93,Canada,CAN,CA,BANKLEVERAGE,TOT,PC_NVA,A,2013,8.36685,
94,Canada,CAN,CA,BANKLEVERAGE,TOT,PC_NVA,A,2014,8.398607,
95,Canada,CAN,CA,BANKLEVERAGE,TOT,PC_NVA,A,2015,9.861369999999999,
96,Canada,CAN,CA,BANKLEVERAGE,TOT,PC_NVA,A,2016,8.515088,
97,Canada,CAN,CA,BANKLEVERAGE,TOT,PC_NVA,A,2017,7.780433,
98,Canada,CAN,CA,BANKLEVERAGE,TOT,PC_NVA,A,2018,9.018466,
99,Canada,CAN,CA,BANKLEVERAGE,TOT,PC_NVA,A,2019,8.712099,
100,Chile,CHL,CL,BANKLEVERAGE,TOT,PC_NVA,A,2003,7.918680999999999,
101,Chile,CHL,CL,BANKLEVERAGE,TOT,PC_NVA,A,2004,7.380497,
102,Chile,CHL,CL,BANKLEVERAGE,TOT,PC_NVA,A,2005,8.520849,
103,Chile,CHL,CL,BANKLEVERAGE,TOT,PC_NVA,A,2006,7.640059,
104,Chile,CHL,CL,BANKLEVERAGE,TOT,PC_NVA,A,2007,8.752827,
105,Chile,CHL,CL,BANKLEVERAGE,TOT,PC_NVA,A,2008,9.735389,
106,Chile,CHL,CL,BANKLEVERAGE,TOT,PC_NVA,A,2009,8.722301,
107,Chile,CHL,CL,BANKLEVERAGE,TOT,PC_NVA,A,2010,6.213436,
108,Chile,CHL,CL,BANKLEVERAGE,TOT,PC_NVA,A,2011,7.637224000000001,
109,Chile,CHL,CL,BANKLEVERAGE,TOT,PC_NVA,A,2012,8.369492999999999,
110,Chile,CHL,CL,BANKLEVERAGE,TOT,PC_NVA,A,2013,8.694239999999999,
111,Chile,CHL,CL,BANKLEVERAGE,TOT,PC_NVA,A,2014,9.417363,
112,Chile,CHL,CL,BANKLEVERAGE,TOT,PC_NVA,A,2015,9.536159,
113,Chile,CHL,CL,BANKLEVERAGE,TOT,PC_NVA,A,2016,9.394422,
114,Chile,CHL,CL,BANKLEVERAGE,TOT,PC_NVA,A,2017,8.120505999999999,
115,Chile,CHL,CL,BANKLEVERAGE,TOT,PC_NVA,A,2018,7.830642999999999,
116,Chile,CHL,CL,BANKLEVERAGE,TOT,PC_NVA,A,2019,9.943665,
117,Colombia,COL,CO,BANKLEVERAGE,TOT,PC_NVA,A,2015,9.005676,
118,Colombia,COL,CO,BANKLEVERAGE,TOT,PC_NVA,A,2016,8.675211000000001,
119,Colombia,COL,CO,BANKLEVERAGE,TOT,PC_NVA,A,2017,8.776078,
120,Colombia,COL,CO,BANKLEVERAGE,TOT,PC_NVA,A,2018,9.701169,
121,Czech Republic,CZE,CZ,BANKLEVERAGE,TOT,PC_NVA,A,1995,16.32685,
122,Czech Republic,CZE,CZ,BANKLEVERAGE,TOT,PC_NVA,A,1996,13.987070000000001,
123,Czech Republic,CZE,CZ,BANKLEVERAGE,TOT,PC_NVA,A,1997,16.10489,
124,Czech Republic,CZE,CZ,BANKLEVERAGE,TOT,PC_NVA,A,1998,18.07648,
125,Czech Republic,CZE,CZ,BANKLEVERAGE,TOT,PC_NVA,A,1999,20.06064,
126,Czech Republic,CZE,CZ,BANKLEVERAGE,TOT,PC_NVA,A,2000,21.6672,
127,Czech Republic,CZE,CZ,BANKLEVERAGE,TOT,PC_NVA,A,2001,23.63195,
128,Czech Republic,CZE,CZ,BANKLEVERAGE,TOT,PC_NVA,A,2002,21.9557,
129,Czech Republic,CZE,CZ,BANKLEVERAGE,TOT,PC_NVA,A,2003,12.21975,
130,Czech Republic,CZE,CZ,BANKLEVERAGE,TOT,PC_NVA,A,2004,12.21915,
131,Czech Republic,CZE,CZ,BANKLEVERAGE,TOT,PC_NVA,A,2005,12.44791,
132,Czech Republic,CZE,CZ,BANKLEVERAGE,TOT,PC_NVA,A,2006,13.026539999999999,
133,Czech Republic,CZE,CZ,BANKLEVERAGE,TOT,PC_NVA,A,2007,11.9593,
134,Czech Republic,CZE,CZ,BANKLEVERAGE,TOT,PC_NVA,A,2008,14.574760000000001,
135,Czech Republic,CZE,CZ,BANKLEVERAGE,TOT,PC_NVA,A,2009,12.21213,
136,Czech Republic,CZE,CZ,BANKLEVERAGE,TOT,PC_NVA,A,2010,11.535860000000001,
137,Czech Republic,CZE,CZ,BANKLEVERAGE,TOT,PC_NVA,A,2011,12.942639999999999,
138,Czech Republic,CZE,CZ,BANKLEVERAGE,TOT,PC_NVA,A,2012,11.54485,
139,Czech Republic,CZE,CZ,BANKLEVERAGE,TOT,PC_NVA,A,2013,11.50623,
140,Czech Republic,CZE,CZ,BANKLEVERAGE,TOT,PC_NVA,A,2014,11.17211,
141,Czech Republic,CZE,CZ,BANKLEVERAGE,TOT,PC_NVA,A,2015,11.709060000000001,
142,Czech Republic,CZE,CZ,BANKLEVERAGE,TOT,PC_NVA,A,2016,13.19019,
143,Czech Republic,CZE,CZ,BANKLEVERAGE,TOT,PC_NVA,A,2017,15.6906,
144,Czech Republic,CZE,CZ,BANKLEVERAGE,TOT,PC_NVA,A,2018,16.17819,
145,Czech Republic,CZE,CZ,BANKLEVERAGE,TOT,PC_NVA,A,2019,15.72749,
146,Denmark,DNK,DK,BANKLEVERAGE,TOT,PC_NVA,A,2003,13.99036,
147,Denmark,DNK,DK,BANKLEVERAGE,TOT,PC_NVA,A,2004,13.737429999999998,
148,Denmark,DNK,DK,BANKLEVERAGE,TOT,PC_NVA,A,2005,13.14149,
149,Denmark,DNK,DK,BANKLEVERAGE,TOT,PC_NVA,A,2006,12.615310000000001,
150,Denmark,DNK,DK,BANKLEVERAGE,TOT,PC_NVA,A,2007,16.95345,
151,Denmark,DNK,DK,BANKLEVERAGE,TOT,PC_NVA,A,2008,24.64784,
152,Denmark,DNK,DK,BANKLEVERAGE,TOT,PC_NVA,A,2009,18.560779999999998,
153,Denmark,DNK,DK,BANKLEVERAGE,TOT,PC_NVA,A,2010,16.781679999999998,
154,Denmark,DNK,DK,BANKLEVERAGE,TOT,PC_NVA,A,2011,19.07752,
155,Denmark,DNK,DK,BANKLEVERAGE,TOT,PC_NVA,A,2012,18.56404,
156,Denmark,DNK,DK,BANKLEVERAGE,TOT,PC_NVA,A,2013,16.88291,
157,Denmark,DNK,DK,BANKLEVERAGE,TOT,PC_NVA,A,2014,14.773179999999998,
158,Denmark,DNK,DK,BANKLEVERAGE,TOT,PC_NVA,A,2015,13.459079999999998,
159,Denmark,DNK,DK,BANKLEVERAGE,TOT,PC_NVA,A,2016,16.13164,
160,Denmark,DNK,DK,BANKLEVERAGE,TOT,PC_NVA,A,2017,16.4222,
161,Denmark,DNK,DK,BANKLEVERAGE,TOT,PC_NVA,A,2018,21.030079999999998,
162,Denmark,DNK,DK,BANKLEVERAGE,TOT,PC_NVA,A,2019,23.198829999999997,
163,Estonia,EST,EE,BANKLEVERAGE,TOT,PC_NVA,A,1995,7.163372,
164,Estonia,EST,EE,BANKLEVERAGE,TOT,PC_NVA,A,1996,3.756704,
165,Estonia,EST,EE,BANKLEVERAGE,TOT,PC_NVA,A,1997,3.5839239999999997,
166,Estonia,EST,EE,BANKLEVERAGE,TOT,PC_NVA,A,1998,6.305885,
167,Estonia,EST,EE,BANKLEVERAGE,TOT,PC_NVA,A,1999,4.875667,
168,Estonia,EST,EE,BANKLEVERAGE,TOT,PC_NVA,A,2000,4.524106,
169,Estonia,EST,EE,BANKLEVERAGE,TOT,PC_NVA,A,2001,4.504366,
170,Estonia,EST,EE,BANKLEVERAGE,TOT,PC_NVA,A,2002,3.794312,
171,Estonia,EST,EE,BANKLEVERAGE,TOT,PC_NVA,A,2003,3.6403559999999997,
172,Estonia,EST,EE,BANKLEVERAGE,TOT,PC_NVA,A,2004,2.876225,
173,Estonia,EST,EE,BANKLEVERAGE,TOT,PC_NVA,A,2005,3.9431279999999997,
174,Estonia,EST,EE,BANKLEVERAGE,TOT,PC_NVA,A,2006,8.955217,
175,Estonia,EST,EE,BANKLEVERAGE,TOT,PC_NVA,A,2007,9.047303999999999,
176,Estonia,EST,EE,BANKLEVERAGE,TOT,PC_NVA,A,2008,8.312982,
177,Estonia,EST,EE,BANKLEVERAGE,TOT,PC_NVA,A,2009,10.407210000000001,
178,Estonia,EST,EE,BANKLEVERAGE,TOT,PC_NVA,A,2010,9.2997,
179,Estonia,EST,EE,BANKLEVERAGE,TOT,PC_NVA,A,2011,9.136835000000001,
180,Estonia,EST,EE,BANKLEVERAGE,TOT,PC_NVA,A,2012,8.376211999999999,
181,Estonia,EST,EE,BANKLEVERAGE,TOT,PC_NVA,A,2013,6.889569,
182,Estonia,EST,EE,BANKLEVERAGE,TOT,PC_NVA,A,2014,7.313280000000001,
183,Estonia,EST,EE,BANKLEVERAGE,TOT,PC_NVA,A,2015,8.541145,
184,Estonia,EST,EE,BANKLEVERAGE,TOT,PC_NVA,A,2016,8.348469999999999,
185,Estonia,EST,EE,BANKLEVERAGE,TOT,PC_NVA,A,2017,7.920342,
186,Estonia,EST,EE,BANKLEVERAGE,TOT,PC_NVA,A,2018,8.032908,
187,Estonia,EST,EE,BANKLEVERAGE,TOT,PC_NVA,A,2019,6.7187399999999995,
188,Finland,FIN,FI,BANKLEVERAGE,TOT,PC_NVA,A,1995,30.1067,
189,Finland,FIN,FI,BANKLEVERAGE,TOT,PC_NVA,A,1996,32.80762,
190,Finland,FIN,FI,BANKLEVERAGE,TOT,PC_NVA,A,1997,19.67363,
191,Finland,FIN,FI,BANKLEVERAGE,TOT,PC_NVA,A,1998,15.231160000000001,
192,Finland,FIN,FI,BANKLEVERAGE,TOT,PC_NVA,A,1999,12.41227,
193,Finland,FIN,FI,BANKLEVERAGE,TOT,PC_NVA,A,2000,11.10292,
194,Finland,FIN,FI,BANKLEVERAGE,TOT,PC_NVA,A,2001,8.608005,
195,Finland,FIN,FI,BANKLEVERAGE,TOT,PC_NVA,A,2002,9.245713,
196,Finland,FIN,FI,BANKLEVERAGE,TOT,PC_NVA,A,2003,9.566262,
197,Finland,FIN,FI,BANKLEVERAGE,TOT,PC_NVA,A,2004,10.70523,
198,Finland,FIN,FI,BANKLEVERAGE,TOT,PC_NVA,A,2005,10.18626,
199,Finland,FIN,FI,BANKLEVERAGE,TOT,PC_NVA,A,2006,10.20447,
200,Finland,FIN,FI,BANKLEVERAGE,TOT,PC_NVA,A,2007,12.0551,
201,Finland,FIN,FI,BANKLEVERAGE,TOT,PC_NVA,A,2008,15.398470000000001,
202,Finland,FIN,FI,BANKLEVERAGE,TOT,PC_NVA,A,2009,14.572239999999999,
203,Finland,FIN,FI,BANKLEVERAGE,TOT,PC_NVA,A,2010,16.98368,
204,Finland,FIN,FI,BANKLEVERAGE,TOT,PC_NVA,A,2011,23.29131,
205,Finland,FIN,FI,BANKLEVERAGE,TOT,PC_NVA,A,2012,21.60458,
206,Finland,FIN,FI,BANKLEVERAGE,TOT,PC_NVA,A,2013,16.61532,
207,Finland,FIN,FI,BANKLEVERAGE,TOT,PC_NVA,A,2014,18.63871,
208,Finland,FIN,FI,BANKLEVERAGE,TOT,PC_NVA,A,2015,16.392870000000002,
209,Finland,FIN,FI,BANKLEVERAGE,TOT,PC_NVA,A,2016,15.179860000000001,
210,Finland,FIN,FI,BANKLEVERAGE,TOT,PC_NVA,A,2017,17.77818,
211,Finland,FIN,FI,BANKLEVERAGE,TOT,PC_NVA,A,2018,12.90369,
212,Finland,FIN,FI,BANKLEVERAGE,TOT,PC_NVA,A,2019,12.81291,
213,France,FRA,FR,BANKLEVERAGE,TOT,PC_NVA,A,1995,19.49,
214,France,FRA,FR,BANKLEVERAGE,TOT,PC_NVA,A,1996,19.82064,
215,France,FRA,FR,BANKLEVERAGE,TOT,PC_NVA,A,1997,15.3127,
216,France,FRA,FR,BANKLEVERAGE,TOT,PC_NVA,A,1998,18.017870000000002,
217,France,FRA,FR,BANKLEVERAGE,TOT,PC_NVA,A,1999,13.62333,
218,France,FRA,FR,BANKLEVERAGE,TOT,PC_NVA,A,2000,13.212539999999999,
219,France,FRA,FR,BANKLEVERAGE,TOT,PC_NVA,A,2001,13.45036,
220,France,FRA,FR,BANKLEVERAGE,TOT,PC_NVA,A,2002,14.32126,
221,France,FRA,FR,BANKLEVERAGE,TOT,PC_NVA,A,2003,13.77979,
222,France,FRA,FR,BANKLEVERAGE,TOT,PC_NVA,A,2004,12.86395,
223,France,FRA,FR,BANKLEVERAGE,TOT,PC_NVA,A,2005,12.64183,
224,France,FRA,FR,BANKLEVERAGE,TOT,PC_NVA,A,2006,11.925980000000001,
225,France,FRA,FR,BANKLEVERAGE,TOT,PC_NVA,A,2007,16.35229,
226,France,FRA,FR,BANKLEVERAGE,TOT,PC_NVA,A,2008,27.609029999999997,
227,France,FRA,FR,BANKLEVERAGE,TOT,PC_NVA,A,2009,18.73809,
228,France,FRA,FR,BANKLEVERAGE,TOT,PC_NVA,A,2010,19.10091,
229,France,FRA,FR,BANKLEVERAGE,TOT,PC_NVA,A,2011,25.78783,
230,France,FRA,FR,BANKLEVERAGE,TOT,PC_NVA,A,2012,21.7904,
231,France,FRA,FR,BANKLEVERAGE,TOT,PC_NVA,A,2013,19.02863,
232,France,FRA,FR,BANKLEVERAGE,TOT,PC_NVA,A,2014,20.57559,
233,France,FRA,FR,BANKLEVERAGE,TOT,PC_NVA,A,2015,19.13664,
234,France,FRA,FR,BANKLEVERAGE,TOT,PC_NVA,A,2016,17.30323,
235,France,FRA,FR,BANKLEVERAGE,TOT,PC_NVA,A,2017,17.6503,
236,France,FRA,FR,BANKLEVERAGE,TOT,PC_NVA,A,2018,21.8062,
237,France,FRA,FR,BANKLEVERAGE,TOT,PC_NVA,A,2019,19.405920000000002,
238,Germany,DEU,DE,BANKLEVERAGE,TOT,PC_NVA,A,1995,22.03876,
239,Germany,DEU,DE,BANKLEVERAGE,TOT,PC_NVA,A,1996,21.62375,
240,Germany,DEU,DE,BANKLEVERAGE,TOT,PC_NVA,A,1997,16.54944,
241,Germany,DEU,DE,BANKLEVERAGE,TOT,PC_NVA,A,1998,18.203039999999998,
242,Germany,DEU,DE,BANKLEVERAGE,TOT,PC_NVA,A,1999,16.70196,
243,Germany,DEU,DE,BANKLEVERAGE,TOT,PC_NVA,A,2000,17.4343,
244,Germany,DEU,DE,BANKLEVERAGE,TOT,PC_NVA,A,2001,18.90212,
245,Germany,DEU,DE,BANKLEVERAGE,TOT,PC_NVA,A,2002,25.32381,
246,Germany,DEU,DE,BANKLEVERAGE,TOT,PC_NVA,A,2003,22.16135,
247,Germany,DEU,DE,BANKLEVERAGE,TOT,PC_NVA,A,2004,22.60913,
248,Germany,DEU,DE,BANKLEVERAGE,TOT,PC_NVA,A,2005,19.462020000000003,
249,Germany,DEU,DE,BANKLEVERAGE,TOT,PC_NVA,A,2006,17.43242,
250,Germany,DEU,DE,BANKLEVERAGE,TOT,PC_NVA,A,2007,17.71807,
251,Germany,DEU,DE,BANKLEVERAGE,TOT,PC_NVA,A,2008,30.68223,
252,Germany,DEU,DE,BANKLEVERAGE,TOT,PC_NVA,A,2009,23.31674,
253,Germany,DEU,DE,BANKLEVERAGE,TOT,PC_NVA,A,2010,20.94689,
254,Germany,DEU,DE,BANKLEVERAGE,TOT,PC_NVA,A,2011,22.10952,
255,Germany,DEU,DE,BANKLEVERAGE,TOT,PC_NVA,A,2012,20.09664,
256,Germany,DEU,DE,BANKLEVERAGE,TOT,PC_NVA,A,2013,19.26584,
257,Germany,DEU,DE,BANKLEVERAGE,TOT,PC_NVA,A,2014,19.18877,
258,Germany,DEU,DE,BANKLEVERAGE,TOT,PC_NVA,A,2015,19.80892,
259,Germany,DEU,DE,BANKLEVERAGE,TOT,PC_NVA,A,2016,20.665210000000002,
260,Germany,DEU,DE,BANKLEVERAGE,TOT,PC_NVA,A,2017,20.12905,
261,Germany,DEU,DE,BANKLEVERAGE,TOT,PC_NVA,A,2018,21.6521,
262,Germany,DEU,DE,BANKLEVERAGE,TOT,PC_NVA,A,2019,20.569760000000002,
263,Greece,GRC,GR,BANKLEVERAGE,TOT,PC_NVA,A,1995,27.56914,
264,Greece,GRC,GR,BANKLEVERAGE,TOT,PC_NVA,A,1996,27.16677,
265,Greece,GRC,GR,BANKLEVERAGE,TOT,PC_NVA,A,1997,15.0132,
266,Greece,GRC,GR,BANKLEVERAGE,TOT,PC_NVA,A,1998,7.939336,
267,Greece,GRC,GR,BANKLEVERAGE,TOT,PC_NVA,A,1999,4.276968,
268,Greece,GRC,GR,BANKLEVERAGE,TOT,PC_NVA,A,2000,6.059965,
269,Greece,GRC,GR,BANKLEVERAGE,TOT,PC_NVA,A,2001,7.911980000000001,
270,Greece,GRC,GR,BANKLEVERAGE,TOT,PC_NVA,A,2002,10.41676,
271,Greece,GRC,GR,BANKLEVERAGE,TOT,PC_NVA,A,2003,8.142699,
272,Greece,GRC,GR,BANKLEVERAGE,TOT,PC_NVA,A,2004,6.739205999999999,
273,Greece,GRC,GR,BANKLEVERAGE,TOT,PC_NVA,A,2005,5.492991,
274,Greece,GRC,GR,BANKLEVERAGE,TOT,PC_NVA,A,2006,4.824147,
275,Greece,GRC,GR,BANKLEVERAGE,TOT,PC_NVA,A,2007,4.579940000000001,
276,Greece,GRC,GR,BANKLEVERAGE,TOT,PC_NVA,A,2008,19.51695,
277,Greece,GRC,GR,BANKLEVERAGE,TOT,PC_NVA,A,2009,14.192129999999999,
278,Greece,GRC,GR,BANKLEVERAGE,TOT,PC_NVA,A,2010,28.340090000000004,
279,Greece,GRC,GR,BANKLEVERAGE,TOT,PC_NVA,A,2011,65.57082,
280,Greece,GRC,GR,BANKLEVERAGE,TOT,PC_NVA,A,2012,13.22427,
281,Greece,GRC,GR,BANKLEVERAGE,TOT,PC_NVA,A,2013,12.93859,
282,Greece,GRC,GR,BANKLEVERAGE,TOT,PC_NVA,A,2014,16.25244,
283,Greece,GRC,GR,BANKLEVERAGE,TOT,PC_NVA,A,2015,17.67302,
284,Greece,GRC,GR,BANKLEVERAGE,TOT,PC_NVA,A,2016,19.649829999999998,
285,Greece,GRC,GR,BANKLEVERAGE,TOT,PC_NVA,A,2017,16.66368,
286,Greece,GRC,GR,BANKLEVERAGE,TOT,PC_NVA,A,2018,20.727510000000002,
287,Greece,GRC,GR,BANKLEVERAGE,TOT,PC_NVA,A,2019,15.316070000000002,
288,Hungary,HUN,HU,BANKLEVERAGE,TOT,PC_NVA,A,1995,23.43635,
289,Hungary,HUN,HU,BANKLEVERAGE,TOT,PC_NVA,A,1996,18.58897,
290,Hungary,HUN,HU,BANKLEVERAGE,TOT,PC_NVA,A,1997,13.605479999999998,
291,Hungary,HUN,HU,BANKLEVERAGE,TOT,PC_NVA,A,1998,13.12365,
292,Hungary,HUN,HU,BANKLEVERAGE,TOT,PC_NVA,A,1999,13.86188,
293,Hungary,HUN,HU,BANKLEVERAGE,TOT,PC_NVA,A,2000,13.37115,
294,Hungary,HUN,HU,BANKLEVERAGE,TOT,PC_NVA,A,2001,13.03477,
295,Hungary,HUN,HU,BANKLEVERAGE,TOT,PC_NVA,A,2002,10.62224,
296,Hungary,HUN,HU,BANKLEVERAGE,TOT,PC_NVA,A,2003,8.987096000000001,
297,Hungary,HUN,HU,BANKLEVERAGE,TOT,PC_NVA,A,2004,7.4775350000000005,
298,Hungary,HUN,HU,BANKLEVERAGE,TOT,PC_NVA,A,2005,7.300211999999999,
299,Hungary,HUN,HU,BANKLEVERAGE,TOT,PC_NVA,A,2006,6.995452,
300,Hungary,HUN,HU,BANKLEVERAGE,TOT,PC_NVA,A,2007,8.013472,
301,Hungary,HUN,HU,BANKLEVERAGE,TOT,PC_NVA,A,2008,14.607389999999999,
302,Hungary,HUN,HU,BANKLEVERAGE,TOT,PC_NVA,A,2009,11.6954,
303,Hungary,HUN,HU,BANKLEVERAGE,TOT,PC_NVA,A,2010,12.552589999999999,
304,Hungary,HUN,HU,BANKLEVERAGE,TOT,PC_NVA,A,2011,12.93699,
305,Hungary,HUN,HU,BANKLEVERAGE,TOT,PC_NVA,A,2012,13.180079999999998,
306,Hungary,HUN,HU,BANKLEVERAGE,TOT,PC_NVA,A,2013,13.425629999999998,
307,Hungary,HUN,HU,BANKLEVERAGE,TOT,PC_NVA,A,2014,14.03234,
308,Hungary,HUN,HU,BANKLEVERAGE,TOT,PC_NVA,A,2015,11.26034,
309,Hungary,HUN,HU,BANKLEVERAGE,TOT,PC_NVA,A,2016,8.579253,
310,Hungary,HUN,HU,BANKLEVERAGE,TOT,PC_NVA,A,2017,7.6562410000000005,
311,Hungary,HUN,HU,BANKLEVERAGE,TOT,PC_NVA,A,2018,7.873489999999999,
312,Hungary,HUN,HU,BANKLEVERAGE,TOT,PC_NVA,A,2019,6.897528,
313,Ireland,IRL,IE,BANKLEVERAGE,TOT,PC_NVA,A,2001,10.88974,
314,Ireland,IRL,IE,BANKLEVERAGE,TOT,PC_NVA,A,2002,12.64428,
315,Ireland,IRL,IE,BANKLEVERAGE,TOT,PC_NVA,A,2003,12.79112,
316,Ireland,IRL,IE,BANKLEVERAGE,TOT,PC_NVA,A,2004,13.3299,
317,Ireland,IRL,IE,BANKLEVERAGE,TOT,PC_NVA,A,2005,14.726410000000001,
318,Ireland,IRL,IE,BANKLEVERAGE,TOT,PC_NVA,A,2006,15.44636,
319,Ireland,IRL,IE,BANKLEVERAGE,TOT,PC_NVA,A,2007,18.83742,
320,Ireland,IRL,IE,BANKLEVERAGE,TOT,PC_NVA,A,2008,28.12047,
321,Ireland,IRL,IE,BANKLEVERAGE,TOT,PC_NVA,A,2009,19.98159,
322,Ireland,IRL,IE,BANKLEVERAGE,TOT,PC_NVA,A,2010,18.5748,
323,Ireland,IRL,IE,BANKLEVERAGE,TOT,PC_NVA,A,2011,13.05689,
324,Ireland,IRL,IE,BANKLEVERAGE,TOT,PC_NVA,A,2012,11.14447,
325,Ireland,IRL,IE,BANKLEVERAGE,TOT,PC_NVA,A,2013,8.587742,
326,Ireland,IRL,IE,BANKLEVERAGE,TOT,PC_NVA,A,2014,9.087705,
327,Ireland,IRL,IE,BANKLEVERAGE,TOT,PC_NVA,A,2015,11.345080000000001,
328,Ireland,IRL,IE,BANKLEVERAGE,TOT,PC_NVA,A,2016,11.06593,
329,Ireland,IRL,IE,BANKLEVERAGE,TOT,PC_NVA,A,2017,11.23059,
330,Ireland,IRL,IE,BANKLEVERAGE,TOT,PC_NVA,A,2018,10.987860000000001,
331,Ireland,IRL,IE,BANKLEVERAGE,TOT,PC_NVA,A,2019,13.194529999999999,
332,Israel,ISR,IL,BANKLEVERAGE,TOT,PC_NVA,A,2001,22.77579,
333,Israel,ISR,IL,BANKLEVERAGE,TOT,PC_NVA,A,2002,37.18571,
334,Israel,ISR,IL,BANKLEVERAGE,TOT,PC_NVA,A,2003,22.91534,
335,Israel,ISR,IL,BANKLEVERAGE,TOT,PC_NVA,A,2004,17.71966,
336,Israel,ISR,IL,BANKLEVERAGE,TOT,PC_NVA,A,2005,12.12265,
337,Israel,ISR,IL,BANKLEVERAGE,TOT,PC_NVA,A,2006,12.654810000000001,
338,Israel,ISR,IL,BANKLEVERAGE,TOT,PC_NVA,A,2007,12.54648,
339,Israel,ISR,IL,BANKLEVERAGE,TOT,PC_NVA,A,2008,29.48722,
340,Israel,ISR,IL,BANKLEVERAGE,TOT,PC_NVA,A,2009,15.376479999999999,
341,Israel,ISR,IL,BANKLEVERAGE,TOT,PC_NVA,A,2010,15.49965,
342,Israel,ISR,IL,BANKLEVERAGE,TOT,PC_NVA,A,2011,25.382720000000003,
343,Israel,ISR,IL,BANKLEVERAGE,TOT,PC_NVA,A,2012,20.63374,
344,Israel,ISR,IL,BANKLEVERAGE,TOT,PC_NVA,A,2013,18.4097,
345,Israel,ISR,IL,BANKLEVERAGE,TOT,PC_NVA,A,2014,21.25252,
346,Israel,ISR,IL,BANKLEVERAGE,TOT,PC_NVA,A,2015,20.2976,
347,Israel,ISR,IL,BANKLEVERAGE,TOT,PC_NVA,A,2016,17.34157,
348,Israel,ISR,IL,BANKLEVERAGE,TOT,PC_NVA,A,2017,14.632639999999999,
349,Israel,ISR,IL,BANKLEVERAGE,TOT,PC_NVA,A,2018,14.73303,
350,Italy,ITA,IT,BANKLEVERAGE,TOT,PC_NVA,A,1995,14.48257,
351,Italy,ITA,IT,BANKLEVERAGE,TOT,PC_NVA,A,1996,14.519070000000001,
352,Italy,ITA,IT,BANKLEVERAGE,TOT,PC_NVA,A,1997,8.391342999999999,
353,Italy,ITA,IT,BANKLEVERAGE,TOT,PC_NVA,A,1998,5.270127,
354,Italy,ITA,IT,BANKLEVERAGE,TOT,PC_NVA,A,1999,4.614649,
355,Italy,ITA,IT,BANKLEVERAGE,TOT,PC_NVA,A,2000,4.045675,
356,Italy,ITA,IT,BANKLEVERAGE,TOT,PC_NVA,A,2001,6.42954,
357,Italy,ITA,IT,BANKLEVERAGE,TOT,PC_NVA,A,2002,7.980751,
358,Italy,ITA,IT,BANKLEVERAGE,TOT,PC_NVA,A,2003,6.623271000000001,
359,Italy,ITA,IT,BANKLEVERAGE,TOT,PC_NVA,A,2004,6.316247,
360,Italy,ITA,IT,BANKLEVERAGE,TOT,PC_NVA,A,2005,5.0827919999999995,
361,Italy,ITA,IT,BANKLEVERAGE,TOT,PC_NVA,A,2006,4.556515,
362,Italy,ITA,IT,BANKLEVERAGE,TOT,PC_NVA,A,2007,6.952907000000001,
363,Italy,ITA,IT,BANKLEVERAGE,TOT,PC_NVA,A,2008,23.76985,
364,Italy,ITA,IT,BANKLEVERAGE,TOT,PC_NVA,A,2009,17.91294,
365,Italy,ITA,IT,BANKLEVERAGE,TOT,PC_NVA,A,2010,26.04081,
366,Italy,ITA,IT,BANKLEVERAGE,TOT,PC_NVA,A,2011,45.82564,
367,Italy,ITA,IT,BANKLEVERAGE,TOT,PC_NVA,A,2012,38.93435,
368,Italy,ITA,IT,BANKLEVERAGE,TOT,PC_NVA,A,2013,25.85579,
369,Italy,ITA,IT,BANKLEVERAGE,TOT,PC_NVA,A,2014,20.875629999999997,
370,Italy,ITA,IT,BANKLEVERAGE,TOT,PC_NVA,A,2015,16.27579,
371,Italy,ITA,IT,BANKLEVERAGE,TOT,PC_NVA,A,2016,24.25768,
372,Italy,ITA,IT,BANKLEVERAGE,TOT,PC_NVA,A,2017,19.49401,
373,Italy,ITA,IT,BANKLEVERAGE,TOT,PC_NVA,A,2018,28.04086,
374,Italy,ITA,IT,BANKLEVERAGE,TOT,PC_NVA,A,2019,22.68729,
375,Japan,JPN,JP,BANKLEVERAGE,TOT,PC_NVA,A,1995,18.09827,
376,Japan,JPN,JP,BANKLEVERAGE,TOT,PC_NVA,A,1996,23.68605,
377,Japan,JPN,JP,BANKLEVERAGE,TOT,PC_NVA,A,1997,28.57331,
378,Japan,JPN,JP,BANKLEVERAGE,TOT,PC_NVA,A,1998,26.93645,
379,Japan,JPN,JP,BANKLEVERAGE,TOT,PC_NVA,A,1999,27.9021,
380,Japan,JPN,JP,BANKLEVERAGE,TOT,PC_NVA,A,2000,48.27284,
381,Japan,JPN,JP,BANKLEVERAGE,TOT,PC_NVA,A,2001,50.87274,
382,Japan,JPN,JP,BANKLEVERAGE,TOT,PC_NVA,A,2002,56.784180000000006,
383,Japan,JPN,JP,BANKLEVERAGE,TOT,PC_NVA,A,2003,35.2559,
384,Japan,JPN,JP,BANKLEVERAGE,TOT,PC_NVA,A,2004,31.346559999999997,
385,Japan,JPN,JP,BANKLEVERAGE,TOT,PC_NVA,A,2005,19.9737,
386,Japan,JPN,JP,BANKLEVERAGE,TOT,PC_NVA,A,2006,22.120620000000002,
387,Japan,JPN,JP,BANKLEVERAGE,TOT,PC_NVA,A,2007,32.98808,
388,Japan,JPN,JP,BANKLEVERAGE,TOT,PC_NVA,A,2008,46.733340000000005,
389,Japan,JPN,JP,BANKLEVERAGE,TOT,PC_NVA,A,2009,40.9133,
390,Japan,JPN,JP,BANKLEVERAGE,TOT,PC_NVA,A,2010,48.16638,
391,Japan,JPN,JP,BANKLEVERAGE,TOT,PC_NVA,A,2011,47.87614,
392,Japan,JPN,JP,BANKLEVERAGE,TOT,PC_NVA,A,2012,39.826440000000005,
393,Japan,JPN,JP,BANKLEVERAGE,TOT,PC_NVA,A,2013,40.87934,
394,Japan,JPN,JP,BANKLEVERAGE,TOT,PC_NVA,A,2014,38.1865,
395,Japan,JPN,JP,BANKLEVERAGE,TOT,PC_NVA,A,2015,51.50015,
396,Japan,JPN,JP,BANKLEVERAGE,TOT,PC_NVA,A,2016,47.36444,
397,Japan,JPN,JP,BANKLEVERAGE,TOT,PC_NVA,A,2017,49.07268,
398,Japan,JPN,JP,BANKLEVERAGE,TOT,PC_NVA,A,2018,58.33185,
399,Latvia,LVA,LV,BANKLEVERAGE,TOT,PC_NVA,A,1995,9.672317,
400,Latvia,LVA,LV,BANKLEVERAGE,TOT,PC_NVA,A,1996,7.668964999999999,
401,Latvia,LVA,LV,BANKLEVERAGE,TOT,PC_NVA,A,1997,8.169312,
402,Latvia,LVA,LV,BANKLEVERAGE,TOT,PC_NVA,A,1998,9.275362,
403,Latvia,LVA,LV,BANKLEVERAGE,TOT,PC_NVA,A,1999,10.80702,
404,Latvia,LVA,LV,BANKLEVERAGE,TOT,PC_NVA,A,2000,11.83455,
405,Latvia,LVA,LV,BANKLEVERAGE,TOT,PC_NVA,A,2001,10.90826,
406,Latvia,LVA,LV,BANKLEVERAGE,TOT,PC_NVA,A,2002,10.46252,
407,Latvia,LVA,LV,BANKLEVERAGE,TOT,PC_NVA,A,2003,12.1579,
408,Latvia,LVA,LV,BANKLEVERAGE,TOT,PC_NVA,A,2004,12.32035,
409,Latvia,LVA,LV,BANKLEVERAGE,TOT,PC_NVA,A,2005,13.333839999999999,
410,Latvia,LVA,LV,BANKLEVERAGE,TOT,PC_NVA,A,2006,13.900970000000001,
411,Latvia,LVA,LV,BANKLEVERAGE,TOT,PC_NVA,A,2007,12.72006,
412,Latvia,LVA,LV,BANKLEVERAGE,TOT,PC_NVA,A,2008,13.174129999999998,
413,Latvia,LVA,LV,BANKLEVERAGE,TOT,PC_NVA,A,2009,13.15107,
414,Latvia,LVA,LV,BANKLEVERAGE,TOT,PC_NVA,A,2010,13.532860000000001,
415,Latvia,LVA,LV,BANKLEVERAGE,TOT,PC_NVA,A,2011,11.24324,
416,Latvia,LVA,LV,BANKLEVERAGE,TOT,PC_NVA,A,2012,10.63365,
417,Latvia,LVA,LV,BANKLEVERAGE,TOT,PC_NVA,A,2013,10.53386,
418,Latvia,LVA,LV,BANKLEVERAGE,TOT,PC_NVA,A,2014,10.69256,
419,Latvia,LVA,LV,BANKLEVERAGE,TOT,PC_NVA,A,2015,11.23146,
420,Latvia,LVA,LV,BANKLEVERAGE,TOT,PC_NVA,A,2016,12.58955,
421,Latvia,LVA,LV,BANKLEVERAGE,TOT,PC_NVA,A,2017,12.574160000000001,
422,Latvia,LVA,LV,BANKLEVERAGE,TOT,PC_NVA,A,2018,12.2949,
423,Latvia,LVA,LV,BANKLEVERAGE,TOT,PC_NVA,A,2019,12.06749,
424,Lithuania,LTU,LT,BANKLEVERAGE,TOT,PC_NVA,A,1995,6.921255,
425,Lithuania,LTU,LT,BANKLEVERAGE,TOT,PC_NVA,A,1996,5.568892,
426,Lithuania,LTU,LT,BANKLEVERAGE,TOT,PC_NVA,A,1997,6.956583999999999,
427,Lithuania,LTU,LT,BANKLEVERAGE,TOT,PC_NVA,A,1998,6.935338000000001,
428,Lithuania,LTU,LT,BANKLEVERAGE,TOT,PC_NVA,A,1999,6.889778,
429,Lithuania,LTU,LT,BANKLEVERAGE,TOT,PC_NVA,A,2000,7.00528,
430,Lithuania,LTU,LT,BANKLEVERAGE,TOT,PC_NVA,A,2001,8.207341,
431,Lithuania,LTU,LT,BANKLEVERAGE,TOT,PC_NVA,A,2002,8.467585,
432,Lithuania,LTU,LT,BANKLEVERAGE,TOT,PC_NVA,A,2003,11.02962,
433,Lithuania,LTU,LT,BANKLEVERAGE,TOT,PC_NVA,A,2004,10.786389999999999,
434,Lithuania,LTU,LT,BANKLEVERAGE,TOT,PC_NVA,A,2005,9.086656,
435,Lithuania,LTU,LT,BANKLEVERAGE,TOT,PC_NVA,A,2006,10.15503,
436,Lithuania,LTU,LT,BANKLEVERAGE,TOT,PC_NVA,A,2007,10.76493,
437,Lithuania,LTU,LT,BANKLEVERAGE,TOT,PC_NVA,A,2008,13.266060000000001,
438,Lithuania,LTU,LT,BANKLEVERAGE,TOT,PC_NVA,A,2009,9.88442,
439,Lithuania,LTU,LT,BANKLEVERAGE,TOT,PC_NVA,A,2010,8.186879,
440,Lithuania,LTU,LT,BANKLEVERAGE,TOT,PC_NVA,A,2011,8.489175999999999,
441,Lithuania,LTU,LT,BANKLEVERAGE,TOT,PC_NVA,A,2012,8.726563,
442,Lithuania,LTU,LT,BANKLEVERAGE,TOT,PC_NVA,A,2013,8.54875,
443,Lithuania,LTU,LT,BANKLEVERAGE,TOT,PC_NVA,A,2014,9.158569,
444,Lithuania,LTU,LT,BANKLEVERAGE,TOT,PC_NVA,A,2015,9.77742,
445,Lithuania,LTU,LT,BANKLEVERAGE,TOT,PC_NVA,A,2016,12.2764,
446,Lithuania,LTU,LT,BANKLEVERAGE,TOT,PC_NVA,A,2017,12.5456,
447,Lithuania,LTU,LT,BANKLEVERAGE,TOT,PC_NVA,A,2018,12.968910000000001,
448,Lithuania,LTU,LT,BANKLEVERAGE,TOT,PC_NVA,A,2019,11.85861,
449,Luxembourg,LUX,LU,BANKLEVERAGE,TOT,PC_NVA,A,1995,21.72713,
450,Luxembourg,LUX,LU,BANKLEVERAGE,TOT,PC_NVA,A,1996,22.08684,
451,Luxembourg,LUX,LU,BANKLEVERAGE,TOT,PC_NVA,A,1997,22.84449,
452,Luxembourg,LUX,LU,BANKLEVERAGE,TOT,PC_NVA,A,1998,21.81793,
453,Luxembourg,LUX,LU,BANKLEVERAGE,TOT,PC_NVA,A,1999,25.29324,
454,Luxembourg,LUX,LU,BANKLEVERAGE,TOT,PC_NVA,A,2000,24.775479999999998,
455,Luxembourg,LUX,LU,BANKLEVERAGE,TOT,PC_NVA,A,2001,26.24332,
456,Luxembourg,LUX,LU,BANKLEVERAGE,TOT,PC_NVA,A,2002,23.12784,
457,Luxembourg,LUX,LU,BANKLEVERAGE,TOT,PC_NVA,A,2003,22.989829999999998,
458,Luxembourg,LUX,LU,BANKLEVERAGE,TOT,PC_NVA,A,2004,26.8851,
459,Luxembourg,LUX,LU,BANKLEVERAGE,TOT,PC_NVA,A,2005,28.70457,
460,Luxembourg,LUX,LU,BANKLEVERAGE,TOT,PC_NVA,A,2006,27.72247,
461,Luxembourg,LUX,LU,BANKLEVERAGE,TOT,PC_NVA,A,2007,29.39525,
462,Luxembourg,LUX,LU,BANKLEVERAGE,TOT,PC_NVA,A,2008,34.168929999999996,
463,Luxembourg,LUX,LU,BANKLEVERAGE,TOT,PC_NVA,A,2009,25.519070000000003,
464,Luxembourg,LUX,LU,BANKLEVERAGE,TOT,PC_NVA,A,2010,24.54897,
465,Luxembourg,LUX,LU,BANKLEVERAGE,TOT,PC_NVA,A,2011,26.5074,
466,Luxembourg,LUX,LU,BANKLEVERAGE,TOT,PC_NVA,A,2012,22.06185,
467,Luxembourg,LUX,LU,BANKLEVERAGE,TOT,PC_NVA,A,2013,19.91531,
468,Luxembourg,LUX,LU,BANKLEVERAGE,TOT,PC_NVA,A,2014,18.87895,
469,Luxembourg,LUX,LU,BANKLEVERAGE,TOT,PC_NVA,A,2015,20.68846,
470,Luxembourg,LUX,LU,BANKLEVERAGE,TOT,PC_NVA,A,2016,20.9535,
471,Luxembourg,LUX,LU,BANKLEVERAGE,TOT,PC_NVA,A,2017,21.12536,
472,Luxembourg,LUX,LU,BANKLEVERAGE,TOT,PC_NVA,A,2018,23.414920000000002,
473,Luxembourg,LUX,LU,BANKLEVERAGE,TOT,PC_NVA,A,2019,22.74963,
474,Netherlands,NLD,NL,BANKLEVERAGE,TOT,PC_NVA,A,1995,13.6801,
475,Netherlands,NLD,NL,BANKLEVERAGE,TOT,PC_NVA,A,1996,12.295639999999999,
476,Netherlands,NLD,NL,BANKLEVERAGE,TOT,PC_NVA,A,1997,11.72423,
477,Netherlands,NLD,NL,BANKLEVERAGE,TOT,PC_NVA,A,1998,13.73848,
478,Netherlands,NLD,NL,BANKLEVERAGE,TOT,PC_NVA,A,1999,12.70182,
479,Netherlands,NLD,NL,BANKLEVERAGE,TOT,PC_NVA,A,2000,12.53557,
480,Netherlands,NLD,NL,BANKLEVERAGE,TOT,PC_NVA,A,2001,15.59787,
481,Netherlands,NLD,NL,BANKLEVERAGE,TOT,PC_NVA,A,2002,17.499579999999998,
482,Netherlands,NLD,NL,BANKLEVERAGE,TOT,PC_NVA,A,2003,17.537229999999997,
483,Netherlands,NLD,NL,BANKLEVERAGE,TOT,PC_NVA,A,2004,17.47007,
484,Netherlands,NLD,NL,BANKLEVERAGE,TOT,PC_NVA,A,2005,16.96227,
485,Netherlands,NLD,NL,BANKLEVERAGE,TOT,PC_NVA,A,2006,17.3548,
486,Netherlands,NLD,NL,BANKLEVERAGE,TOT,PC_NVA,A,2007,15.135520000000001,
487,Netherlands,NLD,NL,BANKLEVERAGE,TOT,PC_NVA,A,2008,25.67667,
488,Netherlands,NLD,NL,BANKLEVERAGE,TOT,PC_NVA,A,2009,21.74448,
489,Netherlands,NLD,NL,BANKLEVERAGE,TOT,PC_NVA,A,2010,21.81707,
490,Netherlands,NLD,NL,BANKLEVERAGE,TOT,PC_NVA,A,2011,23.38992,
491,Netherlands,NLD,NL,BANKLEVERAGE,TOT,PC_NVA,A,2012,22.4887,
492,Netherlands,NLD,NL,BANKLEVERAGE,TOT,PC_NVA,A,2013,21.338420000000003,
493,Netherlands,NLD,NL,BANKLEVERAGE,TOT,PC_NVA,A,2014,18.51998,
494,Netherlands,NLD,NL,BANKLEVERAGE,TOT,PC_NVA,A,2015,18.878729999999997,
495,Netherlands,NLD,NL,BANKLEVERAGE,TOT,PC_NVA,A,2016,19.251720000000002,
496,Netherlands,NLD,NL,BANKLEVERAGE,TOT,PC_NVA,A,2017,17.7393,
497,Netherlands,NLD,NL,BANKLEVERAGE,TOT,PC_NVA,A,2018,15.880379999999999,
498,Netherlands,NLD,NL,BANKLEVERAGE,TOT,PC_NVA,A,2019,14.57395,
499,Norway,NOR,NO,BANKLEVERAGE,TOT,PC_NVA,A,1995,14.68234,
500,Norway,NOR,NO,BANKLEVERAGE,TOT,PC_NVA,A,1996,14.46372,
501,Norway,NOR,NO,BANKLEVERAGE,TOT,PC_NVA,A,1997,11.72711,
502,Norway,NOR,NO,BANKLEVERAGE,TOT,PC_NVA,A,1998,11.16257,
503,Norway,NOR,NO,BANKLEVERAGE,TOT,PC_NVA,A,1999,11.94712,
504,Norway,NOR,NO,BANKLEVERAGE,TOT,PC_NVA,A,2000,14.83024,
505,Norway,NOR,NO,BANKLEVERAGE,TOT,PC_NVA,A,2001,17.10073,
506,Norway,NOR,NO,BANKLEVERAGE,TOT,PC_NVA,A,2002,19.68141,
507,Norway,NOR,NO,BANKLEVERAGE,TOT,PC_NVA,A,2003,19.555999999999997,
508,Norway,NOR,NO,BANKLEVERAGE,TOT,PC_NVA,A,2004,18.06895,
509,Norway,NOR,NO,BANKLEVERAGE,TOT,PC_NVA,A,2005,17.80273,
510,Norway,NOR,NO,BANKLEVERAGE,TOT,PC_NVA,A,2006,20.34016,
511,Norway,NOR,NO,BANKLEVERAGE,TOT,PC_NVA,A,2007,25.59352,
512,Norway,NOR,NO,BANKLEVERAGE,TOT,PC_NVA,A,2008,32.79197,
513,Norway,NOR,NO,BANKLEVERAGE,TOT,PC_NVA,A,2009,28.40063,
514,Norway,NOR,NO,BANKLEVERAGE,TOT,PC_NVA,A,2010,25.180020000000003,
515,Norway,NOR,NO,BANKLEVERAGE,TOT,PC_NVA,A,2011,25.38322,
516,Norway,NOR,NO,BANKLEVERAGE,TOT,PC_NVA,A,2012,18.63484,
517,Norway,NOR,NO,BANKLEVERAGE,TOT,PC_NVA,A,2013,15.044260000000001,
518,Norway,NOR,NO,BANKLEVERAGE,TOT,PC_NVA,A,2014,13.62243,
519,Norway,NOR,NO,BANKLEVERAGE,TOT,PC_NVA,A,2015,11.61753,
520,Norway,NOR,NO,BANKLEVERAGE,TOT,PC_NVA,A,2016,11.50342,
521,Norway,NOR,NO,BANKLEVERAGE,TOT,PC_NVA,A,2017,11.972710000000001,
522,Norway,NOR,NO,BANKLEVERAGE,TOT,PC_NVA,A,2018,11.81147,
523,Norway,NOR,NO,BANKLEVERAGE,TOT,PC_NVA,A,2019,11.57678,
524,Poland,POL,PL,BANKLEVERAGE,TOT,PC_NVA,A,1995,17.64425,
525,Poland,POL,PL,BANKLEVERAGE,TOT,PC_NVA,A,1996,18.70983,
526,Poland,POL,PL,BANKLEVERAGE,TOT,PC_NVA,A,1997,28.03653,
527,Poland,POL,PL,BANKLEVERAGE,TOT,PC_NVA,A,1998,13.659220000000001,
528,Poland,POL,PL,BANKLEVERAGE,TOT,PC_NVA,A,1999,9.224639999999999,
529,Poland,POL,PL,BANKLEVERAGE,TOT,PC_NVA,A,2000,10.457880000000001,
530,Poland,POL,PL,BANKLEVERAGE,TOT,PC_NVA,A,2001,10.07798,
531,Poland,POL,PL,BANKLEVERAGE,TOT,PC_NVA,A,2002,9.491434,
532,Poland,POL,PL,BANKLEVERAGE,TOT,PC_NVA,A,2003,5.828745,
533,Poland,POL,PL,BANKLEVERAGE,TOT,PC_NVA,A,2004,5.187656,
534,Poland,POL,PL,BANKLEVERAGE,TOT,PC_NVA,A,2005,4.786561,
535,Poland,POL,PL,BANKLEVERAGE,TOT,PC_NVA,A,2006,4.089638,
536,Poland,POL,PL,BANKLEVERAGE,TOT,PC_NVA,A,2007,4.4376739999999995,
537,Poland,POL,PL,BANKLEVERAGE,TOT,PC_NVA,A,2008,7.734353,
538,Poland,POL,PL,BANKLEVERAGE,TOT,PC_NVA,A,2009,6.3041160000000005,
539,Poland,POL,PL,BANKLEVERAGE,TOT,PC_NVA,A,2010,6.090954,
540,Poland,POL,PL,BANKLEVERAGE,TOT,PC_NVA,A,2011,6.775065,
541,Poland,POL,PL,BANKLEVERAGE,TOT,PC_NVA,A,2012,6.674005999999999,
542,Poland,POL,PL,BANKLEVERAGE,TOT,PC_NVA,A,2013,6.428706,
543,Poland,POL,PL,BANKLEVERAGE,TOT,PC_NVA,A,2014,6.4404959999999996,
544,Poland,POL,PL,BANKLEVERAGE,TOT,PC_NVA,A,2015,7.844053999999999,
545,Poland,POL,PL,BANKLEVERAGE,TOT,PC_NVA,A,2016,8.077592999999998,
546,Poland,POL,PL,BANKLEVERAGE,TOT,PC_NVA,A,2017,8.213526,
547,Poland,POL,PL,BANKLEVERAGE,TOT,PC_NVA,A,2018,9.322095,
548,Poland,POL,PL,BANKLEVERAGE,TOT,PC_NVA,A,2019,10.45969,
549,Portugal,PRT,PT,BANKLEVERAGE,TOT,PC_NVA,A,1995,12.07748,
550,Portugal,PRT,PT,BANKLEVERAGE,TOT,PC_NVA,A,1996,11.99774,
551,Portugal,PRT,PT,BANKLEVERAGE,TOT,PC_NVA,A,1997,10.96285,
552,Portugal,PRT,PT,BANKLEVERAGE,TOT,PC_NVA,A,1998,9.350161,
553,Portugal,PRT,PT,BANKLEVERAGE,TOT,PC_NVA,A,1999,9.703028999999999,
554,Portugal,PRT,PT,BANKLEVERAGE,TOT,PC_NVA,A,2000,9.44631,
555,Portugal,PRT,PT,BANKLEVERAGE,TOT,PC_NVA,A,2001,10.43602,
556,Portugal,PRT,PT,BANKLEVERAGE,TOT,PC_NVA,A,2002,12.4159,
557,Portugal,PRT,PT,BANKLEVERAGE,TOT,PC_NVA,A,2003,12.4555,
558,Portugal,PRT,PT,BANKLEVERAGE,TOT,PC_NVA,A,2004,13.4677,
559,Portugal,PRT,PT,BANKLEVERAGE,TOT,PC_NVA,A,2005,12.41456,
560,Portugal,PRT,PT,BANKLEVERAGE,TOT,PC_NVA,A,2006,10.73194,
561,Portugal,PRT,PT,BANKLEVERAGE,TOT,PC_NVA,A,2007,11.16455,
562,Portugal,PRT,PT,BANKLEVERAGE,TOT,PC_NVA,A,2008,17.74294,
563,Portugal,PRT,PT,BANKLEVERAGE,TOT,PC_NVA,A,2009,15.92009,
564,Portugal,PRT,PT,BANKLEVERAGE,TOT,PC_NVA,A,2010,18.21696,
565,Portugal,PRT,PT,BANKLEVERAGE,TOT,PC_NVA,A,2011,22.49806,
566,Portugal,PRT,PT,BANKLEVERAGE,TOT,PC_NVA,A,2012,17.43594,
567,Portugal,PRT,PT,BANKLEVERAGE,TOT,PC_NVA,A,2013,17.18147,
568,Portugal,PRT,PT,BANKLEVERAGE,TOT,PC_NVA,A,2014,14.600670000000001,
569,Portugal,PRT,PT,BANKLEVERAGE,TOT,PC_NVA,A,2015,14.750760000000001,
570,Portugal,PRT,PT,BANKLEVERAGE,TOT,PC_NVA,A,2016,15.06349,
571,Portugal,PRT,PT,BANKLEVERAGE,TOT,PC_NVA,A,2017,12.89211,
572,Portugal,PRT,PT,BANKLEVERAGE,TOT,PC_NVA,A,2018,13.08133,
573,Portugal,PRT,PT,BANKLEVERAGE,TOT,PC_NVA,A,2019,12.29294,
574,Slovakia,SVK,SK,BANKLEVERAGE,TOT,PC_NVA,A,1995,285.0259,
575,Slovakia,SVK,SK,BANKLEVERAGE,TOT,PC_NVA,A,1996,261.5994,
576,Slovakia,SVK,SK,BANKLEVERAGE,TOT,PC_NVA,A,1997,91.66282,
577,Slovakia,SVK,SK,BANKLEVERAGE,TOT,PC_NVA,A,1998,75.76861,
578,Slovakia,SVK,SK,BANKLEVERAGE,TOT,PC_NVA,A,1999,81.92335,
579,Slovakia,SVK,SK,BANKLEVERAGE,TOT,PC_NVA,A,2000,82.68276999999999,
580,Slovakia,SVK,SK,BANKLEVERAGE,TOT,PC_NVA,A,2001,87.59194000000001,
581,Slovakia,SVK,SK,BANKLEVERAGE,TOT,PC_NVA,A,2002,56.95146999999999,
582,Slovakia,SVK,SK,BANKLEVERAGE,TOT,PC_NVA,A,2003,47.05557,
583,Slovakia,SVK,SK,BANKLEVERAGE,TOT,PC_NVA,A,2004,44.811890000000005,
584,Slovakia,SVK,SK,BANKLEVERAGE,TOT,PC_NVA,A,2005,611.4924,
585,Slovakia,SVK,SK,BANKLEVERAGE,TOT,PC_NVA,A,2006,603.2825,
586,Slovakia,SVK,SK,BANKLEVERAGE,TOT,PC_NVA,A,2007,46.13092,
587,Slovakia,SVK,SK,BANKLEVERAGE,TOT,PC_NVA,A,2008,35.91168,
588,Slovakia,SVK,SK,BANKLEVERAGE,TOT,PC_NVA,A,2009,40.86502,
589,Slovakia,SVK,SK,BANKLEVERAGE,TOT,PC_NVA,A,2010,31.0401,
590,Slovakia,SVK,SK,BANKLEVERAGE,TOT,PC_NVA,A,2011,23.73864,
591,Slovakia,SVK,SK,BANKLEVERAGE,TOT,PC_NVA,A,2012,19.08119,
592,Slovakia,SVK,SK,BANKLEVERAGE,TOT,PC_NVA,A,2013,17.858060000000002,
593,Slovakia,SVK,SK,BANKLEVERAGE,TOT,PC_NVA,A,2014,22.28494,
594,Slovakia,SVK,SK,BANKLEVERAGE,TOT,PC_NVA,A,2015,11.5887,
595,Slovakia,SVK,SK,BANKLEVERAGE,TOT,PC_NVA,A,2016,11.60786,
596,Slovakia,SVK,SK,BANKLEVERAGE,TOT,PC_NVA,A,2017,14.95454,
597,Slovakia,SVK,SK,BANKLEVERAGE,TOT,PC_NVA,A,2018,14.395760000000001,
598,Slovakia,SVK,SK,BANKLEVERAGE,TOT,PC_NVA,A,2019,14.6119,
599,Slovenia,SVN,SI,BANKLEVERAGE,TOT,PC_NVA,A,1995,6.593442,
600,Slovenia,SVN,SI,BANKLEVERAGE,TOT,PC_NVA,A,1996,6.805453,
601,Slovenia,SVN,SI,BANKLEVERAGE,TOT,PC_NVA,A,1997,7.054638000000001,
602,Slovenia,SVN,SI,BANKLEVERAGE,TOT,PC_NVA,A,1998,7.606133,
603,Slovenia,SVN,SI,BANKLEVERAGE,TOT,PC_NVA,A,1999,7.264975,
604,Slovenia,SVN,SI,BANKLEVERAGE,TOT,PC_NVA,A,2000,7.090447999999999,
605,Slovenia,SVN,SI,BANKLEVERAGE,TOT,PC_NVA,A,2001,8.275941,
606,Slovenia,SVN,SI,BANKLEVERAGE,TOT,PC_NVA,A,2002,9.573599,
607,Slovenia,SVN,SI,BANKLEVERAGE,TOT,PC_NVA,A,2003,10.15112,
608,Slovenia,SVN,SI,BANKLEVERAGE,TOT,PC_NVA,A,2004,10.21065,
609,Slovenia,SVN,SI,BANKLEVERAGE,TOT,PC_NVA,A,2005,11.28836,
610,Slovenia,SVN,SI,BANKLEVERAGE,TOT,PC_NVA,A,2006,11.3601,
611,Slovenia,SVN,SI,BANKLEVERAGE,TOT,PC_NVA,A,2007,10.970180000000001,
612,Slovenia,SVN,SI,BANKLEVERAGE,TOT,PC_NVA,A,2008,12.15206,
613,Slovenia,SVN,SI,BANKLEVERAGE,TOT,PC_NVA,A,2009,11.60545,
614,Slovenia,SVN,SI,BANKLEVERAGE,TOT,PC_NVA,A,2010,11.19537,
615,Slovenia,SVN,SI,BANKLEVERAGE,TOT,PC_NVA,A,2011,12.63017,
616,Slovenia,SVN,SI,BANKLEVERAGE,TOT,PC_NVA,A,2012,13.542860000000001,
617,Slovenia,SVN,SI,BANKLEVERAGE,TOT,PC_NVA,A,2013,10.67516,
618,Slovenia,SVN,SI,BANKLEVERAGE,TOT,PC_NVA,A,2014,8.999661,
619,Slovenia,SVN,SI,BANKLEVERAGE,TOT,PC_NVA,A,2015,8.339972999999999,
620,Slovenia,SVN,SI,BANKLEVERAGE,TOT,PC_NVA,A,2016,8.022864,
621,Slovenia,SVN,SI,BANKLEVERAGE,TOT,PC_NVA,A,2017,8.033821000000001,
622,Slovenia,SVN,SI,BANKLEVERAGE,TOT,PC_NVA,A,2018,8.445753999999999,
623,Slovenia,SVN,SI,BANKLEVERAGE,TOT,PC_NVA,A,2019,7.946592,
624,South Korea,KOR,KR,BANKLEVERAGE,TOT,PC_NVA,A,2008,33.87597,
625,South Korea,KOR,KR,BANKLEVERAGE,TOT,PC_NVA,A,2009,24.76361,
626,South Korea,KOR,KR,BANKLEVERAGE,TOT,PC_NVA,A,2010,23.200120000000002,
627,South Korea,KOR,KR,BANKLEVERAGE,TOT,PC_NVA,A,2011,23.56379,
628,South Korea,KOR,KR,BANKLEVERAGE,TOT,PC_NVA,A,2012,21.03934,
629,South Korea,KOR,KR,BANKLEVERAGE,TOT,PC_NVA,A,2013,20.547079999999998,
630,South Korea,KOR,KR,BANKLEVERAGE,TOT,PC_NVA,A,2014,23.51393,
631,South Korea,KOR,KR,BANKLEVERAGE,TOT,PC_NVA,A,2015,24.339920000000003,
632,South Korea,KOR,KR,BANKLEVERAGE,TOT,PC_NVA,A,2016,24.16495,
633,South Korea,KOR,KR,BANKLEVERAGE,TOT,PC_NVA,A,2017,23.26294,
634,South Korea,KOR,KR,BANKLEVERAGE,TOT,PC_NVA,A,2018,23.75485,
635,South Korea,KOR,KR,BANKLEVERAGE,TOT,PC_NVA,A,2019,23.36873,
636,Spain,ESP,ES,BANKLEVERAGE,TOT,PC_NVA,A,1995,15.215489999999999,
637,Spain,ESP,ES,BANKLEVERAGE,TOT,PC_NVA,A,1996,12.85715,
638,Spain,ESP,ES,BANKLEVERAGE,TOT,PC_NVA,A,1997,8.561952999999999,
639,Spain,ESP,ES,BANKLEVERAGE,TOT,PC_NVA,A,1998,7.8800229999999996,
640,Spain,ESP,ES,BANKLEVERAGE,TOT,PC_NVA,A,1999,7.6059339999999995,
641,Spain,ESP,ES,BANKLEVERAGE,TOT,PC_NVA,A,2000,7.417033,
642,Spain,ESP,ES,BANKLEVERAGE,TOT,PC_NVA,A,2001,8.782869,
643,Spain,ESP,ES,BANKLEVERAGE,TOT,PC_NVA,A,2002,11.911019999999999,
644,Spain,ESP,ES,BANKLEVERAGE,TOT,PC_NVA,A,2003,10.97793,
645,Spain,ESP,ES,BANKLEVERAGE,TOT,PC_NVA,A,2004,10.56289,
646,Spain,ESP,ES,BANKLEVERAGE,TOT,PC_NVA,A,2005,10.55747,
647,Spain,ESP,ES,BANKLEVERAGE,TOT,PC_NVA,A,2006,9.685813000000001,
648,Spain,ESP,ES,BANKLEVERAGE,TOT,PC_NVA,A,2007,11.5843,
649,Spain,ESP,ES,BANKLEVERAGE,TOT,PC_NVA,A,2008,20.810129999999997,
650,Spain,ESP,ES,BANKLEVERAGE,TOT,PC_NVA,A,2009,15.09961,
651,Spain,ESP,ES,BANKLEVERAGE,TOT,PC_NVA,A,2010,18.18579,
652,Spain,ESP,ES,BANKLEVERAGE,TOT,PC_NVA,A,2011,17.58155,
653,Spain,ESP,ES,BANKLEVERAGE,TOT,PC_NVA,A,2012,18.33442,
654,Spain,ESP,ES,BANKLEVERAGE,TOT,PC_NVA,A,2013,12.65665,
655,Spain,ESP,ES,BANKLEVERAGE,TOT,PC_NVA,A,2014,10.75713,
656,Spain,ESP,ES,BANKLEVERAGE,TOT,PC_NVA,A,2015,12.07966,
657,Spain,ESP,ES,BANKLEVERAGE,TOT,PC_NVA,A,2016,12.12124,
658,Spain,ESP,ES,BANKLEVERAGE,TOT,PC_NVA,A,2017,11.264380000000001,
659,Spain,ESP,ES,BANKLEVERAGE,TOT,PC_NVA,A,2018,14.064639999999999,
660,Spain,ESP,ES,BANKLEVERAGE,TOT,PC_NVA,A,2019,14.107510000000001,
661,Sweden,SWE,SE,BANKLEVERAGE,TOT,PC_NVA,A,1995,11.745,
662,Sweden,SWE,SE,BANKLEVERAGE,TOT,PC_NVA,A,1996,9.063849000000001,
663,Sweden,SWE,SE,BANKLEVERAGE,TOT,PC_NVA,A,1997,9.017883,
664,Sweden,SWE,SE,BANKLEVERAGE,TOT,PC_NVA,A,1998,8.896352,
665,Sweden,SWE,SE,BANKLEVERAGE,TOT,PC_NVA,A,1999,8.995911999999999,
666,Sweden,SWE,SE,BANKLEVERAGE,TOT,PC_NVA,A,2000,8.524417,
667,Sweden,SWE,SE,BANKLEVERAGE,TOT,PC_NVA,A,2001,6.668347,
668,Sweden,SWE,SE,BANKLEVERAGE,TOT,PC_NVA,A,2002,8.438833,
669,Sweden,SWE,SE,BANKLEVERAGE,TOT,PC_NVA,A,2003,7.303699000000001,
670,Sweden,SWE,SE,BANKLEVERAGE,TOT,PC_NVA,A,2004,7.769576,
671,Sweden,SWE,SE,BANKLEVERAGE,TOT,PC_NVA,A,2005,7.6984580000000005,
672,Sweden,SWE,SE,BANKLEVERAGE,TOT,PC_NVA,A,2006,7.758839,
673,Sweden,SWE,SE,BANKLEVERAGE,TOT,PC_NVA,A,2007,9.341153,
674,Sweden,SWE,SE,BANKLEVERAGE,TOT,PC_NVA,A,2008,17.64679,
675,Sweden,SWE,SE,BANKLEVERAGE,TOT,PC_NVA,A,2009,11.05696,
676,Sweden,SWE,SE,BANKLEVERAGE,TOT,PC_NVA,A,2010,9.769064,
677,Sweden,SWE,SE,BANKLEVERAGE,TOT,PC_NVA,A,2011,11.66572,
678,Sweden,SWE,SE,BANKLEVERAGE,TOT,PC_NVA,A,2012,10.129769999999999,
679,Sweden,SWE,SE,BANKLEVERAGE,TOT,PC_NVA,A,2013,8.398548,
680,Sweden,SWE,SE,BANKLEVERAGE,TOT,PC_NVA,A,2014,8.343622,
681,Sweden,SWE,SE,BANKLEVERAGE,TOT,PC_NVA,A,2015,8.788183,
682,Sweden,SWE,SE,BANKLEVERAGE,TOT,PC_NVA,A,2016,8.524267,
683,Sweden,SWE,SE,BANKLEVERAGE,TOT,PC_NVA,A,2017,9.360696,
684,Sweden,SWE,SE,BANKLEVERAGE,TOT,PC_NVA,A,2018,12.51036,
685,Sweden,SWE,SE,BANKLEVERAGE,TOT,PC_NVA,A,2019,13.157820000000001,
686,Switzerland,CHE,CH,BANKLEVERAGE,TOT,PC_NVA,A,2014,11.02505,
687,Switzerland,CHE,CH,BANKLEVERAGE,TOT,PC_NVA,A,2015,11.70578,
688,Switzerland,CHE,CH,BANKLEVERAGE,TOT,PC_NVA,A,2016,12.02935,
689,Switzerland,CHE,CH,BANKLEVERAGE,TOT,PC_NVA,A,2017,9.523528,
690,Switzerland,CHE,CH,BANKLEVERAGE,TOT,PC_NVA,A,2018,11.56905,
691,Turkey,TUR,TR,BANKLEVERAGE,TOT,PC_NVA,A,2010,4.233874,
692,Turkey,TUR,TR,BANKLEVERAGE,TOT,PC_NVA,A,2011,6.706494,
693,Turkey,TUR,TR,BANKLEVERAGE,TOT,PC_NVA,A,2012,5.567883999999999,
694,Turkey,TUR,TR,BANKLEVERAGE,TOT,PC_NVA,A,2013,8.333986999999999,
695,Turkey,TUR,TR,BANKLEVERAGE,TOT,PC_NVA,A,2014,7.359584,
696,Turkey,TUR,TR,BANKLEVERAGE,TOT,PC_NVA,A,2015,10.414710000000001,
697,Turkey,TUR,TR,BANKLEVERAGE,TOT,PC_NVA,A,2016,9.527087,
698,Turkey,TUR,TR,BANKLEVERAGE,TOT,PC_NVA,A,2017,9.871769,
699,Turkey,TUR,TR,BANKLEVERAGE,TOT,PC_NVA,A,2018,6.951703,
700,Turkey,TUR,TR,BANKLEVERAGE,TOT,PC_NVA,A,2019,6.979866,
701,United Kingdom,GBR,GB,BANKLEVERAGE,TOT,PC_NVA,A,1995,30.940490000000004,
702,United Kingdom,GBR,GB,BANKLEVERAGE,TOT,PC_NVA,A,1996,30.65307,
703,United Kingdom,GBR,GB,BANKLEVERAGE,TOT,PC_NVA,A,1997,22.222579999999997,
704,United Kingdom,GBR,GB,BANKLEVERAGE,TOT,PC_NVA,A,1998,21.614320000000003,
705,United Kingdom,GBR,GB,BANKLEVERAGE,TOT,PC_NVA,A,1999,19.27559,
706,United Kingdom,GBR,GB,BANKLEVERAGE,TOT,PC_NVA,A,2000,24.40346,
707,United Kingdom,GBR,GB,BANKLEVERAGE,TOT,PC_NVA,A,2001,26.637209999999996,
708,United Kingdom,GBR,GB,BANKLEVERAGE,TOT,PC_NVA,A,2002,29.255020000000002,
709,United Kingdom,GBR,GB,BANKLEVERAGE,TOT,PC_NVA,A,2003,33.419129999999996,
710,United Kingdom,GBR,GB,BANKLEVERAGE,TOT,PC_NVA,A,2004,45.09697,
711,United Kingdom,GBR,GB,BANKLEVERAGE,TOT,PC_NVA,A,2005,52.34435,
712,United Kingdom,GBR,GB,BANKLEVERAGE,TOT,PC_NVA,A,2006,56.51914,
713,United Kingdom,GBR,GB,BANKLEVERAGE,TOT,PC_NVA,A,2007,68.66984000000001,
714,United Kingdom,GBR,GB,BANKLEVERAGE,TOT,PC_NVA,A,2008,103.2497,
715,United Kingdom,GBR,GB,BANKLEVERAGE,TOT,PC_NVA,A,2009,74.40923000000001,
716,United Kingdom,GBR,GB,BANKLEVERAGE,TOT,PC_NVA,A,2010,70.85171,
717,United Kingdom,GBR,GB,BANKLEVERAGE,TOT,PC_NVA,A,2011,65.84018,
718,United Kingdom,GBR,GB,BANKLEVERAGE,TOT,PC_NVA,A,2012,57.4839,
719,United Kingdom,GBR,GB,BANKLEVERAGE,TOT,PC_NVA,A,2013,51.63948,
720,United Kingdom,GBR,GB,BANKLEVERAGE,TOT,PC_NVA,A,2014,49.02097,
721,United Kingdom,GBR,GB,BANKLEVERAGE,TOT,PC_NVA,A,2015,43.1852,
722,United Kingdom,GBR,GB,BANKLEVERAGE,TOT,PC_NVA,A,2016,46.68752,
723,United Kingdom,GBR,GB,BANKLEVERAGE,TOT,PC_NVA,A,2017,47.02518,
724,United Kingdom,GBR,GB,BANKLEVERAGE,TOT,PC_NVA,A,2018,46.208940000000005,
725,United Kingdom,GBR,GB,BANKLEVERAGE,TOT,PC_NVA,A,2019,47.52415,
726,United States,USA,US,BANKLEVERAGE,TOT,PC_NVA,A,1995,6.850285,
727,United States,USA,US,BANKLEVERAGE,TOT,PC_NVA,A,1996,5.908811,
728,United States,USA,US,BANKLEVERAGE,TOT,PC_NVA,A,1997,4.890505,
729,United States,USA,US,BANKLEVERAGE,TOT,PC_NVA,A,1998,5.058491,
730,United States,USA,US,BANKLEVERAGE,TOT,PC_NVA,A,1999,5.6288800000000005,
731,United States,USA,US,BANKLEVERAGE,TOT,PC_NVA,A,2000,5.6393699999999995,
732,United States,USA,US,BANKLEVERAGE,TOT,PC_NVA,A,2001,5.876323,
733,United States,USA,US,BANKLEVERAGE,TOT,PC_NVA,A,2002,6.161784,
734,United States,USA,US,BANKLEVERAGE,TOT,PC_NVA,A,2003,5.442069999999999,
735,United States,USA,US,BANKLEVERAGE,TOT,PC_NVA,A,2004,4.859872,
736,United States,USA,US,BANKLEVERAGE,TOT,PC_NVA,A,2005,5.196427,
737,United States,USA,US,BANKLEVERAGE,TOT,PC_NVA,A,2006,5.026349,
738,United States,USA,US,BANKLEVERAGE,TOT,PC_NVA,A,2007,6.314467,
739,United States,USA,US,BANKLEVERAGE,TOT,PC_NVA,A,2008,8.890929,
740,United States,USA,US,BANKLEVERAGE,TOT,PC_NVA,A,2009,7.581544,
741,United States,USA,US,BANKLEVERAGE,TOT,PC_NVA,A,2010,7.227106,
742,United States,USA,US,BANKLEVERAGE,TOT,PC_NVA,A,2011,7.871016,
743,United States,USA,US,BANKLEVERAGE,TOT,PC_NVA,A,2012,7.110200999999999,
744,United States,USA,US,BANKLEVERAGE,TOT,PC_NVA,A,2013,6.855716999999999,
745,United States,USA,US,BANKLEVERAGE,TOT,PC_NVA,A,2014,6.850372,
746,United States,USA,US,BANKLEVERAGE,TOT,PC_NVA,A,2015,6.9136820000000005,
747,United States,USA,US,BANKLEVERAGE,TOT,PC_NVA,A,2016,6.343794,
748,United States,USA,US,BANKLEVERAGE,TOT,PC_NVA,A,2017,6.0871010000000005,
749,United States,USA,US,BANKLEVERAGE,TOT,PC_NVA,A,2018,6.488258,
750,United States,USA,US,BANKLEVERAGE,TOT,PC_NVA,A,2019,6.10112,
