,Country,LOCATION,ISO CODE 2 letter,INDICATOR,SUBJECT,MEASURE,FREQUENCY,TIME,%_of_gdp,Flag Codes
0,Argentina,ARG,AR,EDUPUBEXP,PRY_NTRY,PC_GDP,A,1995,0.0,M
1,Argentina,ARG,AR,EDUPUBEXP,PRY_NTRY,PC_GDP,A,2000,0.0,M
2,Argentina,ARG,AR,EDUPUBEXP,PRY_NTRY,PC_GDP,A,2005,0.0,M
3,Argentina,ARG,AR,EDUPUBEXP,PRY_NTRY,PC_GDP,A,2008,0.0,M
4,Argentina,ARG,AR,EDUPUBEXP,PRY_NTRY,PC_GDP,A,2009,0.0,M
5,Argentina,ARG,AR,EDUPUBEXP,PRY_NTRY,PC_GDP,A,2010,0.0,M
6,Argentina,ARG,AR,EDUPUBEXP,PRY_NTRY,PC_GDP,A,2011,0.0,M
7,Argentina,ARG,AR,EDUPUBEXP,PRY_NTRY,PC_GDP,A,2012,3.855,0
8,Argentina,ARG,AR,EDUPUBEXP,PRY_NTRY,PC_GDP,A,2013,3.887,0
9,Argentina,ARG,AR,EDUPUBEXP,PRY_NTRY,PC_GDP,A,2014,3.833,0
10,Argentina,ARG,AR,EDUPUBEXP,PRY_NTRY,PC_GDP,A,2015,0.0,M
11,Argentina,ARG,AR,EDUPUBEXP,PRY_NTRY,PC_GDP,A,2016,0.0,M
12,Australia,AUS,AU,EDUPUBEXP,PRY_NTRY,PC_GDP,A,1995,0.0,M
13,Australia,AUS,AU,EDUPUBEXP,PRY_NTRY,PC_GDP,A,2000,3.15,0
14,Australia,AUS,AU,EDUPUBEXP,PRY_NTRY,PC_GDP,A,2005,3.237,0
15,Australia,AUS,AU,EDUPUBEXP,PRY_NTRY,PC_GDP,A,2008,3.178,0
16,Australia,AUS,AU,EDUPUBEXP,PRY_NTRY,PC_GDP,A,2009,3.569,0
17,Australia,AUS,AU,EDUPUBEXP,PRY_NTRY,PC_GDP,A,2010,3.801,0
18,Australia,AUS,AU,EDUPUBEXP,PRY_NTRY,PC_GDP,A,2011,3.4989999999999997,0
19,Australia,AUS,AU,EDUPUBEXP,PRY_NTRY,PC_GDP,A,2012,3.302,0
20,Australia,AUS,AU,EDUPUBEXP,PRY_NTRY,PC_GDP,A,2013,3.264,0
21,Australia,AUS,AU,EDUPUBEXP,PRY_NTRY,PC_GDP,A,2014,3.2119999999999997,0
22,Australia,AUS,AU,EDUPUBEXP,PRY_NTRY,PC_GDP,A,2015,3.182,0
23,Australia,AUS,AU,EDUPUBEXP,PRY_NTRY,PC_GDP,A,2016,0.0,M
24,Austria,AUT,AT,EDUPUBEXP,PRY_NTRY,PC_GDP,A,1995,0.0,M
25,Austria,AUT,AT,EDUPUBEXP,PRY_NTRY,PC_GDP,A,2000,0.0,M
26,Austria,AUT,AT,EDUPUBEXP,PRY_NTRY,PC_GDP,A,2005,0.0,M
27,Austria,AUT,AT,EDUPUBEXP,PRY_NTRY,PC_GDP,A,2008,0.0,M
28,Austria,AUT,AT,EDUPUBEXP,PRY_NTRY,PC_GDP,A,2009,0.0,M
29,Austria,AUT,AT,EDUPUBEXP,PRY_NTRY,PC_GDP,A,2010,0.0,M
30,Austria,AUT,AT,EDUPUBEXP,PRY_NTRY,PC_GDP,A,2011,0.0,M
31,Austria,AUT,AT,EDUPUBEXP,PRY_NTRY,PC_GDP,A,2012,2.9939999999999998,0
32,Austria,AUT,AT,EDUPUBEXP,PRY_NTRY,PC_GDP,A,2013,3.072,0
33,Austria,AUT,AT,EDUPUBEXP,PRY_NTRY,PC_GDP,A,2014,2.9810000000000003,0
34,Austria,AUT,AT,EDUPUBEXP,PRY_NTRY,PC_GDP,A,2015,2.978,0
35,Austria,AUT,AT,EDUPUBEXP,PRY_NTRY,PC_GDP,A,2016,0.0,M
36,Belgium,BEL,BE,EDUPUBEXP,PRY_NTRY,PC_GDP,A,1995,0.0,M
37,Belgium,BEL,BE,EDUPUBEXP,PRY_NTRY,PC_GDP,A,2000,0.0,M
38,Belgium,BEL,BE,EDUPUBEXP,PRY_NTRY,PC_GDP,A,2005,3.865,0
39,Belgium,BEL,BE,EDUPUBEXP,PRY_NTRY,PC_GDP,A,2008,4.1160000000000005,0
40,Belgium,BEL,BE,EDUPUBEXP,PRY_NTRY,PC_GDP,A,2009,4.125,0
41,Belgium,BEL,BE,EDUPUBEXP,PRY_NTRY,PC_GDP,A,2010,4.12,0
42,Belgium,BEL,BE,EDUPUBEXP,PRY_NTRY,PC_GDP,A,2011,4.095,0
43,Belgium,BEL,BE,EDUPUBEXP,PRY_NTRY,PC_GDP,A,2012,4.171,0
44,Belgium,BEL,BE,EDUPUBEXP,PRY_NTRY,PC_GDP,A,2013,4.202,0
45,Belgium,BEL,BE,EDUPUBEXP,PRY_NTRY,PC_GDP,A,2014,4.164,0
46,Belgium,BEL,BE,EDUPUBEXP,PRY_NTRY,PC_GDP,A,2015,4.13,0
47,Belgium,BEL,BE,EDUPUBEXP,PRY_NTRY,PC_GDP,A,2016,0.0,M
48,Brazil,BRA,BR,EDUPUBEXP,PRY_NTRY,PC_GDP,A,1995,0.0,M
49,Brazil,BRA,BR,EDUPUBEXP,PRY_NTRY,PC_GDP,A,2000,2.4,0
50,Brazil,BRA,BR,EDUPUBEXP,PRY_NTRY,PC_GDP,A,2005,3.197,0
51,Brazil,BRA,BR,EDUPUBEXP,PRY_NTRY,PC_GDP,A,2008,3.958,0
52,Brazil,BRA,BR,EDUPUBEXP,PRY_NTRY,PC_GDP,A,2009,4.129,0
53,Brazil,BRA,BR,EDUPUBEXP,PRY_NTRY,PC_GDP,A,2010,4.2010000000000005,0
54,Brazil,BRA,BR,EDUPUBEXP,PRY_NTRY,PC_GDP,A,2011,4.183,0
55,Brazil,BRA,BR,EDUPUBEXP,PRY_NTRY,PC_GDP,A,2012,4.168,0
56,Brazil,BRA,BR,EDUPUBEXP,PRY_NTRY,PC_GDP,A,2013,4.152,0
57,Brazil,BRA,BR,EDUPUBEXP,PRY_NTRY,PC_GDP,A,2014,4.022,0
58,Brazil,BRA,BR,EDUPUBEXP,PRY_NTRY,PC_GDP,A,2015,4.061,0
59,Brazil,BRA,BR,EDUPUBEXP,PRY_NTRY,PC_GDP,A,2016,0.0,M
60,Canada,CAN,CA,EDUPUBEXP,PRY_NTRY,PC_GDP,A,1995,0.0,M
61,Canada,CAN,CA,EDUPUBEXP,PRY_NTRY,PC_GDP,A,2000,2.969,0
62,Canada,CAN,CA,EDUPUBEXP,PRY_NTRY,PC_GDP,A,2005,2.9360000000000004,0
63,Canada,CAN,CA,EDUPUBEXP,PRY_NTRY,PC_GDP,A,2008,3.1430000000000002,0
64,Canada,CAN,CA,EDUPUBEXP,PRY_NTRY,PC_GDP,A,2009,3.418,0
65,Canada,CAN,CA,EDUPUBEXP,PRY_NTRY,PC_GDP,A,2010,3.343,0
66,Canada,CAN,CA,EDUPUBEXP,PRY_NTRY,PC_GDP,A,2011,3.242,0
67,Canada,CAN,CA,EDUPUBEXP,PRY_NTRY,PC_GDP,A,2012,3.238,0
68,Canada,CAN,CA,EDUPUBEXP,PRY_NTRY,PC_GDP,A,2013,3.153,0
69,Canada,CAN,CA,EDUPUBEXP,PRY_NTRY,PC_GDP,A,2014,3.1189999999999998,0
70,Canada,CAN,CA,EDUPUBEXP,PRY_NTRY,PC_GDP,A,2015,3.1689999999999996,0
71,Canada,CAN,CA,EDUPUBEXP,PRY_NTRY,PC_GDP,A,2016,0.0,M
72,Chile,CHL,CL,EDUPUBEXP,PRY_NTRY,PC_GDP,A,1995,0.0,M
73,Chile,CHL,CL,EDUPUBEXP,PRY_NTRY,PC_GDP,A,2000,2.906,0
74,Chile,CHL,CL,EDUPUBEXP,PRY_NTRY,PC_GDP,A,2005,2.488,0
75,Chile,CHL,CL,EDUPUBEXP,PRY_NTRY,PC_GDP,A,2008,2.802,0
76,Chile,CHL,CL,EDUPUBEXP,PRY_NTRY,PC_GDP,A,2009,3.014,0
77,Chile,CHL,CL,EDUPUBEXP,PRY_NTRY,PC_GDP,A,2010,2.656,0
78,Chile,CHL,CL,EDUPUBEXP,PRY_NTRY,PC_GDP,A,2011,2.6210000000000004,0
79,Chile,CHL,CL,EDUPUBEXP,PRY_NTRY,PC_GDP,A,2012,2.93,0
80,Chile,CHL,CL,EDUPUBEXP,PRY_NTRY,PC_GDP,A,2013,2.636,0
81,Chile,CHL,CL,EDUPUBEXP,PRY_NTRY,PC_GDP,A,2014,2.451,0
82,Chile,CHL,CL,EDUPUBEXP,PRY_NTRY,PC_GDP,A,2015,2.63,0
83,Chile,CHL,CL,EDUPUBEXP,PRY_NTRY,PC_GDP,A,2016,3.0260000000000002,0
84,China,CHN,CN,EDUPUBEXP,PRY_NTRY,PC_GDP,A,1995,0.0,M
85,China,CHN,CN,EDUPUBEXP,PRY_NTRY,PC_GDP,A,2000,0.0,M
86,China,CHN,CN,EDUPUBEXP,PRY_NTRY,PC_GDP,A,2005,0.0,M
87,China,CHN,CN,EDUPUBEXP,PRY_NTRY,PC_GDP,A,2008,0.0,M
88,China,CHN,CN,EDUPUBEXP,PRY_NTRY,PC_GDP,A,2009,0.0,M
89,China,CHN,CN,EDUPUBEXP,PRY_NTRY,PC_GDP,A,2010,0.0,M
90,China,CHN,CN,EDUPUBEXP,PRY_NTRY,PC_GDP,A,2011,0.0,M
91,China,CHN,CN,EDUPUBEXP,PRY_NTRY,PC_GDP,A,2012,0.0,M
92,China,CHN,CN,EDUPUBEXP,PRY_NTRY,PC_GDP,A,2013,0.0,M
93,China,CHN,CN,EDUPUBEXP,PRY_NTRY,PC_GDP,A,2014,0.0,M
94,China,CHN,CN,EDUPUBEXP,PRY_NTRY,PC_GDP,A,2015,0.0,M
95,China,CHN,CN,EDUPUBEXP,PRY_NTRY,PC_GDP,A,2016,0.0,M
96,Colombia,COL,CO,EDUPUBEXP,PRY_NTRY,PC_GDP,A,1995,0.0,M
97,Colombia,COL,CO,EDUPUBEXP,PRY_NTRY,PC_GDP,A,2000,0.0,M
98,Colombia,COL,CO,EDUPUBEXP,PRY_NTRY,PC_GDP,A,2005,0.0,M
99,Colombia,COL,CO,EDUPUBEXP,PRY_NTRY,PC_GDP,A,2008,0.0,M
100,Colombia,COL,CO,EDUPUBEXP,PRY_NTRY,PC_GDP,A,2009,0.0,M
101,Colombia,COL,CO,EDUPUBEXP,PRY_NTRY,PC_GDP,A,2010,0.0,M
102,Colombia,COL,CO,EDUPUBEXP,PRY_NTRY,PC_GDP,A,2011,0.0,M
103,Colombia,COL,CO,EDUPUBEXP,PRY_NTRY,PC_GDP,A,2012,0.0,M
104,Colombia,COL,CO,EDUPUBEXP,PRY_NTRY,PC_GDP,A,2013,3.3080000000000003,0
105,Colombia,COL,CO,EDUPUBEXP,PRY_NTRY,PC_GDP,A,2014,3.117,0
106,Colombia,COL,CO,EDUPUBEXP,PRY_NTRY,PC_GDP,A,2015,3.145,0
107,Colombia,COL,CO,EDUPUBEXP,PRY_NTRY,PC_GDP,A,2016,3.069,0
108,Costa Rica,CRI,CR,EDUPUBEXP,PRY_NTRY,PC_GDP,A,1995,0.0,M
109,Costa Rica,CRI,CR,EDUPUBEXP,PRY_NTRY,PC_GDP,A,2000,0.0,M
110,Costa Rica,CRI,CR,EDUPUBEXP,PRY_NTRY,PC_GDP,A,2005,0.0,M
111,Costa Rica,CRI,CR,EDUPUBEXP,PRY_NTRY,PC_GDP,A,2008,0.0,M
112,Costa Rica,CRI,CR,EDUPUBEXP,PRY_NTRY,PC_GDP,A,2009,0.0,M
113,Costa Rica,CRI,CR,EDUPUBEXP,PRY_NTRY,PC_GDP,A,2010,0.0,M
114,Costa Rica,CRI,CR,EDUPUBEXP,PRY_NTRY,PC_GDP,A,2011,0.0,M
115,Costa Rica,CRI,CR,EDUPUBEXP,PRY_NTRY,PC_GDP,A,2012,0.0,M
116,Costa Rica,CRI,CR,EDUPUBEXP,PRY_NTRY,PC_GDP,A,2013,4.815,0
117,Costa Rica,CRI,CR,EDUPUBEXP,PRY_NTRY,PC_GDP,A,2014,4.792,0
118,Costa Rica,CRI,CR,EDUPUBEXP,PRY_NTRY,PC_GDP,A,2015,4.995,0
119,Costa Rica,CRI,CR,EDUPUBEXP,PRY_NTRY,PC_GDP,A,2016,4.7,0
120,Czech Republic,CZE,CZ,EDUPUBEXP,PRY_NTRY,PC_GDP,A,1995,0.0,M
121,Czech Republic,CZE,CZ,EDUPUBEXP,PRY_NTRY,PC_GDP,A,2000,2.356,0
122,Czech Republic,CZE,CZ,EDUPUBEXP,PRY_NTRY,PC_GDP,A,2005,2.485,0
123,Czech Republic,CZE,CZ,EDUPUBEXP,PRY_NTRY,PC_GDP,A,2008,2.281,0
124,Czech Republic,CZE,CZ,EDUPUBEXP,PRY_NTRY,PC_GDP,A,2009,2.506,0
125,Czech Republic,CZE,CZ,EDUPUBEXP,PRY_NTRY,PC_GDP,A,2010,2.45,0
126,Czech Republic,CZE,CZ,EDUPUBEXP,PRY_NTRY,PC_GDP,A,2011,2.471,0
127,Czech Republic,CZE,CZ,EDUPUBEXP,PRY_NTRY,PC_GDP,A,2012,2.504,0
128,Czech Republic,CZE,CZ,EDUPUBEXP,PRY_NTRY,PC_GDP,A,2013,2.4419999999999997,0
129,Czech Republic,CZE,CZ,EDUPUBEXP,PRY_NTRY,PC_GDP,A,2014,2.4090000000000003,0
130,Czech Republic,CZE,CZ,EDUPUBEXP,PRY_NTRY,PC_GDP,A,2015,2.424,0
131,Czech Republic,CZE,CZ,EDUPUBEXP,PRY_NTRY,PC_GDP,A,2016,0.0,M
132,Denmark,DNK,DK,EDUPUBEXP,PRY_NTRY,PC_GDP,A,1995,0.0,M
133,Denmark,DNK,DK,EDUPUBEXP,PRY_NTRY,PC_GDP,A,2000,3.9210000000000003,0
134,Denmark,DNK,DK,EDUPUBEXP,PRY_NTRY,PC_GDP,A,2005,4.265,0
135,Denmark,DNK,DK,EDUPUBEXP,PRY_NTRY,PC_GDP,A,2008,4.034,0
136,Denmark,DNK,DK,EDUPUBEXP,PRY_NTRY,PC_GDP,A,2009,4.506,0
137,Denmark,DNK,DK,EDUPUBEXP,PRY_NTRY,PC_GDP,A,2010,4.553,0
138,Denmark,DNK,DK,EDUPUBEXP,PRY_NTRY,PC_GDP,A,2011,4.1339999999999995,0
139,Denmark,DNK,DK,EDUPUBEXP,PRY_NTRY,PC_GDP,A,2012,4.513,0
140,Denmark,DNK,DK,EDUPUBEXP,PRY_NTRY,PC_GDP,A,2013,4.446000000000001,0
141,Denmark,DNK,DK,EDUPUBEXP,PRY_NTRY,PC_GDP,A,2014,4.6739999999999995,0
142,Denmark,DNK,DK,EDUPUBEXP,PRY_NTRY,PC_GDP,A,2015,0.0,M
143,Denmark,DNK,DK,EDUPUBEXP,PRY_NTRY,PC_GDP,A,2016,0.0,M
144,Estonia,EST,EE,EDUPUBEXP,PRY_NTRY,PC_GDP,A,1995,0.0,M
145,Estonia,EST,EE,EDUPUBEXP,PRY_NTRY,PC_GDP,A,2000,3.862,0
146,Estonia,EST,EE,EDUPUBEXP,PRY_NTRY,PC_GDP,A,2005,3.398,0
147,Estonia,EST,EE,EDUPUBEXP,PRY_NTRY,PC_GDP,A,2008,3.747,0
148,Estonia,EST,EE,EDUPUBEXP,PRY_NTRY,PC_GDP,A,2009,4.022,0
149,Estonia,EST,EE,EDUPUBEXP,PRY_NTRY,PC_GDP,A,2010,3.7539999999999996,0
150,Estonia,EST,EE,EDUPUBEXP,PRY_NTRY,PC_GDP,A,2011,3.241,0
151,Estonia,EST,EE,EDUPUBEXP,PRY_NTRY,PC_GDP,A,2012,3.1460000000000004,0
152,Estonia,EST,EE,EDUPUBEXP,PRY_NTRY,PC_GDP,A,2013,3.093,0
153,Estonia,EST,EE,EDUPUBEXP,PRY_NTRY,PC_GDP,A,2014,2.656,0
154,Estonia,EST,EE,EDUPUBEXP,PRY_NTRY,PC_GDP,A,2015,2.7489999999999997,0
155,Estonia,EST,EE,EDUPUBEXP,PRY_NTRY,PC_GDP,A,2016,0.0,M
156,Finland,FIN,FI,EDUPUBEXP,PRY_NTRY,PC_GDP,A,1995,0.0,M
157,Finland,FIN,FI,EDUPUBEXP,PRY_NTRY,PC_GDP,A,2000,3.449,0
158,Finland,FIN,FI,EDUPUBEXP,PRY_NTRY,PC_GDP,A,2005,3.668,0
159,Finland,FIN,FI,EDUPUBEXP,PRY_NTRY,PC_GDP,A,2008,3.568,0
160,Finland,FIN,FI,EDUPUBEXP,PRY_NTRY,PC_GDP,A,2009,3.89,0
161,Finland,FIN,FI,EDUPUBEXP,PRY_NTRY,PC_GDP,A,2010,3.929,0
162,Finland,FIN,FI,EDUPUBEXP,PRY_NTRY,PC_GDP,A,2011,3.88,0
163,Finland,FIN,FI,EDUPUBEXP,PRY_NTRY,PC_GDP,A,2012,3.912,0
164,Finland,FIN,FI,EDUPUBEXP,PRY_NTRY,PC_GDP,A,2013,3.897,0
165,Finland,FIN,FI,EDUPUBEXP,PRY_NTRY,PC_GDP,A,2014,3.915,0
166,Finland,FIN,FI,EDUPUBEXP,PRY_NTRY,PC_GDP,A,2015,3.97,0
167,Finland,FIN,FI,EDUPUBEXP,PRY_NTRY,PC_GDP,A,2016,0.0,M
168,France,FRA,FR,EDUPUBEXP,PRY_NTRY,PC_GDP,A,1995,0.0,M
169,France,FRA,FR,EDUPUBEXP,PRY_NTRY,PC_GDP,A,2000,3.8080000000000003,0
170,France,FRA,FR,EDUPUBEXP,PRY_NTRY,PC_GDP,A,2005,3.529,0
171,France,FRA,FR,EDUPUBEXP,PRY_NTRY,PC_GDP,A,2008,3.505,0
172,France,FRA,FR,EDUPUBEXP,PRY_NTRY,PC_GDP,A,2009,3.635,0
173,France,FRA,FR,EDUPUBEXP,PRY_NTRY,PC_GDP,A,2010,3.593,0
174,France,FRA,FR,EDUPUBEXP,PRY_NTRY,PC_GDP,A,2011,3.467,0
175,France,FRA,FR,EDUPUBEXP,PRY_NTRY,PC_GDP,A,2012,3.447,0
176,France,FRA,FR,EDUPUBEXP,PRY_NTRY,PC_GDP,A,2013,3.4330000000000003,0
177,France,FRA,FR,EDUPUBEXP,PRY_NTRY,PC_GDP,A,2014,3.4360000000000004,0
178,France,FRA,FR,EDUPUBEXP,PRY_NTRY,PC_GDP,A,2015,3.398,0
179,France,FRA,FR,EDUPUBEXP,PRY_NTRY,PC_GDP,A,2016,0.0,M
180,Germany,DEU,DE,EDUPUBEXP,PRY_NTRY,PC_GDP,A,1995,0.0,M
181,Germany,DEU,DE,EDUPUBEXP,PRY_NTRY,PC_GDP,A,2000,0.0,M
182,Germany,DEU,DE,EDUPUBEXP,PRY_NTRY,PC_GDP,A,2005,2.8160000000000003,0
183,Germany,DEU,DE,EDUPUBEXP,PRY_NTRY,PC_GDP,A,2008,2.6439999999999997,0
184,Germany,DEU,DE,EDUPUBEXP,PRY_NTRY,PC_GDP,A,2009,0.0,M
185,Germany,DEU,DE,EDUPUBEXP,PRY_NTRY,PC_GDP,A,2010,2.889,0
186,Germany,DEU,DE,EDUPUBEXP,PRY_NTRY,PC_GDP,A,2011,2.779,0
187,Germany,DEU,DE,EDUPUBEXP,PRY_NTRY,PC_GDP,A,2012,2.708,0
188,Germany,DEU,DE,EDUPUBEXP,PRY_NTRY,PC_GDP,A,2013,2.6910000000000003,0
189,Germany,DEU,DE,EDUPUBEXP,PRY_NTRY,PC_GDP,A,2014,2.668,0
190,Germany,DEU,DE,EDUPUBEXP,PRY_NTRY,PC_GDP,A,2015,2.608,0
191,Germany,DEU,DE,EDUPUBEXP,PRY_NTRY,PC_GDP,A,2016,0.0,M
192,Greece,GRC,GR,EDUPUBEXP,PRY_NTRY,PC_GDP,A,1995,0.0,M
193,Greece,GRC,GR,EDUPUBEXP,PRY_NTRY,PC_GDP,A,2000,2.3480000000000003,0
194,Greece,GRC,GR,EDUPUBEXP,PRY_NTRY,PC_GDP,A,2005,2.529,0
195,Greece,GRC,GR,EDUPUBEXP,PRY_NTRY,PC_GDP,A,2008,0.0,M
196,Greece,GRC,GR,EDUPUBEXP,PRY_NTRY,PC_GDP,A,2009,0.0,M
197,Greece,GRC,GR,EDUPUBEXP,PRY_NTRY,PC_GDP,A,2010,0.0,M
198,Greece,GRC,GR,EDUPUBEXP,PRY_NTRY,PC_GDP,A,2011,0.0,M
199,Greece,GRC,GR,EDUPUBEXP,PRY_NTRY,PC_GDP,A,2012,2.637,0
200,Greece,GRC,GR,EDUPUBEXP,PRY_NTRY,PC_GDP,A,2013,2.655,0
201,Greece,GRC,GR,EDUPUBEXP,PRY_NTRY,PC_GDP,A,2014,2.67,0
202,Greece,GRC,GR,EDUPUBEXP,PRY_NTRY,PC_GDP,A,2015,2.66,0
203,Greece,GRC,GR,EDUPUBEXP,PRY_NTRY,PC_GDP,A,2016,0.0,M
204,Hungary,HUN,HU,EDUPUBEXP,PRY_NTRY,PC_GDP,A,2000,2.722,0
205,Hungary,HUN,HU,EDUPUBEXP,PRY_NTRY,PC_GDP,A,2005,3.215,0
206,Hungary,HUN,HU,EDUPUBEXP,PRY_NTRY,PC_GDP,A,2008,2.918,0
207,Hungary,HUN,HU,EDUPUBEXP,PRY_NTRY,PC_GDP,A,2009,2.855,0
208,Hungary,HUN,HU,EDUPUBEXP,PRY_NTRY,PC_GDP,A,2010,2.737,0
209,Hungary,HUN,HU,EDUPUBEXP,PRY_NTRY,PC_GDP,A,2011,2.5269999999999997,0
210,Hungary,HUN,HU,EDUPUBEXP,PRY_NTRY,PC_GDP,A,2012,2.434,0
211,Hungary,HUN,HU,EDUPUBEXP,PRY_NTRY,PC_GDP,A,2013,2.311,0
212,Hungary,HUN,HU,EDUPUBEXP,PRY_NTRY,PC_GDP,A,2014,2.6910000000000003,0
213,Hungary,HUN,HU,EDUPUBEXP,PRY_NTRY,PC_GDP,A,2015,2.674,0
214,Hungary,HUN,HU,EDUPUBEXP,PRY_NTRY,PC_GDP,A,2016,0.0,M
215,Iceland,ISL,IS,EDUPUBEXP,PRY_NTRY,PC_GDP,A,1995,0.0,M
216,Iceland,ISL,IS,EDUPUBEXP,PRY_NTRY,PC_GDP,A,2000,4.4910000000000005,0
217,Iceland,ISL,IS,EDUPUBEXP,PRY_NTRY,PC_GDP,A,2005,5.031000000000001,0
218,Iceland,ISL,IS,EDUPUBEXP,PRY_NTRY,PC_GDP,A,2008,4.649,0
219,Iceland,ISL,IS,EDUPUBEXP,PRY_NTRY,PC_GDP,A,2009,4.6530000000000005,0
220,Iceland,ISL,IS,EDUPUBEXP,PRY_NTRY,PC_GDP,A,2010,4.473,0
221,Iceland,ISL,IS,EDUPUBEXP,PRY_NTRY,PC_GDP,A,2011,4.526,0
222,Iceland,ISL,IS,EDUPUBEXP,PRY_NTRY,PC_GDP,A,2012,4.407,0
223,Iceland,ISL,IS,EDUPUBEXP,PRY_NTRY,PC_GDP,A,2013,4.349,0
224,Iceland,ISL,IS,EDUPUBEXP,PRY_NTRY,PC_GDP,A,2014,4.462,0
225,Iceland,ISL,IS,EDUPUBEXP,PRY_NTRY,PC_GDP,A,2015,4.376,0
226,Iceland,ISL,IS,EDUPUBEXP,PRY_NTRY,PC_GDP,A,2016,0.0,M
227,India,IND,IN,EDUPUBEXP,PRY_NTRY,PC_GDP,A,1995,0.0,M
228,India,IND,IN,EDUPUBEXP,PRY_NTRY,PC_GDP,A,2000,0.0,M
229,India,IND,IN,EDUPUBEXP,PRY_NTRY,PC_GDP,A,2005,0.0,M
230,India,IND,IN,EDUPUBEXP,PRY_NTRY,PC_GDP,A,2008,0.0,M
231,India,IND,IN,EDUPUBEXP,PRY_NTRY,PC_GDP,A,2009,0.0,M
232,India,IND,IN,EDUPUBEXP,PRY_NTRY,PC_GDP,A,2010,0.0,M
233,India,IND,IN,EDUPUBEXP,PRY_NTRY,PC_GDP,A,2011,0.0,M
234,India,IND,IN,EDUPUBEXP,PRY_NTRY,PC_GDP,A,2012,0.0,M
235,India,IND,IN,EDUPUBEXP,PRY_NTRY,PC_GDP,A,2013,2.355,0
236,India,IND,IN,EDUPUBEXP,PRY_NTRY,PC_GDP,A,2014,0.0,M
237,India,IND,IN,EDUPUBEXP,PRY_NTRY,PC_GDP,A,2015,0.0,M
238,India,IND,IN,EDUPUBEXP,PRY_NTRY,PC_GDP,A,2016,0.0,M
239,Indonesia,IDN,ID,EDUPUBEXP,PRY_NTRY,PC_GDP,A,1995,0.0,M
240,Indonesia,IDN,ID,EDUPUBEXP,PRY_NTRY,PC_GDP,A,2000,0.0,M
241,Indonesia,IDN,ID,EDUPUBEXP,PRY_NTRY,PC_GDP,A,2005,0.0,M
242,Indonesia,IDN,ID,EDUPUBEXP,PRY_NTRY,PC_GDP,A,2008,0.0,M
243,Indonesia,IDN,ID,EDUPUBEXP,PRY_NTRY,PC_GDP,A,2009,0.0,M
244,Indonesia,IDN,ID,EDUPUBEXP,PRY_NTRY,PC_GDP,A,2010,0.0,M
245,Indonesia,IDN,ID,EDUPUBEXP,PRY_NTRY,PC_GDP,A,2011,0.0,M
246,Indonesia,IDN,ID,EDUPUBEXP,PRY_NTRY,PC_GDP,A,2012,2.515,0
247,Indonesia,IDN,ID,EDUPUBEXP,PRY_NTRY,PC_GDP,A,2013,2.27,0
248,Indonesia,IDN,ID,EDUPUBEXP,PRY_NTRY,PC_GDP,A,2014,0.0,M
249,Indonesia,IDN,ID,EDUPUBEXP,PRY_NTRY,PC_GDP,A,2015,2.492,0
250,Indonesia,IDN,ID,EDUPUBEXP,PRY_NTRY,PC_GDP,A,2016,0.0,M
251,Ireland,IRL,IE,EDUPUBEXP,PRY_NTRY,PC_GDP,A,1995,0.0,M
252,Ireland,IRL,IE,EDUPUBEXP,PRY_NTRY,PC_GDP,A,2000,2.725,0
253,Ireland,IRL,IE,EDUPUBEXP,PRY_NTRY,PC_GDP,A,2005,3.139,0
254,Ireland,IRL,IE,EDUPUBEXP,PRY_NTRY,PC_GDP,A,2008,3.862,0
255,Ireland,IRL,IE,EDUPUBEXP,PRY_NTRY,PC_GDP,A,2009,4.302,0
256,Ireland,IRL,IE,EDUPUBEXP,PRY_NTRY,PC_GDP,A,2010,4.27,0
257,Ireland,IRL,IE,EDUPUBEXP,PRY_NTRY,PC_GDP,A,2011,4.14,0
258,Ireland,IRL,IE,EDUPUBEXP,PRY_NTRY,PC_GDP,A,2012,4.128,0
259,Ireland,IRL,IE,EDUPUBEXP,PRY_NTRY,PC_GDP,A,2013,3.798,0
260,Ireland,IRL,IE,EDUPUBEXP,PRY_NTRY,PC_GDP,A,2014,3.509,0
261,Ireland,IRL,IE,EDUPUBEXP,PRY_NTRY,PC_GDP,A,2015,2.511,0
262,Ireland,IRL,IE,EDUPUBEXP,PRY_NTRY,PC_GDP,A,2016,0.0,M
263,Israel,ISR,IL,EDUPUBEXP,PRY_NTRY,PC_GDP,A,2000,3.9739999999999998,0
264,Israel,ISR,IL,EDUPUBEXP,PRY_NTRY,PC_GDP,A,2005,3.534,0
265,Israel,ISR,IL,EDUPUBEXP,PRY_NTRY,PC_GDP,A,2008,3.66,0
266,Israel,ISR,IL,EDUPUBEXP,PRY_NTRY,PC_GDP,A,2009,3.531,0
267,Israel,ISR,IL,EDUPUBEXP,PRY_NTRY,PC_GDP,A,2010,3.667,0
268,Israel,ISR,IL,EDUPUBEXP,PRY_NTRY,PC_GDP,A,2011,3.747,0
269,Israel,ISR,IL,EDUPUBEXP,PRY_NTRY,PC_GDP,A,2012,3.897,0
270,Israel,ISR,IL,EDUPUBEXP,PRY_NTRY,PC_GDP,A,2013,3.872,0
271,Israel,ISR,IL,EDUPUBEXP,PRY_NTRY,PC_GDP,A,2014,3.8569999999999998,0
272,Israel,ISR,IL,EDUPUBEXP,PRY_NTRY,PC_GDP,A,2015,4.033,0
273,Israel,ISR,IL,EDUPUBEXP,PRY_NTRY,PC_GDP,A,2016,0.0,M
274,Italy,ITA,IT,EDUPUBEXP,PRY_NTRY,PC_GDP,A,1995,0.0,M
275,Italy,ITA,IT,EDUPUBEXP,PRY_NTRY,PC_GDP,A,2000,3.0,0
276,Italy,ITA,IT,EDUPUBEXP,PRY_NTRY,PC_GDP,A,2005,3.0260000000000002,0
277,Italy,ITA,IT,EDUPUBEXP,PRY_NTRY,PC_GDP,A,2008,3.091,0
278,Italy,ITA,IT,EDUPUBEXP,PRY_NTRY,PC_GDP,A,2009,3.167,0
279,Italy,ITA,IT,EDUPUBEXP,PRY_NTRY,PC_GDP,A,2010,3.0010000000000003,0
280,Italy,ITA,IT,EDUPUBEXP,PRY_NTRY,PC_GDP,A,2011,2.84,0
281,Italy,ITA,IT,EDUPUBEXP,PRY_NTRY,PC_GDP,A,2012,2.787,0
282,Italy,ITA,IT,EDUPUBEXP,PRY_NTRY,PC_GDP,A,2013,2.838,0
283,Italy,ITA,IT,EDUPUBEXP,PRY_NTRY,PC_GDP,A,2014,2.7510000000000003,0
284,Italy,ITA,IT,EDUPUBEXP,PRY_NTRY,PC_GDP,A,2015,2.78,0
285,Italy,ITA,IT,EDUPUBEXP,PRY_NTRY,PC_GDP,A,2016,0.0,M
286,Japan,JPN,JP,EDUPUBEXP,PRY_NTRY,PC_GDP,A,1995,0.0,M
287,Japan,JPN,JP,EDUPUBEXP,PRY_NTRY,PC_GDP,A,2000,2.602,0
288,Japan,JPN,JP,EDUPUBEXP,PRY_NTRY,PC_GDP,A,2005,2.472,0
289,Japan,JPN,JP,EDUPUBEXP,PRY_NTRY,PC_GDP,A,2008,2.5,0
290,Japan,JPN,JP,EDUPUBEXP,PRY_NTRY,PC_GDP,A,2009,2.595,0
291,Japan,JPN,JP,EDUPUBEXP,PRY_NTRY,PC_GDP,A,2010,2.647,0
292,Japan,JPN,JP,EDUPUBEXP,PRY_NTRY,PC_GDP,A,2011,2.64,0
293,Japan,JPN,JP,EDUPUBEXP,PRY_NTRY,PC_GDP,A,2012,2.62,0
294,Japan,JPN,JP,EDUPUBEXP,PRY_NTRY,PC_GDP,A,2013,2.532,0
295,Japan,JPN,JP,EDUPUBEXP,PRY_NTRY,PC_GDP,A,2014,2.546,0
296,Japan,JPN,JP,EDUPUBEXP,PRY_NTRY,PC_GDP,A,2015,2.479,0
297,Japan,JPN,JP,EDUPUBEXP,PRY_NTRY,PC_GDP,A,2016,0.0,M
298,Latvia,LVA,LV,EDUPUBEXP,PRY_NTRY,PC_GDP,A,2005,3.14,0
299,Latvia,LVA,LV,EDUPUBEXP,PRY_NTRY,PC_GDP,A,2008,3.509,0
300,Latvia,LVA,LV,EDUPUBEXP,PRY_NTRY,PC_GDP,A,2009,3.6510000000000002,0
301,Latvia,LVA,LV,EDUPUBEXP,PRY_NTRY,PC_GDP,A,2010,3.242,0
302,Latvia,LVA,LV,EDUPUBEXP,PRY_NTRY,PC_GDP,A,2011,2.9560000000000004,0
303,Latvia,LVA,LV,EDUPUBEXP,PRY_NTRY,PC_GDP,A,2012,2.766,0
304,Latvia,LVA,LV,EDUPUBEXP,PRY_NTRY,PC_GDP,A,2013,3.025,0
305,Latvia,LVA,LV,EDUPUBEXP,PRY_NTRY,PC_GDP,A,2014,3.2230000000000003,0
306,Latvia,LVA,LV,EDUPUBEXP,PRY_NTRY,PC_GDP,A,2015,3.2539999999999996,0
307,Latvia,LVA,LV,EDUPUBEXP,PRY_NTRY,PC_GDP,A,2016,0.0,M
308,Lithuania,LTU,LT,EDUPUBEXP,PRY_NTRY,PC_GDP,A,1995,0.0,M
309,Lithuania,LTU,LT,EDUPUBEXP,PRY_NTRY,PC_GDP,A,2005,3.0380000000000003,0
310,Lithuania,LTU,LT,EDUPUBEXP,PRY_NTRY,PC_GDP,A,2008,3.227,0
311,Lithuania,LTU,LT,EDUPUBEXP,PRY_NTRY,PC_GDP,A,2009,3.653,0
312,Lithuania,LTU,LT,EDUPUBEXP,PRY_NTRY,PC_GDP,A,2010,3.272,0
313,Lithuania,LTU,LT,EDUPUBEXP,PRY_NTRY,PC_GDP,A,2011,2.89,0
314,Lithuania,LTU,LT,EDUPUBEXP,PRY_NTRY,PC_GDP,A,2012,2.697,0
315,Lithuania,LTU,LT,EDUPUBEXP,PRY_NTRY,PC_GDP,A,2013,2.602,0
316,Lithuania,LTU,LT,EDUPUBEXP,PRY_NTRY,PC_GDP,A,2014,2.475,0
317,Lithuania,LTU,LT,EDUPUBEXP,PRY_NTRY,PC_GDP,A,2015,2.315,0
318,Lithuania,LTU,LT,EDUPUBEXP,PRY_NTRY,PC_GDP,A,2016,0.0,M
319,Luxembourg,LUX,LU,EDUPUBEXP,PRY_NTRY,PC_GDP,A,1995,0.0,M
320,Luxembourg,LUX,LU,EDUPUBEXP,PRY_NTRY,PC_GDP,A,2000,0.0,M
321,Luxembourg,LUX,LU,EDUPUBEXP,PRY_NTRY,PC_GDP,A,2005,3.727,0
322,Luxembourg,LUX,LU,EDUPUBEXP,PRY_NTRY,PC_GDP,A,2008,0.0,M
323,Luxembourg,LUX,LU,EDUPUBEXP,PRY_NTRY,PC_GDP,A,2009,3.775,0
324,Luxembourg,LUX,LU,EDUPUBEXP,PRY_NTRY,PC_GDP,A,2010,3.4739999999999998,0
325,Luxembourg,LUX,LU,EDUPUBEXP,PRY_NTRY,PC_GDP,A,2011,3.242,0
326,Luxembourg,LUX,LU,EDUPUBEXP,PRY_NTRY,PC_GDP,A,2012,3.1460000000000004,0
327,Luxembourg,LUX,LU,EDUPUBEXP,PRY_NTRY,PC_GDP,A,2013,2.764,0
328,Luxembourg,LUX,LU,EDUPUBEXP,PRY_NTRY,PC_GDP,A,2014,2.878,0
329,Luxembourg,LUX,LU,EDUPUBEXP,PRY_NTRY,PC_GDP,A,2015,2.7939999999999996,0
330,Luxembourg,LUX,LU,EDUPUBEXP,PRY_NTRY,PC_GDP,A,2016,0.0,M
331,Mexico,MEX,MX,EDUPUBEXP,PRY_NTRY,PC_GDP,A,1995,0.0,M
332,Mexico,MEX,MX,EDUPUBEXP,PRY_NTRY,PC_GDP,A,2000,2.701,0
333,Mexico,MEX,MX,EDUPUBEXP,PRY_NTRY,PC_GDP,A,2005,3.1689999999999996,0
334,Mexico,MEX,MX,EDUPUBEXP,PRY_NTRY,PC_GDP,A,2008,3.0,0
335,Mexico,MEX,MX,EDUPUBEXP,PRY_NTRY,PC_GDP,A,2009,3.158,0
336,Mexico,MEX,MX,EDUPUBEXP,PRY_NTRY,PC_GDP,A,2010,3.221,0
337,Mexico,MEX,MX,EDUPUBEXP,PRY_NTRY,PC_GDP,A,2011,3.2119999999999997,0
338,Mexico,MEX,MX,EDUPUBEXP,PRY_NTRY,PC_GDP,A,2012,3.159,0
339,Mexico,MEX,MX,EDUPUBEXP,PRY_NTRY,PC_GDP,A,2013,3.208,0
340,Mexico,MEX,MX,EDUPUBEXP,PRY_NTRY,PC_GDP,A,2014,3.19,0
341,Mexico,MEX,MX,EDUPUBEXP,PRY_NTRY,PC_GDP,A,2015,3.2039999999999997,0
342,Mexico,MEX,MX,EDUPUBEXP,PRY_NTRY,PC_GDP,A,2016,0.0,M
343,Netherlands,NLD,NL,EDUPUBEXP,PRY_NTRY,PC_GDP,A,1995,0.0,M
344,Netherlands,NLD,NL,EDUPUBEXP,PRY_NTRY,PC_GDP,A,2000,2.722,0
345,Netherlands,NLD,NL,EDUPUBEXP,PRY_NTRY,PC_GDP,A,2005,3.12,0
346,Netherlands,NLD,NL,EDUPUBEXP,PRY_NTRY,PC_GDP,A,2008,2.985,0
347,Netherlands,NLD,NL,EDUPUBEXP,PRY_NTRY,PC_GDP,A,2009,3.321,0
348,Netherlands,NLD,NL,EDUPUBEXP,PRY_NTRY,PC_GDP,A,2010,3.315,0
349,Netherlands,NLD,NL,EDUPUBEXP,PRY_NTRY,PC_GDP,A,2011,3.2289999999999996,0
350,Netherlands,NLD,NL,EDUPUBEXP,PRY_NTRY,PC_GDP,A,2012,3.253,0
351,Netherlands,NLD,NL,EDUPUBEXP,PRY_NTRY,PC_GDP,A,2013,3.318,0
352,Netherlands,NLD,NL,EDUPUBEXP,PRY_NTRY,PC_GDP,A,2014,3.188,0
353,Netherlands,NLD,NL,EDUPUBEXP,PRY_NTRY,PC_GDP,A,2015,3.176,0
354,Netherlands,NLD,NL,EDUPUBEXP,PRY_NTRY,PC_GDP,A,2016,0.0,M
355,New Zealand,NZL,NZ,EDUPUBEXP,PRY_NTRY,PC_GDP,A,1995,0.0,M
356,New Zealand,NZL,NZ,EDUPUBEXP,PRY_NTRY,PC_GDP,A,2000,0.0,M
357,New Zealand,NZL,NZ,EDUPUBEXP,PRY_NTRY,PC_GDP,A,2005,0.0,M
358,New Zealand,NZL,NZ,EDUPUBEXP,PRY_NTRY,PC_GDP,A,2008,0.0,M
359,New Zealand,NZL,NZ,EDUPUBEXP,PRY_NTRY,PC_GDP,A,2009,0.0,M
360,New Zealand,NZL,NZ,EDUPUBEXP,PRY_NTRY,PC_GDP,A,2010,0.0,M
361,New Zealand,NZL,NZ,EDUPUBEXP,PRY_NTRY,PC_GDP,A,2011,0.0,M
362,New Zealand,NZL,NZ,EDUPUBEXP,PRY_NTRY,PC_GDP,A,2012,3.946,0
363,New Zealand,NZL,NZ,EDUPUBEXP,PRY_NTRY,PC_GDP,A,2013,3.785,0
364,New Zealand,NZL,NZ,EDUPUBEXP,PRY_NTRY,PC_GDP,A,2014,3.763,0
365,New Zealand,NZL,NZ,EDUPUBEXP,PRY_NTRY,PC_GDP,A,2015,3.784,0
366,New Zealand,NZL,NZ,EDUPUBEXP,PRY_NTRY,PC_GDP,A,2016,0.0,M
367,Norway,NOR,NO,EDUPUBEXP,PRY_NTRY,PC_GDP,A,1995,0.0,M
368,Norway,NOR,NO,EDUPUBEXP,PRY_NTRY,PC_GDP,A,2000,4.921,0
369,Norway,NOR,NO,EDUPUBEXP,PRY_NTRY,PC_GDP,A,2005,4.894,0
370,Norway,NOR,NO,EDUPUBEXP,PRY_NTRY,PC_GDP,A,2008,4.61,0
371,Norway,NOR,NO,EDUPUBEXP,PRY_NTRY,PC_GDP,A,2009,4.989,0
372,Norway,NOR,NO,EDUPUBEXP,PRY_NTRY,PC_GDP,A,2010,4.8660000000000005,0
373,Norway,NOR,NO,EDUPUBEXP,PRY_NTRY,PC_GDP,A,2011,4.732,0
374,Norway,NOR,NO,EDUPUBEXP,PRY_NTRY,PC_GDP,A,2012,4.6,0
375,Norway,NOR,NO,EDUPUBEXP,PRY_NTRY,PC_GDP,A,2013,4.685,0
376,Norway,NOR,NO,EDUPUBEXP,PRY_NTRY,PC_GDP,A,2014,4.499,0
377,Norway,NOR,NO,EDUPUBEXP,PRY_NTRY,PC_GDP,A,2015,4.612,0
378,Norway,NOR,NO,EDUPUBEXP,PRY_NTRY,PC_GDP,A,2016,0.0,M
379,Poland,POL,PL,EDUPUBEXP,PRY_NTRY,PC_GDP,A,1995,0.0,M
380,Poland,POL,PL,EDUPUBEXP,PRY_NTRY,PC_GDP,A,2000,0.0,M
381,Poland,POL,PL,EDUPUBEXP,PRY_NTRY,PC_GDP,A,2005,3.641,0
382,Poland,POL,PL,EDUPUBEXP,PRY_NTRY,PC_GDP,A,2008,3.387,0
383,Poland,POL,PL,EDUPUBEXP,PRY_NTRY,PC_GDP,A,2009,3.377,0
384,Poland,POL,PL,EDUPUBEXP,PRY_NTRY,PC_GDP,A,2010,3.36,0
385,Poland,POL,PL,EDUPUBEXP,PRY_NTRY,PC_GDP,A,2011,3.153,0
386,Poland,POL,PL,EDUPUBEXP,PRY_NTRY,PC_GDP,A,2012,3.105,0
387,Poland,POL,PL,EDUPUBEXP,PRY_NTRY,PC_GDP,A,2013,3.0660000000000003,0
388,Poland,POL,PL,EDUPUBEXP,PRY_NTRY,PC_GDP,A,2014,3.0389999999999997,0
389,Poland,POL,PL,EDUPUBEXP,PRY_NTRY,PC_GDP,A,2015,2.929,0
390,Poland,POL,PL,EDUPUBEXP,PRY_NTRY,PC_GDP,A,2016,0.0,M
391,Portugal,PRT,PT,EDUPUBEXP,PRY_NTRY,PC_GDP,A,1995,0.0,M
392,Portugal,PRT,PT,EDUPUBEXP,PRY_NTRY,PC_GDP,A,2000,3.7089999999999996,0
393,Portugal,PRT,PT,EDUPUBEXP,PRY_NTRY,PC_GDP,A,2005,3.569,0
394,Portugal,PRT,PT,EDUPUBEXP,PRY_NTRY,PC_GDP,A,2008,3.267,0
395,Portugal,PRT,PT,EDUPUBEXP,PRY_NTRY,PC_GDP,A,2009,3.823,0
396,Portugal,PRT,PT,EDUPUBEXP,PRY_NTRY,PC_GDP,A,2010,3.733,0
397,Portugal,PRT,PT,EDUPUBEXP,PRY_NTRY,PC_GDP,A,2011,3.5580000000000003,0
398,Portugal,PRT,PT,EDUPUBEXP,PRY_NTRY,PC_GDP,A,2012,3.543,0
399,Portugal,PRT,PT,EDUPUBEXP,PRY_NTRY,PC_GDP,A,2013,3.775,0
400,Portugal,PRT,PT,EDUPUBEXP,PRY_NTRY,PC_GDP,A,2014,3.59,0
401,Portugal,PRT,PT,EDUPUBEXP,PRY_NTRY,PC_GDP,A,2015,3.392,0
402,Portugal,PRT,PT,EDUPUBEXP,PRY_NTRY,PC_GDP,A,2016,0.0,M
403,Russia,RUS,RU,EDUPUBEXP,PRY_NTRY,PC_GDP,A,1995,0.0,M
404,Russia,RUS,RU,EDUPUBEXP,PRY_NTRY,PC_GDP,A,2000,1.5430000000000001,0
405,Russia,RUS,RU,EDUPUBEXP,PRY_NTRY,PC_GDP,A,2005,1.746,0
406,Russia,RUS,RU,EDUPUBEXP,PRY_NTRY,PC_GDP,A,2008,1.864,0
407,Russia,RUS,RU,EDUPUBEXP,PRY_NTRY,PC_GDP,A,2009,2.134,0
408,Russia,RUS,RU,EDUPUBEXP,PRY_NTRY,PC_GDP,A,2010,1.849,0
409,Russia,RUS,RU,EDUPUBEXP,PRY_NTRY,PC_GDP,A,2011,1.8219999999999998,0
410,Russia,RUS,RU,EDUPUBEXP,PRY_NTRY,PC_GDP,A,2012,2.015,0
411,Russia,RUS,RU,EDUPUBEXP,PRY_NTRY,PC_GDP,A,2013,2.044,0
412,Russia,RUS,RU,EDUPUBEXP,PRY_NTRY,PC_GDP,A,2014,1.945,0
413,Russia,RUS,RU,EDUPUBEXP,PRY_NTRY,PC_GDP,A,2015,1.8430000000000002,0
414,Russia,RUS,RU,EDUPUBEXP,PRY_NTRY,PC_GDP,A,2016,0.0,M
415,Saudi Arabia,SAU,SA,EDUPUBEXP,PRY_NTRY,PC_GDP,A,1995,0.0,M
416,Saudi Arabia,SAU,SA,EDUPUBEXP,PRY_NTRY,PC_GDP,A,2000,0.0,M
417,Saudi Arabia,SAU,SA,EDUPUBEXP,PRY_NTRY,PC_GDP,A,2005,0.0,M
418,Saudi Arabia,SAU,SA,EDUPUBEXP,PRY_NTRY,PC_GDP,A,2008,0.0,M
419,Saudi Arabia,SAU,SA,EDUPUBEXP,PRY_NTRY,PC_GDP,A,2009,0.0,M
420,Saudi Arabia,SAU,SA,EDUPUBEXP,PRY_NTRY,PC_GDP,A,2010,0.0,M
421,Saudi Arabia,SAU,SA,EDUPUBEXP,PRY_NTRY,PC_GDP,A,2011,0.0,M
422,Saudi Arabia,SAU,SA,EDUPUBEXP,PRY_NTRY,PC_GDP,A,2012,0.0,M
423,Saudi Arabia,SAU,SA,EDUPUBEXP,PRY_NTRY,PC_GDP,A,2013,0.0,M
424,Saudi Arabia,SAU,SA,EDUPUBEXP,PRY_NTRY,PC_GDP,A,2014,0.0,M
425,Saudi Arabia,SAU,SA,EDUPUBEXP,PRY_NTRY,PC_GDP,A,2015,0.0,M
426,Saudi Arabia,SAU,SA,EDUPUBEXP,PRY_NTRY,PC_GDP,A,2016,0.0,M
427,Slovakia,SVK,SK,EDUPUBEXP,PRY_NTRY,PC_GDP,A,1995,0.0,M
428,Slovakia,SVK,SK,EDUPUBEXP,PRY_NTRY,PC_GDP,A,2000,2.5810000000000004,0
429,Slovakia,SVK,SK,EDUPUBEXP,PRY_NTRY,PC_GDP,A,2005,2.41,0
430,Slovakia,SVK,SK,EDUPUBEXP,PRY_NTRY,PC_GDP,A,2008,2.14,0
431,Slovakia,SVK,SK,EDUPUBEXP,PRY_NTRY,PC_GDP,A,2009,2.5140000000000002,0
432,Slovakia,SVK,SK,EDUPUBEXP,PRY_NTRY,PC_GDP,A,2010,2.638,0
433,Slovakia,SVK,SK,EDUPUBEXP,PRY_NTRY,PC_GDP,A,2011,2.404,0
434,Slovakia,SVK,SK,EDUPUBEXP,PRY_NTRY,PC_GDP,A,2012,2.342,0
435,Slovakia,SVK,SK,EDUPUBEXP,PRY_NTRY,PC_GDP,A,2013,2.419,0
436,Slovakia,SVK,SK,EDUPUBEXP,PRY_NTRY,PC_GDP,A,2014,2.476,0
437,Slovakia,SVK,SK,EDUPUBEXP,PRY_NTRY,PC_GDP,A,2015,2.5540000000000003,0
438,Slovakia,SVK,SK,EDUPUBEXP,PRY_NTRY,PC_GDP,A,2016,0.0,M
439,Slovenia,SVN,SI,EDUPUBEXP,PRY_NTRY,PC_GDP,A,1995,0.0,M
440,Slovenia,SVN,SI,EDUPUBEXP,PRY_NTRY,PC_GDP,A,2000,0.0,M
441,Slovenia,SVN,SI,EDUPUBEXP,PRY_NTRY,PC_GDP,A,2005,3.7230000000000003,0
442,Slovenia,SVN,SI,EDUPUBEXP,PRY_NTRY,PC_GDP,A,2008,3.31,0
443,Slovenia,SVN,SI,EDUPUBEXP,PRY_NTRY,PC_GDP,A,2009,3.529,0
444,Slovenia,SVN,SI,EDUPUBEXP,PRY_NTRY,PC_GDP,A,2010,3.5,0
445,Slovenia,SVN,SI,EDUPUBEXP,PRY_NTRY,PC_GDP,A,2011,3.3960000000000004,0
446,Slovenia,SVN,SI,EDUPUBEXP,PRY_NTRY,PC_GDP,A,2012,3.359,0
447,Slovenia,SVN,SI,EDUPUBEXP,PRY_NTRY,PC_GDP,A,2013,3.293,0
448,Slovenia,SVN,SI,EDUPUBEXP,PRY_NTRY,PC_GDP,A,2014,3.155,0
449,Slovenia,SVN,SI,EDUPUBEXP,PRY_NTRY,PC_GDP,A,2015,2.955,0
450,Slovenia,SVN,SI,EDUPUBEXP,PRY_NTRY,PC_GDP,A,2016,0.0,M
451,South Africa,ZAF,ZA,EDUPUBEXP,PRY_NTRY,PC_GDP,A,1995,0.0,M
452,South Africa,ZAF,ZA,EDUPUBEXP,PRY_NTRY,PC_GDP,A,2000,0.0,M
453,South Africa,ZAF,ZA,EDUPUBEXP,PRY_NTRY,PC_GDP,A,2005,0.0,M
454,South Africa,ZAF,ZA,EDUPUBEXP,PRY_NTRY,PC_GDP,A,2008,0.0,M
455,South Africa,ZAF,ZA,EDUPUBEXP,PRY_NTRY,PC_GDP,A,2009,0.0,M
456,South Africa,ZAF,ZA,EDUPUBEXP,PRY_NTRY,PC_GDP,A,2010,0.0,M
457,South Africa,ZAF,ZA,EDUPUBEXP,PRY_NTRY,PC_GDP,A,2011,0.0,M
458,South Africa,ZAF,ZA,EDUPUBEXP,PRY_NTRY,PC_GDP,A,2012,5.1579999999999995,0
459,South Africa,ZAF,ZA,EDUPUBEXP,PRY_NTRY,PC_GDP,A,2013,4.774,0
460,South Africa,ZAF,ZA,EDUPUBEXP,PRY_NTRY,PC_GDP,A,2014,4.861000000000001,0
461,South Africa,ZAF,ZA,EDUPUBEXP,PRY_NTRY,PC_GDP,A,2015,0.0,M
462,South Africa,ZAF,ZA,EDUPUBEXP,PRY_NTRY,PC_GDP,A,2016,0.0,M
463,South Korea,KOR,KR,EDUPUBEXP,PRY_NTRY,PC_GDP,A,1995,0.0,M
464,South Korea,KOR,KR,EDUPUBEXP,PRY_NTRY,PC_GDP,A,2000,0.0,M
465,South Korea,KOR,KR,EDUPUBEXP,PRY_NTRY,PC_GDP,A,2005,2.946,0
466,South Korea,KOR,KR,EDUPUBEXP,PRY_NTRY,PC_GDP,A,2008,3.003,0
467,South Korea,KOR,KR,EDUPUBEXP,PRY_NTRY,PC_GDP,A,2009,3.284,0
468,South Korea,KOR,KR,EDUPUBEXP,PRY_NTRY,PC_GDP,A,2010,3.548,0
469,South Korea,KOR,KR,EDUPUBEXP,PRY_NTRY,PC_GDP,A,2011,3.613,0
470,South Korea,KOR,KR,EDUPUBEXP,PRY_NTRY,PC_GDP,A,2012,3.736,0
471,South Korea,KOR,KR,EDUPUBEXP,PRY_NTRY,PC_GDP,A,2013,3.602,0
472,South Korea,KOR,KR,EDUPUBEXP,PRY_NTRY,PC_GDP,A,2014,3.4819999999999998,0
473,South Korea,KOR,KR,EDUPUBEXP,PRY_NTRY,PC_GDP,A,2015,3.469,0
474,South Korea,KOR,KR,EDUPUBEXP,PRY_NTRY,PC_GDP,A,2016,0.0,M
475,Spain,ESP,ES,EDUPUBEXP,PRY_NTRY,PC_GDP,A,1995,0.0,M
476,Spain,ESP,ES,EDUPUBEXP,PRY_NTRY,PC_GDP,A,2000,2.8760000000000003,0
477,Spain,ESP,ES,EDUPUBEXP,PRY_NTRY,PC_GDP,A,2005,2.65,0
478,Spain,ESP,ES,EDUPUBEXP,PRY_NTRY,PC_GDP,A,2008,2.785,0
479,Spain,ESP,ES,EDUPUBEXP,PRY_NTRY,PC_GDP,A,2009,2.998,0
480,Spain,ESP,ES,EDUPUBEXP,PRY_NTRY,PC_GDP,A,2010,2.944,0
481,Spain,ESP,ES,EDUPUBEXP,PRY_NTRY,PC_GDP,A,2011,2.8810000000000002,0
482,Spain,ESP,ES,EDUPUBEXP,PRY_NTRY,PC_GDP,A,2012,2.747,0
483,Spain,ESP,ES,EDUPUBEXP,PRY_NTRY,PC_GDP,A,2013,2.679,0
484,Spain,ESP,ES,EDUPUBEXP,PRY_NTRY,PC_GDP,A,2014,2.639,0
485,Spain,ESP,ES,EDUPUBEXP,PRY_NTRY,PC_GDP,A,2015,2.656,0
486,Spain,ESP,ES,EDUPUBEXP,PRY_NTRY,PC_GDP,A,2016,0.0,M
487,Sweden,SWE,SE,EDUPUBEXP,PRY_NTRY,PC_GDP,A,1995,0.0,M
488,Sweden,SWE,SE,EDUPUBEXP,PRY_NTRY,PC_GDP,A,2000,4.015,0
489,Sweden,SWE,SE,EDUPUBEXP,PRY_NTRY,PC_GDP,A,2005,3.9939999999999998,0
490,Sweden,SWE,SE,EDUPUBEXP,PRY_NTRY,PC_GDP,A,2008,3.822,0
491,Sweden,SWE,SE,EDUPUBEXP,PRY_NTRY,PC_GDP,A,2009,3.983,0
492,Sweden,SWE,SE,EDUPUBEXP,PRY_NTRY,PC_GDP,A,2010,3.775,0
493,Sweden,SWE,SE,EDUPUBEXP,PRY_NTRY,PC_GDP,A,2011,3.6860000000000004,0
494,Sweden,SWE,SE,EDUPUBEXP,PRY_NTRY,PC_GDP,A,2012,3.708,0
495,Sweden,SWE,SE,EDUPUBEXP,PRY_NTRY,PC_GDP,A,2013,3.7030000000000003,0
496,Sweden,SWE,SE,EDUPUBEXP,PRY_NTRY,PC_GDP,A,2014,3.68,0
497,Sweden,SWE,SE,EDUPUBEXP,PRY_NTRY,PC_GDP,A,2015,3.6460000000000004,0
498,Sweden,SWE,SE,EDUPUBEXP,PRY_NTRY,PC_GDP,A,2016,0.0,M
499,Switzerland,CHE,CH,EDUPUBEXP,PRY_NTRY,PC_GDP,A,1995,0.0,M
500,Switzerland,CHE,CH,EDUPUBEXP,PRY_NTRY,PC_GDP,A,2000,3.307,0
501,Switzerland,CHE,CH,EDUPUBEXP,PRY_NTRY,PC_GDP,A,2005,3.469,0
502,Switzerland,CHE,CH,EDUPUBEXP,PRY_NTRY,PC_GDP,A,2008,3.083,0
503,Switzerland,CHE,CH,EDUPUBEXP,PRY_NTRY,PC_GDP,A,2009,3.278,0
504,Switzerland,CHE,CH,EDUPUBEXP,PRY_NTRY,PC_GDP,A,2010,3.196,0
505,Switzerland,CHE,CH,EDUPUBEXP,PRY_NTRY,PC_GDP,A,2011,3.202,0
506,Switzerland,CHE,CH,EDUPUBEXP,PRY_NTRY,PC_GDP,A,2012,3.3930000000000002,0
507,Switzerland,CHE,CH,EDUPUBEXP,PRY_NTRY,PC_GDP,A,2013,3.412,0
508,Switzerland,CHE,CH,EDUPUBEXP,PRY_NTRY,PC_GDP,A,2014,3.353,0
509,Switzerland,CHE,CH,EDUPUBEXP,PRY_NTRY,PC_GDP,A,2015,3.2319999999999998,0
510,Switzerland,CHE,CH,EDUPUBEXP,PRY_NTRY,PC_GDP,A,2016,0.0,M
511,Turkey,TUR,TR,EDUPUBEXP,PRY_NTRY,PC_GDP,A,1995,0.0,M
512,Turkey,TUR,TR,EDUPUBEXP,PRY_NTRY,PC_GDP,A,2000,1.73,0
513,Turkey,TUR,TR,EDUPUBEXP,PRY_NTRY,PC_GDP,A,2005,1.925,0
514,Turkey,TUR,TR,EDUPUBEXP,PRY_NTRY,PC_GDP,A,2008,2.057,0
515,Turkey,TUR,TR,EDUPUBEXP,PRY_NTRY,PC_GDP,A,2009,2.3680000000000003,0
516,Turkey,TUR,TR,EDUPUBEXP,PRY_NTRY,PC_GDP,A,2010,2.373,0
517,Turkey,TUR,TR,EDUPUBEXP,PRY_NTRY,PC_GDP,A,2011,2.528,0
518,Turkey,TUR,TR,EDUPUBEXP,PRY_NTRY,PC_GDP,A,2012,2.5789999999999997,0
519,Turkey,TUR,TR,EDUPUBEXP,PRY_NTRY,PC_GDP,A,2013,2.5660000000000003,0
520,Turkey,TUR,TR,EDUPUBEXP,PRY_NTRY,PC_GDP,A,2014,2.557,0
521,Turkey,TUR,TR,EDUPUBEXP,PRY_NTRY,PC_GDP,A,2015,2.533,0
522,Turkey,TUR,TR,EDUPUBEXP,PRY_NTRY,PC_GDP,A,2016,0.0,M
523,United Kingdom,GBR,GB,EDUPUBEXP,PRY_NTRY,PC_GDP,A,1995,0.0,M
524,United Kingdom,GBR,GB,EDUPUBEXP,PRY_NTRY,PC_GDP,A,2000,2.799,0
525,United Kingdom,GBR,GB,EDUPUBEXP,PRY_NTRY,PC_GDP,A,2005,3.2539999999999996,0
526,United Kingdom,GBR,GB,EDUPUBEXP,PRY_NTRY,PC_GDP,A,2008,2.986,0
527,United Kingdom,GBR,GB,EDUPUBEXP,PRY_NTRY,PC_GDP,A,2009,3.2710000000000004,0
528,United Kingdom,GBR,GB,EDUPUBEXP,PRY_NTRY,PC_GDP,A,2010,3.344,0
529,United Kingdom,GBR,GB,EDUPUBEXP,PRY_NTRY,PC_GDP,A,2011,3.659,0
530,United Kingdom,GBR,GB,EDUPUBEXP,PRY_NTRY,PC_GDP,A,2012,3.634,0
531,United Kingdom,GBR,GB,EDUPUBEXP,PRY_NTRY,PC_GDP,A,2013,3.931,0
532,United Kingdom,GBR,GB,EDUPUBEXP,PRY_NTRY,PC_GDP,A,2014,4.082,0
533,United Kingdom,GBR,GB,EDUPUBEXP,PRY_NTRY,PC_GDP,A,2015,3.783,0
534,United Kingdom,GBR,GB,EDUPUBEXP,PRY_NTRY,PC_GDP,A,2016,0.0,M
535,United States,USA,US,EDUPUBEXP,PRY_NTRY,PC_GDP,A,1995,0.0,M
536,United States,USA,US,EDUPUBEXP,PRY_NTRY,PC_GDP,A,2000,3.3689999999999998,0
537,United States,USA,US,EDUPUBEXP,PRY_NTRY,PC_GDP,A,2005,3.455,0
538,United States,USA,US,EDUPUBEXP,PRY_NTRY,PC_GDP,A,2008,3.597,0
539,United States,USA,US,EDUPUBEXP,PRY_NTRY,PC_GDP,A,2009,3.662,0
540,United States,USA,US,EDUPUBEXP,PRY_NTRY,PC_GDP,A,2010,3.6069999999999998,0
541,United States,USA,US,EDUPUBEXP,PRY_NTRY,PC_GDP,A,2011,3.458,0
542,United States,USA,US,EDUPUBEXP,PRY_NTRY,PC_GDP,A,2012,3.3110000000000004,0
543,United States,USA,US,EDUPUBEXP,PRY_NTRY,PC_GDP,A,2013,3.2310000000000003,0
544,United States,USA,US,EDUPUBEXP,PRY_NTRY,PC_GDP,A,2014,3.205,0
545,United States,USA,US,EDUPUBEXP,PRY_NTRY,PC_GDP,A,2015,3.207,0
546,United States,USA,US,EDUPUBEXP,PRY_NTRY,PC_GDP,A,2016,0.0,M
