,Country,LOCATION,ISO CODE 2 letter,INDICATOR,SUBJECT,MEASURE,FREQUENCY,TIME,%_GDP,Flag Codes
0,Argentina,ARG,AR,INSURANCEEXP,TOT,PC_GDP,A,2012,2.251,
1,Argentina,ARG,AR,INSURANCEEXP,TOT,PC_GDP,A,2013,2.408,
2,Argentina,ARG,AR,INSURANCEEXP,TOT,PC_GDP,A,2014,2.378,
3,Argentina,ARG,AR,INSURANCEEXP,TOT,PC_GDP,A,2015,2.575,
4,Argentina,ARG,AR,INSURANCEEXP,TOT,PC_GDP,A,2016,2.565,
5,Argentina,ARG,AR,INSURANCEEXP,TOT,PC_GDP,A,2017,2.557,
6,Argentina,ARG,AR,INSURANCEEXP,TOT,PC_GDP,A,2018,2.314,
7,Australia,AUS,AU,INSURANCEEXP,TOT,PC_GDP,A,1983,1.963,
8,Australia,AUS,AU,INSURANCEEXP,TOT,PC_GDP,A,1984,3.8739999999999997,
9,Australia,AUS,AU,INSURANCEEXP,TOT,PC_GDP,A,1985,3.767,
10,Australia,AUS,AU,INSURANCEEXP,TOT,PC_GDP,A,1986,1.8230000000000002,
11,Australia,AUS,AU,INSURANCEEXP,TOT,PC_GDP,A,1987,5.256,
12,Australia,AUS,AU,INSURANCEEXP,TOT,PC_GDP,A,1988,5.505,
13,Australia,AUS,AU,INSURANCEEXP,TOT,PC_GDP,A,1989,5.641,
14,Australia,AUS,AU,INSURANCEEXP,TOT,PC_GDP,A,1990,6.432,
15,Australia,AUS,AU,INSURANCEEXP,TOT,PC_GDP,A,1991,6.095,
16,Australia,AUS,AU,INSURANCEEXP,TOT,PC_GDP,A,1992,5.65,
17,Australia,AUS,AU,INSURANCEEXP,TOT,PC_GDP,A,1993,8.269,
18,Australia,AUS,AU,INSURANCEEXP,TOT,PC_GDP,A,1994,3.242,
19,Australia,AUS,AU,INSURANCEEXP,TOT,PC_GDP,A,1995,3.148,
20,Australia,AUS,AU,INSURANCEEXP,TOT,PC_GDP,A,1996,7.1,
21,Australia,AUS,AU,INSURANCEEXP,TOT,PC_GDP,A,1997,8.381,
22,Australia,AUS,AU,INSURANCEEXP,TOT,PC_GDP,A,1998,8.633,
23,Australia,AUS,AU,INSURANCEEXP,TOT,PC_GDP,A,1999,8.761000000000001,
24,Australia,AUS,AU,INSURANCEEXP,TOT,PC_GDP,A,2000,7.952999999999999,
25,Australia,AUS,AU,INSURANCEEXP,TOT,PC_GDP,A,2001,7.522,
26,Australia,AUS,AU,INSURANCEEXP,TOT,PC_GDP,A,2002,7.0920000000000005,
27,Australia,AUS,AU,INSURANCEEXP,TOT,PC_GDP,A,2003,6.287999999999999,
28,Australia,AUS,AU,INSURANCEEXP,TOT,PC_GDP,A,2004,6.24,
29,Australia,AUS,AU,INSURANCEEXP,TOT,PC_GDP,A,2005,5.8420000000000005,
30,Australia,AUS,AU,INSURANCEEXP,TOT,PC_GDP,A,2006,5.632000000000001,
31,Australia,AUS,AU,INSURANCEEXP,TOT,PC_GDP,A,2007,6.1370000000000005,
32,Australia,AUS,AU,INSURANCEEXP,TOT,PC_GDP,A,2008,5.601,
33,Australia,AUS,AU,INSURANCEEXP,TOT,PC_GDP,A,2009,5.162000000000001,
34,Australia,AUS,AU,INSURANCEEXP,TOT,PC_GDP,A,2010,4.95,
35,Australia,AUS,AU,INSURANCEEXP,TOT,PC_GDP,A,2011,4.919,
36,Australia,AUS,AU,INSURANCEEXP,TOT,PC_GDP,A,2012,4.798,
37,Australia,AUS,AU,INSURANCEEXP,TOT,PC_GDP,A,2013,5.058,
38,Australia,AUS,AU,INSURANCEEXP,TOT,PC_GDP,A,2014,5.955,
39,Australia,AUS,AU,INSURANCEEXP,TOT,PC_GDP,A,2015,5.619,
40,Australia,AUS,AU,INSURANCEEXP,TOT,PC_GDP,A,2016,4.946000000000001,
41,Australia,AUS,AU,INSURANCEEXP,TOT,PC_GDP,A,2017,4.444,
42,Australia,AUS,AU,INSURANCEEXP,TOT,PC_GDP,A,2018,4.126,
43,Austria,AUT,AT,INSURANCEEXP,TOT,PC_GDP,A,1987,4.585,
44,Austria,AUT,AT,INSURANCEEXP,TOT,PC_GDP,A,1988,4.8839999999999995,
45,Austria,AUT,AT,INSURANCEEXP,TOT,PC_GDP,A,1989,4.84,
46,Austria,AUT,AT,INSURANCEEXP,TOT,PC_GDP,A,1990,4.771,
47,Austria,AUT,AT,INSURANCEEXP,TOT,PC_GDP,A,1991,4.721,
48,Austria,AUT,AT,INSURANCEEXP,TOT,PC_GDP,A,1992,4.808,
49,Austria,AUT,AT,INSURANCEEXP,TOT,PC_GDP,A,1993,5.2989999999999995,
50,Austria,AUT,AT,INSURANCEEXP,TOT,PC_GDP,A,1994,5.197,
51,Austria,AUT,AT,INSURANCEEXP,TOT,PC_GDP,A,1995,5.351,
52,Austria,AUT,AT,INSURANCEEXP,TOT,PC_GDP,A,1996,6.004,
53,Austria,AUT,AT,INSURANCEEXP,TOT,PC_GDP,A,1997,5.303999999999999,
54,Austria,AUT,AT,INSURANCEEXP,TOT,PC_GDP,A,1998,5.29,
55,Austria,AUT,AT,INSURANCEEXP,TOT,PC_GDP,A,1999,5.442,
56,Austria,AUT,AT,INSURANCEEXP,TOT,PC_GDP,A,2000,5.447,
57,Austria,AUT,AT,INSURANCEEXP,TOT,PC_GDP,A,2001,5.602,
58,Austria,AUT,AT,INSURANCEEXP,TOT,PC_GDP,A,2002,5.504,
59,Austria,AUT,AT,INSURANCEEXP,TOT,PC_GDP,A,2003,5.632999999999999,
60,Austria,AUT,AT,INSURANCEEXP,TOT,PC_GDP,A,2004,5.563,
61,Austria,AUT,AT,INSURANCEEXP,TOT,PC_GDP,A,2005,5.462999999999999,
62,Austria,AUT,AT,INSURANCEEXP,TOT,PC_GDP,A,2006,5.327000000000001,
63,Austria,AUT,AT,INSURANCEEXP,TOT,PC_GDP,A,2007,5.069,
64,Austria,AUT,AT,INSURANCEEXP,TOT,PC_GDP,A,2008,5.486000000000001,
65,Austria,AUT,AT,INSURANCEEXP,TOT,PC_GDP,A,2009,5.676,
66,Austria,AUT,AT,INSURANCEEXP,TOT,PC_GDP,A,2010,5.627999999999999,
67,Austria,AUT,AT,INSURANCEEXP,TOT,PC_GDP,A,2011,5.332000000000001,
68,Austria,AUT,AT,INSURANCEEXP,TOT,PC_GDP,A,2012,5.127999999999999,
69,Austria,AUT,AT,INSURANCEEXP,TOT,PC_GDP,A,2013,5.127999999999999,
70,Austria,AUT,AT,INSURANCEEXP,TOT,PC_GDP,A,2014,5.127999999999999,
71,Austria,AUT,AT,INSURANCEEXP,TOT,PC_GDP,A,2015,5.032,
72,Austria,AUT,AT,INSURANCEEXP,TOT,PC_GDP,A,2016,4.735,
73,Austria,AUT,AT,INSURANCEEXP,TOT,PC_GDP,A,2017,4.585,
74,Austria,AUT,AT,INSURANCEEXP,TOT,PC_GDP,A,2018,4.456,
75,Belgium,BEL,BE,INSURANCEEXP,TOT,PC_GDP,A,1983,4.095,
76,Belgium,BEL,BE,INSURANCEEXP,TOT,PC_GDP,A,1984,4.062,
77,Belgium,BEL,BE,INSURANCEEXP,TOT,PC_GDP,A,1985,4.046,
78,Belgium,BEL,BE,INSURANCEEXP,TOT,PC_GDP,A,1986,4.225,
79,Belgium,BEL,BE,INSURANCEEXP,TOT,PC_GDP,A,1987,4.463,
80,Belgium,BEL,BE,INSURANCEEXP,TOT,PC_GDP,A,1988,4.463,
81,Belgium,BEL,BE,INSURANCEEXP,TOT,PC_GDP,A,1989,4.452,
82,Belgium,BEL,BE,INSURANCEEXP,TOT,PC_GDP,A,1990,4.485,
83,Belgium,BEL,BE,INSURANCEEXP,TOT,PC_GDP,A,1991,4.609,
84,Belgium,BEL,BE,INSURANCEEXP,TOT,PC_GDP,A,1992,4.765,
85,Belgium,BEL,BE,INSURANCEEXP,TOT,PC_GDP,A,1993,4.9510000000000005,
86,Belgium,BEL,BE,INSURANCEEXP,TOT,PC_GDP,A,1994,4.965,
87,Belgium,BEL,BE,INSURANCEEXP,TOT,PC_GDP,A,1995,5.132000000000001,
88,Belgium,BEL,BE,INSURANCEEXP,TOT,PC_GDP,A,1996,5.441,
89,Belgium,BEL,BE,INSURANCEEXP,TOT,PC_GDP,A,1997,5.609,
90,Belgium,BEL,BE,INSURANCEEXP,TOT,PC_GDP,A,1998,6.357,
91,Belgium,BEL,BE,INSURANCEEXP,TOT,PC_GDP,A,1999,6.916,
92,Belgium,BEL,BE,INSURANCEEXP,TOT,PC_GDP,A,2000,7.537999999999999,
93,Belgium,BEL,BE,INSURANCEEXP,TOT,PC_GDP,A,2001,7.63,
94,Belgium,BEL,BE,INSURANCEEXP,TOT,PC_GDP,A,2002,8.02,
95,Belgium,BEL,BE,INSURANCEEXP,TOT,PC_GDP,A,2003,8.986,
96,Belgium,BEL,BE,INSURANCEEXP,TOT,PC_GDP,A,2004,9.407,
97,Belgium,BEL,BE,INSURANCEEXP,TOT,PC_GDP,A,2005,10.784,
98,Belgium,BEL,BE,INSURANCEEXP,TOT,PC_GDP,A,2006,8.919,
99,Belgium,BEL,BE,INSURANCEEXP,TOT,PC_GDP,A,2007,9.033999999999999,
100,Belgium,BEL,BE,INSURANCEEXP,TOT,PC_GDP,A,2008,8.152999999999999,
101,Belgium,BEL,BE,INSURANCEEXP,TOT,PC_GDP,A,2009,8.072000000000001,
102,Belgium,BEL,BE,INSURANCEEXP,TOT,PC_GDP,A,2010,7.9110000000000005,
103,Belgium,BEL,BE,INSURANCEEXP,TOT,PC_GDP,A,2011,7.57,
104,Belgium,BEL,BE,INSURANCEEXP,TOT,PC_GDP,A,2012,8.224,
105,Belgium,BEL,BE,INSURANCEEXP,TOT,PC_GDP,A,2013,6.959,
106,Belgium,BEL,BE,INSURANCEEXP,TOT,PC_GDP,A,2014,6.909,
107,Belgium,BEL,BE,INSURANCEEXP,TOT,PC_GDP,A,2015,6.449,
108,Belgium,BEL,BE,INSURANCEEXP,TOT,PC_GDP,A,2016,6.205,
109,Belgium,BEL,BE,INSURANCEEXP,TOT,PC_GDP,A,2017,5.973,
110,Belgium,BEL,BE,INSURANCEEXP,TOT,PC_GDP,A,2018,6.093999999999999,
111,Bolivia,BOL,BO,INSURANCEEXP,TOT,PC_GDP,A,2012,1.188,
112,Bolivia,BOL,BO,INSURANCEEXP,TOT,PC_GDP,A,2016,1.371,
113,Bolivia,BOL,BO,INSURANCEEXP,TOT,PC_GDP,A,2017,1.27,
114,Bolivia,BOL,BO,INSURANCEEXP,TOT,PC_GDP,A,2018,1.2919999999999998,
115,Brazil,BRA,BR,INSURANCEEXP,TOT,PC_GDP,A,2011,2.399,
116,Brazil,BRA,BR,INSURANCEEXP,TOT,PC_GDP,A,2012,2.687,
117,Brazil,BRA,BR,INSURANCEEXP,TOT,PC_GDP,A,2013,2.7260000000000004,
118,Brazil,BRA,BR,INSURANCEEXP,TOT,PC_GDP,A,2014,2.844,
119,Brazil,BRA,BR,INSURANCEEXP,TOT,PC_GDP,A,2015,3.08,
120,Brazil,BRA,BR,INSURANCEEXP,TOT,PC_GDP,A,2016,3.283,
121,Brazil,BRA,BR,INSURANCEEXP,TOT,PC_GDP,A,2017,3.235,
122,Brazil,BRA,BR,INSURANCEEXP,TOT,PC_GDP,A,2018,3.083,
123,Canada,CAN,CA,INSURANCEEXP,TOT,PC_GDP,A,1984,4.805,
124,Canada,CAN,CA,INSURANCEEXP,TOT,PC_GDP,A,1985,5.156000000000001,
125,Canada,CAN,CA,INSURANCEEXP,TOT,PC_GDP,A,1986,5.58,
126,Canada,CAN,CA,INSURANCEEXP,TOT,PC_GDP,A,1987,5.697,
127,Canada,CAN,CA,INSURANCEEXP,TOT,PC_GDP,A,1988,4.784,
128,Canada,CAN,CA,INSURANCEEXP,TOT,PC_GDP,A,1989,4.774,
129,Canada,CAN,CA,INSURANCEEXP,TOT,PC_GDP,A,1990,4.706,
130,Canada,CAN,CA,INSURANCEEXP,TOT,PC_GDP,A,1991,5.178,
131,Canada,CAN,CA,INSURANCEEXP,TOT,PC_GDP,A,1992,4.8389999999999995,
132,Canada,CAN,CA,INSURANCEEXP,TOT,PC_GDP,A,1993,4.35,
133,Canada,CAN,CA,INSURANCEEXP,TOT,PC_GDP,A,1994,4.4510000000000005,
134,Canada,CAN,CA,INSURANCEEXP,TOT,PC_GDP,A,1995,4.53,
135,Canada,CAN,CA,INSURANCEEXP,TOT,PC_GDP,A,1996,4.3069999999999995,
136,Canada,CAN,CA,INSURANCEEXP,TOT,PC_GDP,A,1997,4.109,
137,Canada,CAN,CA,INSURANCEEXP,TOT,PC_GDP,A,1998,3.964,
138,Canada,CAN,CA,INSURANCEEXP,TOT,PC_GDP,A,1999,6.432,
139,Canada,CAN,CA,INSURANCEEXP,TOT,PC_GDP,A,2000,6.656000000000001,
140,Canada,CAN,CA,INSURANCEEXP,TOT,PC_GDP,A,2001,6.739,
141,Canada,CAN,CA,INSURANCEEXP,TOT,PC_GDP,A,2002,7.026,
142,Canada,CAN,CA,INSURANCEEXP,TOT,PC_GDP,A,2003,7.327000000000001,
143,Canada,CAN,CA,INSURANCEEXP,TOT,PC_GDP,A,2004,7.466,
144,Canada,CAN,CA,INSURANCEEXP,TOT,PC_GDP,A,2005,7.392,
145,Canada,CAN,CA,INSURANCEEXP,TOT,PC_GDP,A,2006,7.4239999999999995,
146,Canada,CAN,CA,INSURANCEEXP,TOT,PC_GDP,A,2007,7.632999999999999,
147,Canada,CAN,CA,INSURANCEEXP,TOT,PC_GDP,A,2008,6.577000000000001,
148,Canada,CAN,CA,INSURANCEEXP,TOT,PC_GDP,A,2009,5.0089999999999995,
149,Canada,CAN,CA,INSURANCEEXP,TOT,PC_GDP,A,2010,4.894,
150,Canada,CAN,CA,INSURANCEEXP,TOT,PC_GDP,A,2011,4.813,
151,Canada,CAN,CA,INSURANCEEXP,TOT,PC_GDP,A,2012,4.8580000000000005,
152,Canada,CAN,CA,INSURANCEEXP,TOT,PC_GDP,A,2013,4.816,
153,Canada,CAN,CA,INSURANCEEXP,TOT,PC_GDP,A,2014,4.249,
154,Canada,CAN,CA,INSURANCEEXP,TOT,PC_GDP,A,2015,4.4239999999999995,
155,Canada,CAN,CA,INSURANCEEXP,TOT,PC_GDP,A,2016,4.527,
156,Canada,CAN,CA,INSURANCEEXP,TOT,PC_GDP,A,2017,4.448,
157,Canada,CAN,CA,INSURANCEEXP,TOT,PC_GDP,A,2018,4.496,
158,Chile,CHL,CL,INSURANCEEXP,TOT,PC_GDP,A,2006,3.063,
159,Chile,CHL,CL,INSURANCEEXP,TOT,PC_GDP,A,2009,3.611,
160,Chile,CHL,CL,INSURANCEEXP,TOT,PC_GDP,A,2010,3.792,
161,Chile,CHL,CL,INSURANCEEXP,TOT,PC_GDP,A,2011,3.8339999999999996,
162,Chile,CHL,CL,INSURANCEEXP,TOT,PC_GDP,A,2012,4.21,
163,Chile,CHL,CL,INSURANCEEXP,TOT,PC_GDP,A,2013,4.208,
164,Chile,CHL,CL,INSURANCEEXP,TOT,PC_GDP,A,2014,4.188,
165,Chile,CHL,CL,INSURANCEEXP,TOT,PC_GDP,A,2015,4.643,
166,Chile,CHL,CL,INSURANCEEXP,TOT,PC_GDP,A,2016,4.898,
167,Chile,CHL,CL,INSURANCEEXP,TOT,PC_GDP,A,2017,4.588,
168,Chile,CHL,CL,INSURANCEEXP,TOT,PC_GDP,A,2018,4.652,
169,Colombia,COL,CO,INSURANCEEXP,TOT,PC_GDP,A,2009,2.279,
170,Colombia,COL,CO,INSURANCEEXP,TOT,PC_GDP,A,2010,2.2569999999999997,
171,Colombia,COL,CO,INSURANCEEXP,TOT,PC_GDP,A,2011,2.26,
172,Colombia,COL,CO,INSURANCEEXP,TOT,PC_GDP,A,2012,2.4419999999999997,
173,Colombia,COL,CO,INSURANCEEXP,TOT,PC_GDP,A,2013,2.639,
174,Colombia,COL,CO,INSURANCEEXP,TOT,PC_GDP,A,2014,2.495,
175,Colombia,COL,CO,INSURANCEEXP,TOT,PC_GDP,A,2015,2.6719999999999997,
176,Colombia,COL,CO,INSURANCEEXP,TOT,PC_GDP,A,2016,2.7939999999999996,
177,Colombia,COL,CO,INSURANCEEXP,TOT,PC_GDP,A,2017,2.825,
178,Colombia,COL,CO,INSURANCEEXP,TOT,PC_GDP,A,2018,2.7689999999999997,
179,Costa Rica,CRI,CR,INSURANCEEXP,TOT,PC_GDP,A,2010,1.926,
180,Costa Rica,CRI,CR,INSURANCEEXP,TOT,PC_GDP,A,2011,1.875,
181,Costa Rica,CRI,CR,INSURANCEEXP,TOT,PC_GDP,A,2012,1.99,
182,Costa Rica,CRI,CR,INSURANCEEXP,TOT,PC_GDP,A,2013,2.076,
183,Costa Rica,CRI,CR,INSURANCEEXP,TOT,PC_GDP,A,2014,2.281,
184,Costa Rica,CRI,CR,INSURANCEEXP,TOT,PC_GDP,A,2015,1.91,
185,Costa Rica,CRI,CR,INSURANCEEXP,TOT,PC_GDP,A,2016,2.112,
186,Costa Rica,CRI,CR,INSURANCEEXP,TOT,PC_GDP,A,2017,2.262,
187,Costa Rica,CRI,CR,INSURANCEEXP,TOT,PC_GDP,A,2018,2.2159999999999997,
188,Czech Republic,CZE,CZ,INSURANCEEXP,TOT,PC_GDP,A,1993,2.119,
189,Czech Republic,CZE,CZ,INSURANCEEXP,TOT,PC_GDP,A,1994,2.362,
190,Czech Republic,CZE,CZ,INSURANCEEXP,TOT,PC_GDP,A,1995,2.267,
191,Czech Republic,CZE,CZ,INSURANCEEXP,TOT,PC_GDP,A,1996,2.469,
192,Czech Republic,CZE,CZ,INSURANCEEXP,TOT,PC_GDP,A,1997,2.659,
193,Czech Republic,CZE,CZ,INSURANCEEXP,TOT,PC_GDP,A,1998,2.803,
194,Czech Republic,CZE,CZ,INSURANCEEXP,TOT,PC_GDP,A,1999,3.065,
195,Czech Republic,CZE,CZ,INSURANCEEXP,TOT,PC_GDP,A,2000,2.9730000000000003,
196,Czech Republic,CZE,CZ,INSURANCEEXP,TOT,PC_GDP,A,2001,3.128,
197,Czech Republic,CZE,CZ,INSURANCEEXP,TOT,PC_GDP,A,2002,3.364,
198,Czech Republic,CZE,CZ,INSURANCEEXP,TOT,PC_GDP,A,2003,3.7439999999999998,
199,Czech Republic,CZE,CZ,INSURANCEEXP,TOT,PC_GDP,A,2004,3.6519999999999997,
200,Czech Republic,CZE,CZ,INSURANCEEXP,TOT,PC_GDP,A,2005,3.5660000000000003,
201,Czech Republic,CZE,CZ,INSURANCEEXP,TOT,PC_GDP,A,2006,3.46,
202,Czech Republic,CZE,CZ,INSURANCEEXP,TOT,PC_GDP,A,2007,3.443,
203,Czech Republic,CZE,CZ,INSURANCEEXP,TOT,PC_GDP,A,2008,3.4539999999999997,
204,Czech Republic,CZE,CZ,INSURANCEEXP,TOT,PC_GDP,A,2009,3.635,
205,Czech Republic,CZE,CZ,INSURANCEEXP,TOT,PC_GDP,A,2010,3.8810000000000002,
206,Czech Republic,CZE,CZ,INSURANCEEXP,TOT,PC_GDP,A,2011,3.78,
207,Czech Republic,CZE,CZ,INSURANCEEXP,TOT,PC_GDP,A,2012,3.7119999999999997,
208,Czech Republic,CZE,CZ,INSURANCEEXP,TOT,PC_GDP,A,2013,3.75,
209,Czech Republic,CZE,CZ,INSURANCEEXP,TOT,PC_GDP,A,2014,3.6010000000000004,
210,Czech Republic,CZE,CZ,INSURANCEEXP,TOT,PC_GDP,A,2015,3.238,
211,Czech Republic,CZE,CZ,INSURANCEEXP,TOT,PC_GDP,A,2016,3.002,
212,Czech Republic,CZE,CZ,INSURANCEEXP,TOT,PC_GDP,A,2017,2.891,
213,Czech Republic,CZE,CZ,INSURANCEEXP,TOT,PC_GDP,A,2018,2.819,
214,Denmark,DNK,DK,INSURANCEEXP,TOT,PC_GDP,A,1983,3.216,
215,Denmark,DNK,DK,INSURANCEEXP,TOT,PC_GDP,A,1984,3.635,
216,Denmark,DNK,DK,INSURANCEEXP,TOT,PC_GDP,A,1985,4.274,
217,Denmark,DNK,DK,INSURANCEEXP,TOT,PC_GDP,A,1986,4.03,
218,Denmark,DNK,DK,INSURANCEEXP,TOT,PC_GDP,A,1987,4.0969999999999995,
219,Denmark,DNK,DK,INSURANCEEXP,TOT,PC_GDP,A,1988,4.449,
220,Denmark,DNK,DK,INSURANCEEXP,TOT,PC_GDP,A,1989,4.287,
221,Denmark,DNK,DK,INSURANCEEXP,TOT,PC_GDP,A,1990,4.354,
222,Denmark,DNK,DK,INSURANCEEXP,TOT,PC_GDP,A,1991,4.3580000000000005,
223,Denmark,DNK,DK,INSURANCEEXP,TOT,PC_GDP,A,1992,4.571000000000001,
224,Denmark,DNK,DK,INSURANCEEXP,TOT,PC_GDP,A,1993,5.104,
225,Denmark,DNK,DK,INSURANCEEXP,TOT,PC_GDP,A,1994,5.478,
226,Denmark,DNK,DK,INSURANCEEXP,TOT,PC_GDP,A,1995,5.619,
227,Denmark,DNK,DK,INSURANCEEXP,TOT,PC_GDP,A,1996,6.099,
228,Denmark,DNK,DK,INSURANCEEXP,TOT,PC_GDP,A,1997,6.332000000000001,
229,Denmark,DNK,DK,INSURANCEEXP,TOT,PC_GDP,A,1998,6.849,
230,Denmark,DNK,DK,INSURANCEEXP,TOT,PC_GDP,A,1999,6.36,
231,Denmark,DNK,DK,INSURANCEEXP,TOT,PC_GDP,A,2000,6.157,
232,Denmark,DNK,DK,INSURANCEEXP,TOT,PC_GDP,A,2001,6.636,
233,Denmark,DNK,DK,INSURANCEEXP,TOT,PC_GDP,A,2002,7.5520000000000005,
234,Denmark,DNK,DK,INSURANCEEXP,TOT,PC_GDP,A,2003,6.775,
235,Denmark,DNK,DK,INSURANCEEXP,TOT,PC_GDP,A,2004,6.815,
236,Denmark,DNK,DK,INSURANCEEXP,TOT,PC_GDP,A,2005,7.862,
237,Denmark,DNK,DK,INSURANCEEXP,TOT,PC_GDP,A,2006,8.216000000000001,
238,Denmark,DNK,DK,INSURANCEEXP,TOT,PC_GDP,A,2007,8.853,
239,Denmark,DNK,DK,INSURANCEEXP,TOT,PC_GDP,A,2008,9.163,
240,Denmark,DNK,DK,INSURANCEEXP,TOT,PC_GDP,A,2011,9.811,
241,Denmark,DNK,DK,INSURANCEEXP,TOT,PC_GDP,A,2012,9.934,
242,Denmark,DNK,DK,INSURANCEEXP,TOT,PC_GDP,A,2013,9.914,
243,Denmark,DNK,DK,INSURANCEEXP,TOT,PC_GDP,A,2014,10.431,
244,Denmark,DNK,DK,INSURANCEEXP,TOT,PC_GDP,A,2015,10.49,
245,Denmark,DNK,DK,INSURANCEEXP,TOT,PC_GDP,A,2016,10.386,
246,Denmark,DNK,DK,INSURANCEEXP,TOT,PC_GDP,A,2017,11.020999999999999,
247,Denmark,DNK,DK,INSURANCEEXP,TOT,PC_GDP,A,2018,11.12,
248,Dominican Republic,DOM,DO,INSURANCEEXP,TOT,PC_GDP,A,2018,1.511,
249,Ecuador,ECU,EC,INSURANCEEXP,TOT,PC_GDP,A,2015,2.285,
250,Ecuador,ECU,EC,INSURANCEEXP,TOT,PC_GDP,A,2016,2.1,
251,El Salvador,SLV,SV,INSURANCEEXP,TOT,PC_GDP,A,2018,2.394,
252,Estonia,EST,EE,INSURANCEEXP,TOT,PC_GDP,A,2006,0.741,
253,Estonia,EST,EE,INSURANCEEXP,TOT,PC_GDP,A,2009,1.7369999999999999,
254,Estonia,EST,EE,INSURANCEEXP,TOT,PC_GDP,A,2010,2.8710000000000004,
255,Estonia,EST,EE,INSURANCEEXP,TOT,PC_GDP,A,2011,2.3930000000000002,
256,Estonia,EST,EE,INSURANCEEXP,TOT,PC_GDP,A,2012,2.661,
257,Estonia,EST,EE,INSURANCEEXP,TOT,PC_GDP,A,2013,3.063,
258,Estonia,EST,EE,INSURANCEEXP,TOT,PC_GDP,A,2014,3.128,
259,Estonia,EST,EE,INSURANCEEXP,TOT,PC_GDP,A,2015,3.3139999999999996,
260,Estonia,EST,EE,INSURANCEEXP,TOT,PC_GDP,A,2016,3.395,
261,Estonia,EST,EE,INSURANCEEXP,TOT,PC_GDP,A,2017,3.44,
262,Estonia,EST,EE,INSURANCEEXP,TOT,PC_GDP,A,2018,3.553,
263,Finland,FIN,FI,INSURANCEEXP,TOT,PC_GDP,A,1983,4.51,
264,Finland,FIN,FI,INSURANCEEXP,TOT,PC_GDP,A,1984,4.42,
265,Finland,FIN,FI,INSURANCEEXP,TOT,PC_GDP,A,1985,4.708,
266,Finland,FIN,FI,INSURANCEEXP,TOT,PC_GDP,A,1986,5.005,
267,Finland,FIN,FI,INSURANCEEXP,TOT,PC_GDP,A,1987,5.3229999999999995,
268,Finland,FIN,FI,INSURANCEEXP,TOT,PC_GDP,A,1988,5.504,
269,Finland,FIN,FI,INSURANCEEXP,TOT,PC_GDP,A,1989,5.686,
270,Finland,FIN,FI,INSURANCEEXP,TOT,PC_GDP,A,1990,6.431,
271,Finland,FIN,FI,INSURANCEEXP,TOT,PC_GDP,A,1991,6.888,
272,Finland,FIN,FI,INSURANCEEXP,TOT,PC_GDP,A,1992,6.406000000000001,
273,Finland,FIN,FI,INSURANCEEXP,TOT,PC_GDP,A,1993,2.752,
274,Finland,FIN,FI,INSURANCEEXP,TOT,PC_GDP,A,1994,2.891,
275,Finland,FIN,FI,INSURANCEEXP,TOT,PC_GDP,A,1995,3.225,
276,Finland,FIN,FI,INSURANCEEXP,TOT,PC_GDP,A,1996,3.93,
277,Finland,FIN,FI,INSURANCEEXP,TOT,PC_GDP,A,1997,3.6069999999999998,
278,Finland,FIN,FI,INSURANCEEXP,TOT,PC_GDP,A,1998,3.867,
279,Finland,FIN,FI,INSURANCEEXP,TOT,PC_GDP,A,1999,4.3919999999999995,
280,Finland,FIN,FI,INSURANCEEXP,TOT,PC_GDP,A,2000,4.817,
281,Finland,FIN,FI,INSURANCEEXP,TOT,PC_GDP,A,2001,4.0280000000000005,
282,Finland,FIN,FI,INSURANCEEXP,TOT,PC_GDP,A,2002,3.9789999999999996,
283,Finland,FIN,FI,INSURANCEEXP,TOT,PC_GDP,A,2003,3.637,
284,Finland,FIN,FI,INSURANCEEXP,TOT,PC_GDP,A,2004,3.5860000000000003,
285,Finland,FIN,FI,INSURANCEEXP,TOT,PC_GDP,A,2005,3.7489999999999997,
286,Finland,FIN,FI,INSURANCEEXP,TOT,PC_GDP,A,2006,3.5210000000000004,
287,Finland,FIN,FI,INSURANCEEXP,TOT,PC_GDP,A,2007,3.162,
288,Finland,FIN,FI,INSURANCEEXP,TOT,PC_GDP,A,2008,3.1239999999999997,
289,Finland,FIN,FI,INSURANCEEXP,TOT,PC_GDP,A,2009,3.677,
290,Finland,FIN,FI,INSURANCEEXP,TOT,PC_GDP,A,2010,4.593,
291,Finland,FIN,FI,INSURANCEEXP,TOT,PC_GDP,A,2011,3.6069999999999998,
292,Finland,FIN,FI,INSURANCEEXP,TOT,PC_GDP,A,2012,3.553,
293,Finland,FIN,FI,INSURANCEEXP,TOT,PC_GDP,A,2013,4.7410000000000005,
294,Finland,FIN,FI,INSURANCEEXP,TOT,PC_GDP,A,2014,5.0680000000000005,
295,Finland,FIN,FI,INSURANCEEXP,TOT,PC_GDP,A,2015,5.013,
296,Finland,FIN,FI,INSURANCEEXP,TOT,PC_GDP,A,2016,4.096,
297,Finland,FIN,FI,INSURANCEEXP,TOT,PC_GDP,A,2017,3.889,
298,Finland,FIN,FI,INSURANCEEXP,TOT,PC_GDP,A,2018,1.8619999999999999,
299,France,FRA,FR,INSURANCEEXP,TOT,PC_GDP,A,1983,3.8310000000000004,
300,France,FRA,FR,INSURANCEEXP,TOT,PC_GDP,A,1984,4.012,
301,France,FRA,FR,INSURANCEEXP,TOT,PC_GDP,A,1985,4.224,
302,France,FRA,FR,INSURANCEEXP,TOT,PC_GDP,A,1986,4.48,
303,France,FRA,FR,INSURANCEEXP,TOT,PC_GDP,A,1987,4.835,
304,France,FRA,FR,INSURANCEEXP,TOT,PC_GDP,A,1988,5.308,
305,France,FRA,FR,INSURANCEEXP,TOT,PC_GDP,A,1989,5.718999999999999,
306,France,FRA,FR,INSURANCEEXP,TOT,PC_GDP,A,1990,5.686,
307,France,FRA,FR,INSURANCEEXP,TOT,PC_GDP,A,1991,6.011,
308,France,FRA,FR,INSURANCEEXP,TOT,PC_GDP,A,1992,6.435,
309,France,FRA,FR,INSURANCEEXP,TOT,PC_GDP,A,1993,7.392,
310,France,FRA,FR,INSURANCEEXP,TOT,PC_GDP,A,1994,8.065,
311,France,FRA,FR,INSURANCEEXP,TOT,PC_GDP,A,1995,8.381,
312,France,FRA,FR,INSURANCEEXP,TOT,PC_GDP,A,1996,8.876,
313,France,FRA,FR,INSURANCEEXP,TOT,PC_GDP,A,1997,9.195,
314,France,FRA,FR,INSURANCEEXP,TOT,PC_GDP,A,1998,7.787000000000001,
315,France,FRA,FR,INSURANCEEXP,TOT,PC_GDP,A,1999,8.302,
316,France,FRA,FR,INSURANCEEXP,TOT,PC_GDP,A,2000,8.791,
317,France,FRA,FR,INSURANCEEXP,TOT,PC_GDP,A,2001,8.261000000000001,
318,France,FRA,FR,INSURANCEEXP,TOT,PC_GDP,A,2002,8.242,
319,France,FRA,FR,INSURANCEEXP,TOT,PC_GDP,A,2003,8.65,
320,France,FRA,FR,INSURANCEEXP,TOT,PC_GDP,A,2004,9.222999999999999,
321,France,FRA,FR,INSURANCEEXP,TOT,PC_GDP,A,2005,9.889,
322,France,FRA,FR,INSURANCEEXP,TOT,PC_GDP,A,2006,12.128,
323,France,FRA,FR,INSURANCEEXP,TOT,PC_GDP,A,2007,11.056,
324,France,FRA,FR,INSURANCEEXP,TOT,PC_GDP,A,2008,9.125,
325,France,FRA,FR,INSURANCEEXP,TOT,PC_GDP,A,2009,10.263,
326,France,FRA,FR,INSURANCEEXP,TOT,PC_GDP,A,2010,10.237,
327,France,FRA,FR,INSURANCEEXP,TOT,PC_GDP,A,2011,9.215,
328,France,FRA,FR,INSURANCEEXP,TOT,PC_GDP,A,2012,8.607999999999999,
329,France,FRA,FR,INSURANCEEXP,TOT,PC_GDP,A,2013,8.818999999999999,
330,France,FRA,FR,INSURANCEEXP,TOT,PC_GDP,A,2014,9.215,
331,France,FRA,FR,INSURANCEEXP,TOT,PC_GDP,A,2015,9.368,
332,France,FRA,FR,INSURANCEEXP,TOT,PC_GDP,A,2016,10.709000000000001,
333,France,FRA,FR,INSURANCEEXP,TOT,PC_GDP,A,2017,10.587,
334,France,FRA,FR,INSURANCEEXP,TOT,PC_GDP,A,2018,10.640999999999998,
335,Germany,DEU,DE,INSURANCEEXP,TOT,PC_GDP,A,1983,2.9760000000000004,
336,Germany,DEU,DE,INSURANCEEXP,TOT,PC_GDP,A,1984,3.0260000000000002,
337,Germany,DEU,DE,INSURANCEEXP,TOT,PC_GDP,A,1985,3.0839999999999996,
338,Germany,DEU,DE,INSURANCEEXP,TOT,PC_GDP,A,1986,3.035,
339,Germany,DEU,DE,INSURANCEEXP,TOT,PC_GDP,A,1987,5.254,
340,Germany,DEU,DE,INSURANCEEXP,TOT,PC_GDP,A,1988,5.3839999999999995,
341,Germany,DEU,DE,INSURANCEEXP,TOT,PC_GDP,A,1989,5.347,
342,Germany,DEU,DE,INSURANCEEXP,TOT,PC_GDP,A,1990,5.184,
343,Germany,DEU,DE,INSURANCEEXP,TOT,PC_GDP,A,1991,5.494,
344,Germany,DEU,DE,INSURANCEEXP,TOT,PC_GDP,A,1992,5.577000000000001,
345,Germany,DEU,DE,INSURANCEEXP,TOT,PC_GDP,A,1993,5.976,
346,Germany,DEU,DE,INSURANCEEXP,TOT,PC_GDP,A,1994,6.151,
347,Germany,DEU,DE,INSURANCEEXP,TOT,PC_GDP,A,1995,6.263,
348,Germany,DEU,DE,INSURANCEEXP,TOT,PC_GDP,A,1996,6.386,
349,Germany,DEU,DE,INSURANCEEXP,TOT,PC_GDP,A,1997,6.4239999999999995,
350,Germany,DEU,DE,INSURANCEEXP,TOT,PC_GDP,A,1998,6.365,
351,Germany,DEU,DE,INSURANCEEXP,TOT,PC_GDP,A,1999,6.577000000000001,
352,Germany,DEU,DE,INSURANCEEXP,TOT,PC_GDP,A,2000,6.444,
353,Germany,DEU,DE,INSURANCEEXP,TOT,PC_GDP,A,2001,6.36,
354,Germany,DEU,DE,INSURANCEEXP,TOT,PC_GDP,A,2002,6.662000000000001,
355,Germany,DEU,DE,INSURANCEEXP,TOT,PC_GDP,A,2003,6.94,
356,Germany,DEU,DE,INSURANCEEXP,TOT,PC_GDP,A,2004,6.971,
357,Germany,DEU,DE,INSURANCEEXP,TOT,PC_GDP,A,2005,7.114,
358,Germany,DEU,DE,INSURANCEEXP,TOT,PC_GDP,A,2006,6.749,
359,Germany,DEU,DE,INSURANCEEXP,TOT,PC_GDP,A,2007,6.502000000000001,
360,Germany,DEU,DE,INSURANCEEXP,TOT,PC_GDP,A,2008,6.425,
361,Germany,DEU,DE,INSURANCEEXP,TOT,PC_GDP,A,2012,6.5889999999999995,
362,Germany,DEU,DE,INSURANCEEXP,TOT,PC_GDP,A,2013,6.721,
363,Germany,DEU,DE,INSURANCEEXP,TOT,PC_GDP,A,2014,6.519,
364,Germany,DEU,DE,INSURANCEEXP,TOT,PC_GDP,A,2015,6.309,
365,Germany,DEU,DE,INSURANCEEXP,TOT,PC_GDP,A,2016,6.1770000000000005,
366,Germany,DEU,DE,INSURANCEEXP,TOT,PC_GDP,A,2017,6.399,
367,Germany,DEU,DE,INSURANCEEXP,TOT,PC_GDP,A,2018,6.399,
368,Greece,GRC,GR,INSURANCEEXP,TOT,PC_GDP,A,1992,1.399,
369,Greece,GRC,GR,INSURANCEEXP,TOT,PC_GDP,A,1993,1.5319999999999998,
370,Greece,GRC,GR,INSURANCEEXP,TOT,PC_GDP,A,1994,1.556,
371,Greece,GRC,GR,INSURANCEEXP,TOT,PC_GDP,A,1995,1.568,
372,Greece,GRC,GR,INSURANCEEXP,TOT,PC_GDP,A,1996,1.6780000000000002,
373,Greece,GRC,GR,INSURANCEEXP,TOT,PC_GDP,A,1997,1.695,
374,Greece,GRC,GR,INSURANCEEXP,TOT,PC_GDP,A,1998,1.784,
375,Greece,GRC,GR,INSURANCEEXP,TOT,PC_GDP,A,1999,2.09,
376,Greece,GRC,GR,INSURANCEEXP,TOT,PC_GDP,A,2000,1.801,
377,Greece,GRC,GR,INSURANCEEXP,TOT,PC_GDP,A,2001,1.7269999999999999,
378,Greece,GRC,GR,INSURANCEEXP,TOT,PC_GDP,A,2002,1.765,
379,Greece,GRC,GR,INSURANCEEXP,TOT,PC_GDP,A,2003,1.8159999999999998,
380,Greece,GRC,GR,INSURANCEEXP,TOT,PC_GDP,A,2004,1.864,
381,Greece,GRC,GR,INSURANCEEXP,TOT,PC_GDP,A,2005,1.932,
382,Greece,GRC,GR,INSURANCEEXP,TOT,PC_GDP,A,2006,2.1630000000000003,
383,Greece,GRC,GR,INSURANCEEXP,TOT,PC_GDP,A,2007,2.201,
384,Greece,GRC,GR,INSURANCEEXP,TOT,PC_GDP,A,2008,2.154,
385,Greece,GRC,GR,INSURANCEEXP,TOT,PC_GDP,A,2010,2.294,
386,Greece,GRC,GR,INSURANCEEXP,TOT,PC_GDP,A,2011,2.352,
387,Greece,GRC,GR,INSURANCEEXP,TOT,PC_GDP,A,2012,2.306,
388,Greece,GRC,GR,INSURANCEEXP,TOT,PC_GDP,A,2013,2.202,
389,Greece,GRC,GR,INSURANCEEXP,TOT,PC_GDP,A,2014,2.105,
390,Greece,GRC,GR,INSURANCEEXP,TOT,PC_GDP,A,2015,1.994,
391,Greece,GRC,GR,INSURANCEEXP,TOT,PC_GDP,A,2016,1.9809999999999999,
392,Greece,GRC,GR,INSURANCEEXP,TOT,PC_GDP,A,2017,2.05,
393,Greece,GRC,GR,INSURANCEEXP,TOT,PC_GDP,A,2018,2.0380000000000003,
394,Guatemala,GTM,GT,INSURANCEEXP,TOT,PC_GDP,A,2011,1.272,
395,Guatemala,GTM,GT,INSURANCEEXP,TOT,PC_GDP,A,2012,1.177,
396,Guatemala,GTM,GT,INSURANCEEXP,TOT,PC_GDP,A,2013,1.2329999999999999,
397,Guatemala,GTM,GT,INSURANCEEXP,TOT,PC_GDP,A,2014,1.242,
398,Guatemala,GTM,GT,INSURANCEEXP,TOT,PC_GDP,A,2015,1.222,
399,Guatemala,GTM,GT,INSURANCEEXP,TOT,PC_GDP,A,2016,1.21,
400,Guatemala,GTM,GT,INSURANCEEXP,TOT,PC_GDP,A,2017,1.224,
401,Guatemala,GTM,GT,INSURANCEEXP,TOT,PC_GDP,A,2018,1.18,
402,Honduras,HND,HN,INSURANCEEXP,TOT,PC_GDP,A,2012,1.91,
403,Honduras,HND,HN,INSURANCEEXP,TOT,PC_GDP,A,2013,1.9909999999999999,
404,Honduras,HND,HN,INSURANCEEXP,TOT,PC_GDP,A,2014,1.92,
405,Honduras,HND,HN,INSURANCEEXP,TOT,PC_GDP,A,2015,1.895,
406,Honduras,HND,HN,INSURANCEEXP,TOT,PC_GDP,A,2018,2.633,
407,Hong Kong,HKG,HK,INSURANCEEXP,TOT,PC_GDP,A,2009,10.839,
408,Hong Kong,HKG,HK,INSURANCEEXP,TOT,PC_GDP,A,2010,11.251,
409,Hong Kong,HKG,HK,INSURANCEEXP,TOT,PC_GDP,A,2011,11.206,
410,Hong Kong,HKG,HK,INSURANCEEXP,TOT,PC_GDP,A,2012,12.024000000000001,
411,Hong Kong,HKG,HK,INSURANCEEXP,TOT,PC_GDP,A,2013,13.085,
412,Hong Kong,HKG,HK,INSURANCEEXP,TOT,PC_GDP,A,2014,14.081,
413,Hong Kong,HKG,HK,INSURANCEEXP,TOT,PC_GDP,A,2015,14.788,
414,Hong Kong,HKG,HK,INSURANCEEXP,TOT,PC_GDP,A,2016,17.592,
415,Hong Kong,HKG,HK,INSURANCEEXP,TOT,PC_GDP,A,2017,17.936,
416,Hong Kong,HKG,HK,INSURANCEEXP,TOT,PC_GDP,A,2018,18.155,
417,Hungary,HUN,HU,INSURANCEEXP,TOT,PC_GDP,A,1991,2.353,
418,Hungary,HUN,HU,INSURANCEEXP,TOT,PC_GDP,A,1992,1.944,
419,Hungary,HUN,HU,INSURANCEEXP,TOT,PC_GDP,A,1993,2.044,
420,Hungary,HUN,HU,INSURANCEEXP,TOT,PC_GDP,A,1994,2.106,
421,Hungary,HUN,HU,INSURANCEEXP,TOT,PC_GDP,A,1995,2.095,
422,Hungary,HUN,HU,INSURANCEEXP,TOT,PC_GDP,A,1996,2.208,
423,Hungary,HUN,HU,INSURANCEEXP,TOT,PC_GDP,A,1997,2.305,
424,Hungary,HUN,HU,INSURANCEEXP,TOT,PC_GDP,A,1998,2.425,
425,Hungary,HUN,HU,INSURANCEEXP,TOT,PC_GDP,A,1999,2.503,
426,Hungary,HUN,HU,INSURANCEEXP,TOT,PC_GDP,A,2000,2.827,
427,Hungary,HUN,HU,INSURANCEEXP,TOT,PC_GDP,A,2001,2.7289999999999996,
428,Hungary,HUN,HU,INSURANCEEXP,TOT,PC_GDP,A,2002,2.8510000000000004,
429,Hungary,HUN,HU,INSURANCEEXP,TOT,PC_GDP,A,2003,2.923,
430,Hungary,HUN,HU,INSURANCEEXP,TOT,PC_GDP,A,2004,2.842,
431,Hungary,HUN,HU,INSURANCEEXP,TOT,PC_GDP,A,2005,3.045,
432,Hungary,HUN,HU,INSURANCEEXP,TOT,PC_GDP,A,2006,3.3510000000000004,
433,Hungary,HUN,HU,INSURANCEEXP,TOT,PC_GDP,A,2007,3.6069999999999998,
434,Hungary,HUN,HU,INSURANCEEXP,TOT,PC_GDP,A,2008,3.235,
435,Hungary,HUN,HU,INSURANCEEXP,TOT,PC_GDP,A,2009,3.105,
436,Hungary,HUN,HU,INSURANCEEXP,TOT,PC_GDP,A,2010,3.073,
437,Hungary,HUN,HU,INSURANCEEXP,TOT,PC_GDP,A,2011,2.853,
438,Hungary,HUN,HU,INSURANCEEXP,TOT,PC_GDP,A,2012,2.608,
439,Hungary,HUN,HU,INSURANCEEXP,TOT,PC_GDP,A,2013,2.609,
440,Hungary,HUN,HU,INSURANCEEXP,TOT,PC_GDP,A,2014,2.528,
441,Hungary,HUN,HU,INSURANCEEXP,TOT,PC_GDP,A,2015,2.377,
442,Hungary,HUN,HU,INSURANCEEXP,TOT,PC_GDP,A,2016,2.443,
443,Hungary,HUN,HU,INSURANCEEXP,TOT,PC_GDP,A,2017,2.425,
444,Hungary,HUN,HU,INSURANCEEXP,TOT,PC_GDP,A,2018,2.359,
445,Iceland,ISL,IS,INSURANCEEXP,TOT,PC_GDP,A,1983,2.456,
446,Iceland,ISL,IS,INSURANCEEXP,TOT,PC_GDP,A,1984,2.472,
447,Iceland,ISL,IS,INSURANCEEXP,TOT,PC_GDP,A,1985,2.465,
448,Iceland,ISL,IS,INSURANCEEXP,TOT,PC_GDP,A,1986,2.34,
449,Iceland,ISL,IS,INSURANCEEXP,TOT,PC_GDP,A,1987,2.353,
450,Iceland,ISL,IS,INSURANCEEXP,TOT,PC_GDP,A,1988,2.85,
451,Iceland,ISL,IS,INSURANCEEXP,TOT,PC_GDP,A,1989,2.8819999999999997,
452,Iceland,ISL,IS,INSURANCEEXP,TOT,PC_GDP,A,1990,2.935,
453,Iceland,ISL,IS,INSURANCEEXP,TOT,PC_GDP,A,1991,3.197,
454,Iceland,ISL,IS,INSURANCEEXP,TOT,PC_GDP,A,1992,3.3,
455,Iceland,ISL,IS,INSURANCEEXP,TOT,PC_GDP,A,1993,3.159,
456,Iceland,ISL,IS,INSURANCEEXP,TOT,PC_GDP,A,1994,3.1189999999999998,
457,Iceland,ISL,IS,INSURANCEEXP,TOT,PC_GDP,A,1995,2.991,
458,Iceland,ISL,IS,INSURANCEEXP,TOT,PC_GDP,A,1996,2.847,
459,Iceland,ISL,IS,INSURANCEEXP,TOT,PC_GDP,A,1997,2.614,
460,Iceland,ISL,IS,INSURANCEEXP,TOT,PC_GDP,A,1998,2.5069999999999997,
461,Iceland,ISL,IS,INSURANCEEXP,TOT,PC_GDP,A,1999,2.637,
462,Iceland,ISL,IS,INSURANCEEXP,TOT,PC_GDP,A,2000,2.658,
463,Iceland,ISL,IS,INSURANCEEXP,TOT,PC_GDP,A,2001,2.833,
464,Iceland,ISL,IS,INSURANCEEXP,TOT,PC_GDP,A,2002,2.877,
465,Iceland,ISL,IS,INSURANCEEXP,TOT,PC_GDP,A,2003,3.148,
466,Iceland,ISL,IS,INSURANCEEXP,TOT,PC_GDP,A,2004,2.805,
467,Iceland,ISL,IS,INSURANCEEXP,TOT,PC_GDP,A,2006,2.713,
468,Iceland,ISL,IS,INSURANCEEXP,TOT,PC_GDP,A,2007,2.677,
469,Iceland,ISL,IS,INSURANCEEXP,TOT,PC_GDP,A,2008,2.56,
470,Iceland,ISL,IS,INSURANCEEXP,TOT,PC_GDP,A,2009,2.086,
471,Iceland,ISL,IS,INSURANCEEXP,TOT,PC_GDP,A,2010,2.765,
472,Iceland,ISL,IS,INSURANCEEXP,TOT,PC_GDP,A,2011,2.687,
473,Iceland,ISL,IS,INSURANCEEXP,TOT,PC_GDP,A,2012,2.678,
474,Iceland,ISL,IS,INSURANCEEXP,TOT,PC_GDP,A,2013,2.55,
475,Iceland,ISL,IS,INSURANCEEXP,TOT,PC_GDP,A,2014,2.439,
476,Iceland,ISL,IS,INSURANCEEXP,TOT,PC_GDP,A,2015,2.356,
477,Iceland,ISL,IS,INSURANCEEXP,TOT,PC_GDP,A,2016,2.319,
478,Iceland,ISL,IS,INSURANCEEXP,TOT,PC_GDP,A,2017,2.46,
479,Iceland,ISL,IS,INSURANCEEXP,TOT,PC_GDP,A,2018,2.474,
480,India,IND,IN,INSURANCEEXP,TOT,PC_GDP,A,2011,3.84,
481,India,IND,IN,INSURANCEEXP,TOT,PC_GDP,A,2015,3.386,
482,India,IND,IN,INSURANCEEXP,TOT,PC_GDP,A,2016,3.577,
483,India,IND,IN,INSURANCEEXP,TOT,PC_GDP,A,2017,3.5810000000000004,
484,Indonesia,IDN,ID,INSURANCEEXP,TOT,PC_GDP,A,2011,1.6269999999999998,
485,Indonesia,IDN,ID,INSURANCEEXP,TOT,PC_GDP,A,2012,1.695,
486,Indonesia,IDN,ID,INSURANCEEXP,TOT,PC_GDP,A,2013,1.645,
487,Indonesia,IDN,ID,INSURANCEEXP,TOT,PC_GDP,A,2014,1.568,
488,Indonesia,IDN,ID,INSURANCEEXP,TOT,PC_GDP,A,2015,1.663,
489,Indonesia,IDN,ID,INSURANCEEXP,TOT,PC_GDP,A,2016,1.818,
490,Indonesia,IDN,ID,INSURANCEEXP,TOT,PC_GDP,A,2017,1.8840000000000001,
491,Indonesia,IDN,ID,INSURANCEEXP,TOT,PC_GDP,A,2018,1.7890000000000001,
492,Ireland,IRL,IE,INSURANCEEXP,TOT,PC_GDP,A,1983,7.593,
493,Ireland,IRL,IE,INSURANCEEXP,TOT,PC_GDP,A,1984,9.102,
494,Ireland,IRL,IE,INSURANCEEXP,TOT,PC_GDP,A,1985,8.412,
495,Ireland,IRL,IE,INSURANCEEXP,TOT,PC_GDP,A,1986,8.415,
496,Ireland,IRL,IE,INSURANCEEXP,TOT,PC_GDP,A,1987,9.642000000000001,
497,Ireland,IRL,IE,INSURANCEEXP,TOT,PC_GDP,A,1988,8.666,
498,Ireland,IRL,IE,INSURANCEEXP,TOT,PC_GDP,A,1989,9.061,
499,Ireland,IRL,IE,INSURANCEEXP,TOT,PC_GDP,A,1990,8.422,
500,Ireland,IRL,IE,INSURANCEEXP,TOT,PC_GDP,A,1991,8.612,
501,Ireland,IRL,IE,INSURANCEEXP,TOT,PC_GDP,A,1992,7.864,
502,Ireland,IRL,IE,INSURANCEEXP,TOT,PC_GDP,A,1993,8.581,
503,Ireland,IRL,IE,INSURANCEEXP,TOT,PC_GDP,A,1994,8.818999999999999,
504,Ireland,IRL,IE,INSURANCEEXP,TOT,PC_GDP,A,1995,8.102,
505,Ireland,IRL,IE,INSURANCEEXP,TOT,PC_GDP,A,1996,8.831,
506,Ireland,IRL,IE,INSURANCEEXP,TOT,PC_GDP,A,1997,9.465,
507,Ireland,IRL,IE,INSURANCEEXP,TOT,PC_GDP,A,1998,11.542,
508,Ireland,IRL,IE,INSURANCEEXP,TOT,PC_GDP,A,1999,14.059000000000001,
509,Ireland,IRL,IE,INSURANCEEXP,TOT,PC_GDP,A,2000,20.102,
510,Ireland,IRL,IE,INSURANCEEXP,TOT,PC_GDP,A,2001,13.459000000000001,
511,Ireland,IRL,IE,INSURANCEEXP,TOT,PC_GDP,A,2003,14.856,
512,Ireland,IRL,IE,INSURANCEEXP,TOT,PC_GDP,A,2004,16.838,
513,Ireland,IRL,IE,INSURANCEEXP,TOT,PC_GDP,A,2005,18.028,
514,Ireland,IRL,IE,INSURANCEEXP,TOT,PC_GDP,A,2006,19.514,
515,Ireland,IRL,IE,INSURANCEEXP,TOT,PC_GDP,A,2007,23.041,
516,Ireland,IRL,IE,INSURANCEEXP,TOT,PC_GDP,A,2008,18.939,
517,Ireland,IRL,IE,INSURANCEEXP,TOT,PC_GDP,A,2009,19.534000000000002,
518,Ireland,IRL,IE,INSURANCEEXP,TOT,PC_GDP,A,2010,20.133,
519,Ireland,IRL,IE,INSURANCEEXP,TOT,PC_GDP,A,2011,18.462,
520,Ireland,IRL,IE,INSURANCEEXP,TOT,PC_GDP,A,2012,19.857,
521,Ireland,IRL,IE,INSURANCEEXP,TOT,PC_GDP,A,2013,18.643,
522,Ireland,IRL,IE,INSURANCEEXP,TOT,PC_GDP,A,2014,19.929000000000002,
523,Ireland,IRL,IE,INSURANCEEXP,TOT,PC_GDP,A,2015,16.413,
524,Ireland,IRL,IE,INSURANCEEXP,TOT,PC_GDP,A,2016,17.622,
525,Ireland,IRL,IE,INSURANCEEXP,TOT,PC_GDP,A,2017,14.672,
526,Ireland,IRL,IE,INSURANCEEXP,TOT,PC_GDP,A,2018,12.199000000000002,
527,Israel,ISR,IL,INSURANCEEXP,TOT,PC_GDP,A,2006,5.0360000000000005,
528,Israel,ISR,IL,INSURANCEEXP,TOT,PC_GDP,A,2007,4.912,
529,Israel,ISR,IL,INSURANCEEXP,TOT,PC_GDP,A,2008,4.987,
530,Israel,ISR,IL,INSURANCEEXP,TOT,PC_GDP,A,2009,4.942,
531,Israel,ISR,IL,INSURANCEEXP,TOT,PC_GDP,A,2010,4.801,
532,Israel,ISR,IL,INSURANCEEXP,TOT,PC_GDP,A,2011,4.843999999999999,
533,Israel,ISR,IL,INSURANCEEXP,TOT,PC_GDP,A,2012,4.849,
534,Israel,ISR,IL,INSURANCEEXP,TOT,PC_GDP,A,2013,4.763999999999999,
535,Israel,ISR,IL,INSURANCEEXP,TOT,PC_GDP,A,2014,4.641,
536,Israel,ISR,IL,INSURANCEEXP,TOT,PC_GDP,A,2015,4.708,
537,Israel,ISR,IL,INSURANCEEXP,TOT,PC_GDP,A,2016,4.747,
538,Israel,ISR,IL,INSURANCEEXP,TOT,PC_GDP,A,2017,4.933,
539,Israel,ISR,IL,INSURANCEEXP,TOT,PC_GDP,A,2018,5.008,
540,Italy,ITA,IT,INSURANCEEXP,TOT,PC_GDP,A,1983,1.8430000000000002,
541,Italy,ITA,IT,INSURANCEEXP,TOT,PC_GDP,A,1984,1.926,
542,Italy,ITA,IT,INSURANCEEXP,TOT,PC_GDP,A,1985,2.006,
543,Italy,ITA,IT,INSURANCEEXP,TOT,PC_GDP,A,1986,2.131,
544,Italy,ITA,IT,INSURANCEEXP,TOT,PC_GDP,A,1987,2.294,
545,Italy,ITA,IT,INSURANCEEXP,TOT,PC_GDP,A,1988,2.335,
546,Italy,ITA,IT,INSURANCEEXP,TOT,PC_GDP,A,1989,2.42,
547,Italy,ITA,IT,INSURANCEEXP,TOT,PC_GDP,A,1990,2.517,
548,Italy,ITA,IT,INSURANCEEXP,TOT,PC_GDP,A,1991,2.681,
549,Italy,ITA,IT,INSURANCEEXP,TOT,PC_GDP,A,1992,2.907,
550,Italy,ITA,IT,INSURANCEEXP,TOT,PC_GDP,A,1993,3.128,
551,Italy,ITA,IT,INSURANCEEXP,TOT,PC_GDP,A,1994,3.261,
552,Italy,ITA,IT,INSURANCEEXP,TOT,PC_GDP,A,1995,3.37,
553,Italy,ITA,IT,INSURANCEEXP,TOT,PC_GDP,A,1996,3.43,
554,Italy,ITA,IT,INSURANCEEXP,TOT,PC_GDP,A,1997,3.9539999999999997,
555,Italy,ITA,IT,INSURANCEEXP,TOT,PC_GDP,A,1998,4.699,
556,Italy,ITA,IT,INSURANCEEXP,TOT,PC_GDP,A,1999,5.5520000000000005,
557,Italy,ITA,IT,INSURANCEEXP,TOT,PC_GDP,A,2000,5.551,
558,Italy,ITA,IT,INSURANCEEXP,TOT,PC_GDP,A,2001,5.931,
559,Italy,ITA,IT,INSURANCEEXP,TOT,PC_GDP,A,2002,6.587999999999999,
560,Italy,ITA,IT,INSURANCEEXP,TOT,PC_GDP,A,2003,7.046,
561,Italy,ITA,IT,INSURANCEEXP,TOT,PC_GDP,A,2004,7.09,
562,Italy,ITA,IT,INSURANCEEXP,TOT,PC_GDP,A,2005,7.566,
563,Italy,ITA,IT,INSURANCEEXP,TOT,PC_GDP,A,2006,7.185,
564,Italy,ITA,IT,INSURANCEEXP,TOT,PC_GDP,A,2007,6.416,
565,Italy,ITA,IT,INSURANCEEXP,TOT,PC_GDP,A,2008,5.825,
566,Italy,ITA,IT,INSURANCEEXP,TOT,PC_GDP,A,2009,7.452999999999999,
567,Italy,ITA,IT,INSURANCEEXP,TOT,PC_GDP,A,2010,7.787999999999999,
568,Italy,ITA,IT,INSURANCEEXP,TOT,PC_GDP,A,2011,6.67,
569,Italy,ITA,IT,INSURANCEEXP,TOT,PC_GDP,A,2012,6.455,
570,Italy,ITA,IT,INSURANCEEXP,TOT,PC_GDP,A,2013,7.346,
571,Italy,ITA,IT,INSURANCEEXP,TOT,PC_GDP,A,2014,8.787,
572,Italy,ITA,IT,INSURANCEEXP,TOT,PC_GDP,A,2015,8.863999999999999,
573,Italy,ITA,IT,INSURANCEEXP,TOT,PC_GDP,A,2016,7.902,
574,Italy,ITA,IT,INSURANCEEXP,TOT,PC_GDP,A,2017,7.525,
575,Italy,ITA,IT,INSURANCEEXP,TOT,PC_GDP,A,2018,7.672999999999999,
576,Japan,JPN,JP,INSURANCEEXP,TOT,PC_GDP,A,1983,5.476,
577,Japan,JPN,JP,INSURANCEEXP,TOT,PC_GDP,A,1984,5.784,
578,Japan,JPN,JP,INSURANCEEXP,TOT,PC_GDP,A,1985,6.266,
579,Japan,JPN,JP,INSURANCEEXP,TOT,PC_GDP,A,1986,7.055,
580,Japan,JPN,JP,INSURANCEEXP,TOT,PC_GDP,A,1987,7.712999999999999,
581,Japan,JPN,JP,INSURANCEEXP,TOT,PC_GDP,A,1988,9.322000000000001,
582,Japan,JPN,JP,INSURANCEEXP,TOT,PC_GDP,A,1989,9.197000000000001,
583,Japan,JPN,JP,INSURANCEEXP,TOT,PC_GDP,A,1990,8.3,
584,Japan,JPN,JP,INSURANCEEXP,TOT,PC_GDP,A,1991,8.085,
585,Japan,JPN,JP,INSURANCEEXP,TOT,PC_GDP,A,1992,8.181000000000001,
586,Japan,JPN,JP,INSURANCEEXP,TOT,PC_GDP,A,1993,8.422,
587,Japan,JPN,JP,INSURANCEEXP,TOT,PC_GDP,A,1994,8.351,
588,Japan,JPN,JP,INSURANCEEXP,TOT,PC_GDP,A,1995,8.351,
589,Japan,JPN,JP,INSURANCEEXP,TOT,PC_GDP,A,1996,8.001,
590,Japan,JPN,JP,INSURANCEEXP,TOT,PC_GDP,A,1997,7.9879999999999995,
591,Japan,JPN,JP,INSURANCEEXP,TOT,PC_GDP,A,1998,7.682,
592,Japan,JPN,JP,INSURANCEEXP,TOT,PC_GDP,A,1999,7.42,
593,Japan,JPN,JP,INSURANCEEXP,TOT,PC_GDP,A,2000,7.127999999999999,
594,Japan,JPN,JP,INSURANCEEXP,TOT,PC_GDP,A,2001,6.757999999999999,
595,Japan,JPN,JP,INSURANCEEXP,TOT,PC_GDP,A,2002,6.747000000000001,
596,Japan,JPN,JP,INSURANCEEXP,TOT,PC_GDP,A,2003,6.814,
597,Japan,JPN,JP,INSURANCEEXP,TOT,PC_GDP,A,2004,6.672000000000001,
598,Japan,JPN,JP,INSURANCEEXP,TOT,PC_GDP,A,2005,6.92,
599,Japan,JPN,JP,INSURANCEEXP,TOT,PC_GDP,A,2006,6.812,
600,Japan,JPN,JP,INSURANCEEXP,TOT,PC_GDP,A,2007,7.32,
601,Japan,JPN,JP,INSURANCEEXP,TOT,PC_GDP,A,2008,8.039,
602,Japan,JPN,JP,INSURANCEEXP,TOT,PC_GDP,A,2009,8.537,
603,Japan,JPN,JP,INSURANCEEXP,TOT,PC_GDP,A,2010,8.382,
604,Japan,JPN,JP,INSURANCEEXP,TOT,PC_GDP,A,2011,8.828,
605,Japan,JPN,JP,INSURANCEEXP,TOT,PC_GDP,A,2012,6.757999999999999,
606,Japan,JPN,JP,INSURANCEEXP,TOT,PC_GDP,A,2013,6.395,
607,Japan,JPN,JP,INSURANCEEXP,TOT,PC_GDP,A,2014,6.843999999999999,
608,Japan,JPN,JP,INSURANCEEXP,TOT,PC_GDP,A,2015,6.812,
609,Japan,JPN,JP,INSURANCEEXP,TOT,PC_GDP,A,2016,7.731,
610,Japan,JPN,JP,INSURANCEEXP,TOT,PC_GDP,A,2017,7.447,
611,Japan,JPN,JP,INSURANCEEXP,TOT,PC_GDP,A,2018,7.763999999999999,
612,Latvia,LVA,LV,INSURANCEEXP,TOT,PC_GDP,A,2009,1.942,
613,Latvia,LVA,LV,INSURANCEEXP,TOT,PC_GDP,A,2010,1.8119999999999998,
614,Latvia,LVA,LV,INSURANCEEXP,TOT,PC_GDP,A,2011,1.935,
615,Latvia,LVA,LV,INSURANCEEXP,TOT,PC_GDP,A,2012,2.01,
616,Latvia,LVA,LV,INSURANCEEXP,TOT,PC_GDP,A,2013,2.065,
617,Latvia,LVA,LV,INSURANCEEXP,TOT,PC_GDP,A,2014,2.187,
618,Latvia,LVA,LV,INSURANCEEXP,TOT,PC_GDP,A,2015,2.174,
619,Latvia,LVA,LV,INSURANCEEXP,TOT,PC_GDP,A,2016,2.123,
620,Latvia,LVA,LV,INSURANCEEXP,TOT,PC_GDP,A,2017,2.41,
621,Latvia,LVA,LV,INSURANCEEXP,TOT,PC_GDP,A,2018,2.593,
622,Lithuania,LTU,LT,INSURANCEEXP,TOT,PC_GDP,A,2010,1.608,
623,Lithuania,LTU,LT,INSURANCEEXP,TOT,PC_GDP,A,2011,1.575,
624,Lithuania,LTU,LT,INSURANCEEXP,TOT,PC_GDP,A,2012,1.551,
625,Lithuania,LTU,LT,INSURANCEEXP,TOT,PC_GDP,A,2013,1.619,
626,Lithuania,LTU,LT,INSURANCEEXP,TOT,PC_GDP,A,2014,1.6440000000000001,
627,Lithuania,LTU,LT,INSURANCEEXP,TOT,PC_GDP,A,2015,1.7280000000000002,
628,Lithuania,LTU,LT,INSURANCEEXP,TOT,PC_GDP,A,2016,1.825,
629,Lithuania,LTU,LT,INSURANCEEXP,TOT,PC_GDP,A,2017,1.875,
630,Lithuania,LTU,LT,INSURANCEEXP,TOT,PC_GDP,A,2018,1.94,
631,Luxembourg,LUX,LU,INSURANCEEXP,TOT,PC_GDP,A,1983,2.378,
632,Luxembourg,LUX,LU,INSURANCEEXP,TOT,PC_GDP,A,1984,2.461,
633,Luxembourg,LUX,LU,INSURANCEEXP,TOT,PC_GDP,A,1985,2.596,
634,Luxembourg,LUX,LU,INSURANCEEXP,TOT,PC_GDP,A,1986,2.9360000000000004,
635,Luxembourg,LUX,LU,INSURANCEEXP,TOT,PC_GDP,A,1987,2.82,
636,Luxembourg,LUX,LU,INSURANCEEXP,TOT,PC_GDP,A,1988,2.99,
637,Luxembourg,LUX,LU,INSURANCEEXP,TOT,PC_GDP,A,1989,3.045,
638,Luxembourg,LUX,LU,INSURANCEEXP,TOT,PC_GDP,A,1990,3.5010000000000003,
639,Luxembourg,LUX,LU,INSURANCEEXP,TOT,PC_GDP,A,1991,3.6689999999999996,
640,Luxembourg,LUX,LU,INSURANCEEXP,TOT,PC_GDP,A,1992,3.65,
641,Luxembourg,LUX,LU,INSURANCEEXP,TOT,PC_GDP,A,1993,3.3360000000000003,
642,Luxembourg,LUX,LU,INSURANCEEXP,TOT,PC_GDP,A,1994,8.975,
643,Luxembourg,LUX,LU,INSURANCEEXP,TOT,PC_GDP,A,1995,20.097,
644,Luxembourg,LUX,LU,INSURANCEEXP,TOT,PC_GDP,A,1996,17.613,
645,Luxembourg,LUX,LU,INSURANCEEXP,TOT,PC_GDP,A,1997,25.916999999999998,
646,Luxembourg,LUX,LU,INSURANCEEXP,TOT,PC_GDP,A,1998,28.413,
647,Luxembourg,LUX,LU,INSURANCEEXP,TOT,PC_GDP,A,1999,27.544,
648,Luxembourg,LUX,LU,INSURANCEEXP,TOT,PC_GDP,A,2000,27.215999999999998,
649,Luxembourg,LUX,LU,INSURANCEEXP,TOT,PC_GDP,A,2001,25.660999999999998,
650,Luxembourg,LUX,LU,INSURANCEEXP,TOT,PC_GDP,A,2002,24.322,
651,Luxembourg,LUX,LU,INSURANCEEXP,TOT,PC_GDP,A,2003,25.391,
652,Luxembourg,LUX,LU,INSURANCEEXP,TOT,PC_GDP,A,2004,28.726999999999997,
653,Luxembourg,LUX,LU,INSURANCEEXP,TOT,PC_GDP,A,2005,33.762,
654,Luxembourg,LUX,LU,INSURANCEEXP,TOT,PC_GDP,A,2006,34.541,
655,Luxembourg,LUX,LU,INSURANCEEXP,TOT,PC_GDP,A,2007,30.103,
656,Luxembourg,LUX,LU,INSURANCEEXP,TOT,PC_GDP,A,2008,28.425,
657,Luxembourg,LUX,LU,INSURANCEEXP,TOT,PC_GDP,A,2009,44.853,
658,Luxembourg,LUX,LU,INSURANCEEXP,TOT,PC_GDP,A,2010,51.20399999999999,
659,Luxembourg,LUX,LU,INSURANCEEXP,TOT,PC_GDP,A,2011,31.316,
660,Luxembourg,LUX,LU,INSURANCEEXP,TOT,PC_GDP,A,2012,43.82899999999999,
661,Luxembourg,LUX,LU,INSURANCEEXP,TOT,PC_GDP,A,2013,39.624,
662,Luxembourg,LUX,LU,INSURANCEEXP,TOT,PC_GDP,A,2014,43.203,
663,Luxembourg,LUX,LU,INSURANCEEXP,TOT,PC_GDP,A,2015,36.553000000000004,
664,Luxembourg,LUX,LU,INSURANCEEXP,TOT,PC_GDP,A,2016,33.292,
665,Luxembourg,LUX,LU,INSURANCEEXP,TOT,PC_GDP,A,2017,37.793,
666,Luxembourg,LUX,LU,INSURANCEEXP,TOT,PC_GDP,A,2018,34.521,
667,Malaysia,MYS,MY,INSURANCEEXP,TOT,PC_GDP,A,2009,4.316,
668,Malaysia,MYS,MY,INSURANCEEXP,TOT,PC_GDP,A,2010,4.856,
669,Malaysia,MYS,MY,INSURANCEEXP,TOT,PC_GDP,A,2011,4.667,
670,Malaysia,MYS,MY,INSURANCEEXP,TOT,PC_GDP,A,2012,4.825,
671,Malaysia,MYS,MY,INSURANCEEXP,TOT,PC_GDP,A,2013,4.863,
672,Malaysia,MYS,MY,INSURANCEEXP,TOT,PC_GDP,A,2014,4.812,
673,Malaysia,MYS,MY,INSURANCEEXP,TOT,PC_GDP,A,2015,4.7780000000000005,
674,Malaysia,MYS,MY,INSURANCEEXP,TOT,PC_GDP,A,2016,4.697,
675,Malaysia,MYS,MY,INSURANCEEXP,TOT,PC_GDP,A,2017,4.471,
676,Malaysia,MYS,MY,INSURANCEEXP,TOT,PC_GDP,A,2018,4.4,
677,Mexico,MEX,MX,INSURANCEEXP,TOT,PC_GDP,A,1992,1.3519999999999999,
678,Mexico,MEX,MX,INSURANCEEXP,TOT,PC_GDP,A,1993,1.432,
679,Mexico,MEX,MX,INSURANCEEXP,TOT,PC_GDP,A,1994,1.445,
680,Mexico,MEX,MX,INSURANCEEXP,TOT,PC_GDP,A,1995,1.296,
681,Mexico,MEX,MX,INSURANCEEXP,TOT,PC_GDP,A,1996,1.222,
682,Mexico,MEX,MX,INSURANCEEXP,TOT,PC_GDP,A,1997,1.254,
683,Mexico,MEX,MX,INSURANCEEXP,TOT,PC_GDP,A,1998,1.5019999999999998,
684,Mexico,MEX,MX,INSURANCEEXP,TOT,PC_GDP,A,1999,1.709,
685,Mexico,MEX,MX,INSURANCEEXP,TOT,PC_GDP,A,2000,1.692,
686,Mexico,MEX,MX,INSURANCEEXP,TOT,PC_GDP,A,2001,1.4880000000000002,
687,Mexico,MEX,MX,INSURANCEEXP,TOT,PC_GDP,A,2002,1.673,
688,Mexico,MEX,MX,INSURANCEEXP,TOT,PC_GDP,A,2003,1.4969999999999999,
689,Mexico,MEX,MX,INSURANCEEXP,TOT,PC_GDP,A,2004,1.564,
690,Mexico,MEX,MX,INSURANCEEXP,TOT,PC_GDP,A,2005,1.4469999999999998,
691,Mexico,MEX,MX,INSURANCEEXP,TOT,PC_GDP,A,2006,1.5390000000000001,
692,Mexico,MEX,MX,INSURANCEEXP,TOT,PC_GDP,A,2007,1.6540000000000001,
693,Mexico,MEX,MX,INSURANCEEXP,TOT,PC_GDP,A,2008,1.67,
694,Mexico,MEX,MX,INSURANCEEXP,TOT,PC_GDP,A,2009,1.915,
695,Mexico,MEX,MX,INSURANCEEXP,TOT,PC_GDP,A,2010,1.818,
696,Mexico,MEX,MX,INSURANCEEXP,TOT,PC_GDP,A,2011,1.883,
697,Mexico,MEX,MX,INSURANCEEXP,TOT,PC_GDP,A,2012,1.929,
698,Mexico,MEX,MX,INSURANCEEXP,TOT,PC_GDP,A,2013,2.097,
699,Mexico,MEX,MX,INSURANCEEXP,TOT,PC_GDP,A,2014,2.043,
700,Mexico,MEX,MX,INSURANCEEXP,TOT,PC_GDP,A,2015,2.094,
701,Mexico,MEX,MX,INSURANCEEXP,TOT,PC_GDP,A,2016,2.204,
702,Mexico,MEX,MX,INSURANCEEXP,TOT,PC_GDP,A,2017,2.255,
703,Mexico,MEX,MX,INSURANCEEXP,TOT,PC_GDP,A,2018,2.276,
704,Netherlands,NLD,NL,INSURANCEEXP,TOT,PC_GDP,A,1990,3.502,
705,Netherlands,NLD,NL,INSURANCEEXP,TOT,PC_GDP,A,1991,3.139,
706,Netherlands,NLD,NL,INSURANCEEXP,TOT,PC_GDP,A,1992,3.525,
707,Netherlands,NLD,NL,INSURANCEEXP,TOT,PC_GDP,A,1993,3.8,
708,Netherlands,NLD,NL,INSURANCEEXP,TOT,PC_GDP,A,1994,4.039,
709,Netherlands,NLD,NL,INSURANCEEXP,TOT,PC_GDP,A,1995,8.421,
710,Netherlands,NLD,NL,INSURANCEEXP,TOT,PC_GDP,A,1996,8.652999999999999,
711,Netherlands,NLD,NL,INSURANCEEXP,TOT,PC_GDP,A,1997,8.787,
712,Netherlands,NLD,NL,INSURANCEEXP,TOT,PC_GDP,A,1998,9.227,
713,Netherlands,NLD,NL,INSURANCEEXP,TOT,PC_GDP,A,1999,9.291,
714,Netherlands,NLD,NL,INSURANCEEXP,TOT,PC_GDP,A,2000,8.915,
715,Netherlands,NLD,NL,INSURANCEEXP,TOT,PC_GDP,A,2001,9.021,
716,Netherlands,NLD,NL,INSURANCEEXP,TOT,PC_GDP,A,2002,8.676,
717,Netherlands,NLD,NL,INSURANCEEXP,TOT,PC_GDP,A,2003,8.917,
718,Netherlands,NLD,NL,INSURANCEEXP,TOT,PC_GDP,A,2004,9.105,
719,Netherlands,NLD,NL,INSURANCEEXP,TOT,PC_GDP,A,2005,8.748,
720,Netherlands,NLD,NL,INSURANCEEXP,TOT,PC_GDP,A,2006,7.8020000000000005,
721,Netherlands,NLD,NL,INSURANCEEXP,TOT,PC_GDP,A,2007,7.6160000000000005,
722,Netherlands,NLD,NL,INSURANCEEXP,TOT,PC_GDP,A,2008,7.447,
723,Netherlands,NLD,NL,INSURANCEEXP,TOT,PC_GDP,A,2009,7.19,
724,Netherlands,NLD,NL,INSURANCEEXP,TOT,PC_GDP,A,2010,5.752000000000001,
725,Netherlands,NLD,NL,INSURANCEEXP,TOT,PC_GDP,A,2011,6.431,
726,Netherlands,NLD,NL,INSURANCEEXP,TOT,PC_GDP,A,2012,6.028,
727,Netherlands,NLD,NL,INSURANCEEXP,TOT,PC_GDP,A,2013,5.742999999999999,
728,Netherlands,NLD,NL,INSURANCEEXP,TOT,PC_GDP,A,2014,5.367999999999999,
729,Netherlands,NLD,NL,INSURANCEEXP,TOT,PC_GDP,A,2015,4.803999999999999,
730,Netherlands,NLD,NL,INSURANCEEXP,TOT,PC_GDP,A,2016,9.815,
731,Netherlands,NLD,NL,INSURANCEEXP,TOT,PC_GDP,A,2017,9.476,
732,Netherlands,NLD,NL,INSURANCEEXP,TOT,PC_GDP,A,2018,9.342,
733,New Zealand,NZL,NZ,INSURANCEEXP,TOT,PC_GDP,A,1988,2.028,
734,New Zealand,NZL,NZ,INSURANCEEXP,TOT,PC_GDP,A,1989,4.188,
735,New Zealand,NZL,NZ,INSURANCEEXP,TOT,PC_GDP,A,1990,4.013999999999999,
736,New Zealand,NZL,NZ,INSURANCEEXP,TOT,PC_GDP,A,1991,3.648,
737,New Zealand,NZL,NZ,INSURANCEEXP,TOT,PC_GDP,A,1992,1.5419999999999998,
738,New Zealand,NZL,NZ,INSURANCEEXP,TOT,PC_GDP,A,1993,1.442,
739,New Zealand,NZL,NZ,INSURANCEEXP,TOT,PC_GDP,A,1994,1.411,
740,New Zealand,NZL,NZ,INSURANCEEXP,TOT,PC_GDP,A,1995,1.075,
741,New Zealand,NZL,NZ,INSURANCEEXP,TOT,PC_GDP,A,1996,2.424,
742,New Zealand,NZL,NZ,INSURANCEEXP,TOT,PC_GDP,A,1997,2.464,
743,New Zealand,NZL,NZ,INSURANCEEXP,TOT,PC_GDP,A,1998,2.398,
744,New Zealand,NZL,NZ,INSURANCEEXP,TOT,PC_GDP,A,2000,2.455,
745,New Zealand,NZL,NZ,INSURANCEEXP,TOT,PC_GDP,A,2001,2.3040000000000003,
746,New Zealand,NZL,NZ,INSURANCEEXP,TOT,PC_GDP,A,2003,2.0709999999999997,
747,New Zealand,NZL,NZ,INSURANCEEXP,TOT,PC_GDP,A,2004,2.525,
748,New Zealand,NZL,NZ,INSURANCEEXP,TOT,PC_GDP,A,2005,2.6289999999999996,
749,New Zealand,NZL,NZ,INSURANCEEXP,TOT,PC_GDP,A,2006,2.5610000000000004,
750,New Zealand,NZL,NZ,INSURANCEEXP,TOT,PC_GDP,A,2007,2.367,
751,New Zealand,NZL,NZ,INSURANCEEXP,TOT,PC_GDP,A,2008,2.309,
752,New Zealand,NZL,NZ,INSURANCEEXP,TOT,PC_GDP,A,2009,2.378,
753,New Zealand,NZL,NZ,INSURANCEEXP,TOT,PC_GDP,A,2010,2.2640000000000002,
754,New Zealand,NZL,NZ,INSURANCEEXP,TOT,PC_GDP,A,2012,2.571,
755,New Zealand,NZL,NZ,INSURANCEEXP,TOT,PC_GDP,A,2013,2.677,
756,New Zealand,NZL,NZ,INSURANCEEXP,TOT,PC_GDP,A,2014,2.6510000000000002,
757,New Zealand,NZL,NZ,INSURANCEEXP,TOT,PC_GDP,A,2015,2.528,
758,New Zealand,NZL,NZ,INSURANCEEXP,TOT,PC_GDP,A,2016,2.484,
759,New Zealand,NZL,NZ,INSURANCEEXP,TOT,PC_GDP,A,2017,2.404,
760,Nicaragua,NIC,NI,INSURANCEEXP,TOT,PC_GDP,A,2011,1.261,
761,Nicaragua,NIC,NI,INSURANCEEXP,TOT,PC_GDP,A,2012,1.3130000000000002,
762,Nicaragua,NIC,NI,INSURANCEEXP,TOT,PC_GDP,A,2013,1.4280000000000002,
763,Nicaragua,NIC,NI,INSURANCEEXP,TOT,PC_GDP,A,2014,1.496,
764,Nicaragua,NIC,NI,INSURANCEEXP,TOT,PC_GDP,A,2015,1.5119999999999998,
765,Nicaragua,NIC,NI,INSURANCEEXP,TOT,PC_GDP,A,2016,1.55,
766,Nicaragua,NIC,NI,INSURANCEEXP,TOT,PC_GDP,A,2017,1.594,
767,Nicaragua,NIC,NI,INSURANCEEXP,TOT,PC_GDP,A,2018,1.689,
768,Norway,NOR,NO,INSURANCEEXP,TOT,PC_GDP,A,1983,3.77,
769,Norway,NOR,NO,INSURANCEEXP,TOT,PC_GDP,A,1984,3.6910000000000003,
770,Norway,NOR,NO,INSURANCEEXP,TOT,PC_GDP,A,1985,4.106,
771,Norway,NOR,NO,INSURANCEEXP,TOT,PC_GDP,A,1986,4.724,
772,Norway,NOR,NO,INSURANCEEXP,TOT,PC_GDP,A,1987,4.644,
773,Norway,NOR,NO,INSURANCEEXP,TOT,PC_GDP,A,1988,4.816,
774,Norway,NOR,NO,INSURANCEEXP,TOT,PC_GDP,A,1989,4.623,
775,Norway,NOR,NO,INSURANCEEXP,TOT,PC_GDP,A,1990,4.51,
776,Norway,NOR,NO,INSURANCEEXP,TOT,PC_GDP,A,1991,4.705,
777,Norway,NOR,NO,INSURANCEEXP,TOT,PC_GDP,A,1992,2.923,
778,Norway,NOR,NO,INSURANCEEXP,TOT,PC_GDP,A,1993,4.854,
779,Norway,NOR,NO,INSURANCEEXP,TOT,PC_GDP,A,1994,2.205,
780,Norway,NOR,NO,INSURANCEEXP,TOT,PC_GDP,A,1995,2.015,
781,Norway,NOR,NO,INSURANCEEXP,TOT,PC_GDP,A,1996,4.364,
782,Norway,NOR,NO,INSURANCEEXP,TOT,PC_GDP,A,1997,4.592,
783,Norway,NOR,NO,INSURANCEEXP,TOT,PC_GDP,A,1998,4.787,
784,Norway,NOR,NO,INSURANCEEXP,TOT,PC_GDP,A,1999,4.565,
785,Norway,NOR,NO,INSURANCEEXP,TOT,PC_GDP,A,2000,4.356,
786,Norway,NOR,NO,INSURANCEEXP,TOT,PC_GDP,A,2001,4.744,
787,Norway,NOR,NO,INSURANCEEXP,TOT,PC_GDP,A,2002,5.228,
788,Norway,NOR,NO,INSURANCEEXP,TOT,PC_GDP,A,2003,5.524,
789,Norway,NOR,NO,INSURANCEEXP,TOT,PC_GDP,A,2004,5.704,
790,Norway,NOR,NO,INSURANCEEXP,TOT,PC_GDP,A,2005,5.545,
791,Norway,NOR,NO,INSURANCEEXP,TOT,PC_GDP,A,2006,4.6930000000000005,
792,Norway,NOR,NO,INSURANCEEXP,TOT,PC_GDP,A,2007,4.927,
793,Norway,NOR,NO,INSURANCEEXP,TOT,PC_GDP,A,2008,5.226,
794,Norway,NOR,NO,INSURANCEEXP,TOT,PC_GDP,A,2009,5.499,
795,Norway,NOR,NO,INSURANCEEXP,TOT,PC_GDP,A,2010,4.798,
796,Norway,NOR,NO,INSURANCEEXP,TOT,PC_GDP,A,2011,4.775,
797,Norway,NOR,NO,INSURANCEEXP,TOT,PC_GDP,A,2012,5.053999999999999,
798,Norway,NOR,NO,INSURANCEEXP,TOT,PC_GDP,A,2013,4.885,
799,Norway,NOR,NO,INSURANCEEXP,TOT,PC_GDP,A,2014,5.309,
800,Norway,NOR,NO,INSURANCEEXP,TOT,PC_GDP,A,2015,5.352,
801,Norway,NOR,NO,INSURANCEEXP,TOT,PC_GDP,A,2016,5.657,
802,Norway,NOR,NO,INSURANCEEXP,TOT,PC_GDP,A,2017,5.122000000000001,
803,Norway,NOR,NO,INSURANCEEXP,TOT,PC_GDP,A,2018,5.066,
804,Panama,PAN,PA,INSURANCEEXP,TOT,PC_GDP,A,2011,2.9810000000000003,
805,Panama,PAN,PA,INSURANCEEXP,TOT,PC_GDP,A,2012,2.676,
806,Panama,PAN,PA,INSURANCEEXP,TOT,PC_GDP,A,2013,2.708,
807,Paraguay,PRY,PY,INSURANCEEXP,TOT,PC_GDP,A,2012,0.895,
808,Paraguay,PRY,PY,INSURANCEEXP,TOT,PC_GDP,A,2013,0.919,
809,Paraguay,PRY,PY,INSURANCEEXP,TOT,PC_GDP,A,2015,1.04,
810,Paraguay,PRY,PY,INSURANCEEXP,TOT,PC_GDP,A,2016,1.034,
811,Paraguay,PRY,PY,INSURANCEEXP,TOT,PC_GDP,A,2017,1.021,
812,Peru,PER,PE,INSURANCEEXP,TOT,PC_GDP,A,2011,1.5330000000000001,
813,Peru,PER,PE,INSURANCEEXP,TOT,PC_GDP,A,2012,1.554,
814,Peru,PER,PE,INSURANCEEXP,TOT,PC_GDP,A,2013,1.66,
815,Peru,PER,PE,INSURANCEEXP,TOT,PC_GDP,A,2014,1.7690000000000001,
816,Peru,PER,PE,INSURANCEEXP,TOT,PC_GDP,A,2015,1.925,
817,Peru,PER,PE,INSURANCEEXP,TOT,PC_GDP,A,2016,1.715,
818,Peru,PER,PE,INSURANCEEXP,TOT,PC_GDP,A,2017,1.6219999999999999,
819,Peru,PER,PE,INSURANCEEXP,TOT,PC_GDP,A,2018,1.7380000000000002,
820,Poland,POL,PL,INSURANCEEXP,TOT,PC_GDP,A,1995,1.192,
821,Poland,POL,PL,INSURANCEEXP,TOT,PC_GDP,A,1996,1.93,
822,Poland,POL,PL,INSURANCEEXP,TOT,PC_GDP,A,1997,2.36,
823,Poland,POL,PL,INSURANCEEXP,TOT,PC_GDP,A,1998,2.568,
824,Poland,POL,PL,INSURANCEEXP,TOT,PC_GDP,A,1999,2.7230000000000003,
825,Poland,POL,PL,INSURANCEEXP,TOT,PC_GDP,A,2000,2.7539999999999996,
826,Poland,POL,PL,INSURANCEEXP,TOT,PC_GDP,A,2001,2.84,
827,Poland,POL,PL,INSURANCEEXP,TOT,PC_GDP,A,2002,2.765,
828,Poland,POL,PL,INSURANCEEXP,TOT,PC_GDP,A,2003,2.9,
829,Poland,POL,PL,INSURANCEEXP,TOT,PC_GDP,A,2004,2.9130000000000003,
830,Poland,POL,PL,INSURANCEEXP,TOT,PC_GDP,A,2005,3.083,
831,Poland,POL,PL,INSURANCEEXP,TOT,PC_GDP,A,2006,3.467,
832,Poland,POL,PL,INSURANCEEXP,TOT,PC_GDP,A,2007,3.64,
833,Poland,POL,PL,INSURANCEEXP,TOT,PC_GDP,A,2008,4.573,
834,Poland,POL,PL,INSURANCEEXP,TOT,PC_GDP,A,2009,3.7060000000000004,
835,Poland,POL,PL,INSURANCEEXP,TOT,PC_GDP,A,2010,3.708,
836,Poland,POL,PL,INSURANCEEXP,TOT,PC_GDP,A,2011,3.615,
837,Poland,POL,PL,INSURANCEEXP,TOT,PC_GDP,A,2012,3.805,
838,Poland,POL,PL,INSURANCEEXP,TOT,PC_GDP,A,2013,3.45,
839,Poland,POL,PL,INSURANCEEXP,TOT,PC_GDP,A,2014,3.16,
840,Poland,POL,PL,INSURANCEEXP,TOT,PC_GDP,A,2015,2.964,
841,Poland,POL,PL,INSURANCEEXP,TOT,PC_GDP,A,2016,2.905,
842,Poland,POL,PL,INSURANCEEXP,TOT,PC_GDP,A,2017,3.033,
843,Poland,POL,PL,INSURANCEEXP,TOT,PC_GDP,A,2018,2.8289999999999997,
844,Portugal,PRT,PT,INSURANCEEXP,TOT,PC_GDP,A,1983,2.148,
845,Portugal,PRT,PT,INSURANCEEXP,TOT,PC_GDP,A,1984,2.125,
846,Portugal,PRT,PT,INSURANCEEXP,TOT,PC_GDP,A,1985,2.0669999999999997,
847,Portugal,PRT,PT,INSURANCEEXP,TOT,PC_GDP,A,1986,2.064,
848,Portugal,PRT,PT,INSURANCEEXP,TOT,PC_GDP,A,1987,2.108,
849,Portugal,PRT,PT,INSURANCEEXP,TOT,PC_GDP,A,1988,2.25,
850,Portugal,PRT,PT,INSURANCEEXP,TOT,PC_GDP,A,1989,2.415,
851,Portugal,PRT,PT,INSURANCEEXP,TOT,PC_GDP,A,1990,2.705,
852,Portugal,PRT,PT,INSURANCEEXP,TOT,PC_GDP,A,1991,2.877,
853,Portugal,PRT,PT,INSURANCEEXP,TOT,PC_GDP,A,1992,3.1060000000000003,
854,Portugal,PRT,PT,INSURANCEEXP,TOT,PC_GDP,A,1993,3.6060000000000003,
855,Portugal,PRT,PT,INSURANCEEXP,TOT,PC_GDP,A,1994,3.7680000000000002,
856,Portugal,PRT,PT,INSURANCEEXP,TOT,PC_GDP,A,1995,4.217,
857,Portugal,PRT,PT,INSURANCEEXP,TOT,PC_GDP,A,1996,4.678999999999999,
858,Portugal,PRT,PT,INSURANCEEXP,TOT,PC_GDP,A,1997,4.474,
859,Portugal,PRT,PT,INSURANCEEXP,TOT,PC_GDP,A,1998,4.917,
860,Portugal,PRT,PT,INSURANCEEXP,TOT,PC_GDP,A,1999,5.565,
861,Portugal,PRT,PT,INSURANCEEXP,TOT,PC_GDP,A,2000,6.063,
862,Portugal,PRT,PT,INSURANCEEXP,TOT,PC_GDP,A,2001,5.684,
863,Portugal,PRT,PT,INSURANCEEXP,TOT,PC_GDP,A,2002,5.811,
864,Portugal,PRT,PT,INSURANCEEXP,TOT,PC_GDP,A,2003,6.358,
865,Portugal,PRT,PT,INSURANCEEXP,TOT,PC_GDP,A,2004,6.676,
866,Portugal,PRT,PT,INSURANCEEXP,TOT,PC_GDP,A,2005,8.34,
867,Portugal,PRT,PT,INSURANCEEXP,TOT,PC_GDP,A,2006,7.657,
868,Portugal,PRT,PT,INSURANCEEXP,TOT,PC_GDP,A,2007,7.605,
869,Portugal,PRT,PT,INSURANCEEXP,TOT,PC_GDP,A,2008,8.362,
870,Portugal,PRT,PT,INSURANCEEXP,TOT,PC_GDP,A,2009,7.867999999999999,
871,Portugal,PRT,PT,INSURANCEEXP,TOT,PC_GDP,A,2010,8.603,
872,Portugal,PRT,PT,INSURANCEEXP,TOT,PC_GDP,A,2011,6.146,
873,Portugal,PRT,PT,INSURANCEEXP,TOT,PC_GDP,A,2012,6.017,
874,Portugal,PRT,PT,INSURANCEEXP,TOT,PC_GDP,A,2013,7.249,
875,Portugal,PRT,PT,INSURANCEEXP,TOT,PC_GDP,A,2014,7.848,
876,Portugal,PRT,PT,INSURANCEEXP,TOT,PC_GDP,A,2015,6.718,
877,Portugal,PRT,PT,INSURANCEEXP,TOT,PC_GDP,A,2016,5.553,
878,Portugal,PRT,PT,INSURANCEEXP,TOT,PC_GDP,A,2017,5.535,
879,Portugal,PRT,PT,INSURANCEEXP,TOT,PC_GDP,A,2018,5.848,
880,Russia,RUS,RU,INSURANCEEXP,TOT,PC_GDP,A,2006,1.208,
881,Russia,RUS,RU,INSURANCEEXP,TOT,PC_GDP,A,2007,1.365,
882,Russia,RUS,RU,INSURANCEEXP,TOT,PC_GDP,A,2008,1.256,
883,Russia,RUS,RU,INSURANCEEXP,TOT,PC_GDP,A,2009,1.239,
884,Russia,RUS,RU,INSURANCEEXP,TOT,PC_GDP,A,2011,1.113,
885,Russia,RUS,RU,INSURANCEEXP,TOT,PC_GDP,A,2014,1.251,
886,Russia,RUS,RU,INSURANCEEXP,TOT,PC_GDP,A,2015,1.2329999999999999,
887,Russia,RUS,RU,INSURANCEEXP,TOT,PC_GDP,A,2016,1.3780000000000001,
888,Russia,RUS,RU,INSURANCEEXP,TOT,PC_GDP,A,2017,1.389,
889,Russia,RUS,RU,INSURANCEEXP,TOT,PC_GDP,A,2018,1.4480000000000002,
890,Singapore,SGP,SG,INSURANCEEXP,TOT,PC_GDP,A,2000,6.257999999999999,
891,Singapore,SGP,SG,INSURANCEEXP,TOT,PC_GDP,A,2001,10.295,
892,Singapore,SGP,SG,INSURANCEEXP,TOT,PC_GDP,A,2004,7.422000000000001,
893,Singapore,SGP,SG,INSURANCEEXP,TOT,PC_GDP,A,2009,4.3,
894,Singapore,SGP,SG,INSURANCEEXP,TOT,PC_GDP,A,2010,6.419,
895,Singapore,SGP,SG,INSURANCEEXP,TOT,PC_GDP,A,2011,6.356,
896,Singapore,SGP,SG,INSURANCEEXP,TOT,PC_GDP,A,2012,6.792000000000001,
897,Singapore,SGP,SG,INSURANCEEXP,TOT,PC_GDP,A,2013,7.159,
898,Singapore,SGP,SG,INSURANCEEXP,TOT,PC_GDP,A,2014,7.8389999999999995,
899,Singapore,SGP,SG,INSURANCEEXP,TOT,PC_GDP,A,2015,7.952999999999999,
900,Singapore,SGP,SG,INSURANCEEXP,TOT,PC_GDP,A,2016,8.203,
901,Singapore,SGP,SG,INSURANCEEXP,TOT,PC_GDP,A,2017,9.019,
902,Slovakia,SVK,SK,INSURANCEEXP,TOT,PC_GDP,A,1997,1.864,
903,Slovakia,SVK,SK,INSURANCEEXP,TOT,PC_GDP,A,1998,2.062,
904,Slovakia,SVK,SK,INSURANCEEXP,TOT,PC_GDP,A,1999,1.913,
905,Slovakia,SVK,SK,INSURANCEEXP,TOT,PC_GDP,A,2000,2.046,
906,Slovakia,SVK,SK,INSURANCEEXP,TOT,PC_GDP,A,2001,2.161,
907,Slovakia,SVK,SK,INSURANCEEXP,TOT,PC_GDP,A,2002,2.296,
908,Slovakia,SVK,SK,INSURANCEEXP,TOT,PC_GDP,A,2004,2.59,
909,Slovakia,SVK,SK,INSURANCEEXP,TOT,PC_GDP,A,2006,2.555,
910,Slovakia,SVK,SK,INSURANCEEXP,TOT,PC_GDP,A,2007,2.688,
911,Slovakia,SVK,SK,INSURANCEEXP,TOT,PC_GDP,A,2008,2.9760000000000004,
912,Slovakia,SVK,SK,INSURANCEEXP,TOT,PC_GDP,A,2009,3.2230000000000003,
913,Slovakia,SVK,SK,INSURANCEEXP,TOT,PC_GDP,A,2010,3.102,
914,Slovakia,SVK,SK,INSURANCEEXP,TOT,PC_GDP,A,2011,2.998,
915,Slovakia,SVK,SK,INSURANCEEXP,TOT,PC_GDP,A,2012,2.907,
916,Slovakia,SVK,SK,INSURANCEEXP,TOT,PC_GDP,A,2013,2.968,
917,Slovakia,SVK,SK,INSURANCEEXP,TOT,PC_GDP,A,2014,2.906,
918,Slovakia,SVK,SK,INSURANCEEXP,TOT,PC_GDP,A,2015,2.659,
919,Slovakia,SVK,SK,INSURANCEEXP,TOT,PC_GDP,A,2017,5.275,
920,Slovenia,SVN,SI,INSURANCEEXP,TOT,PC_GDP,A,2007,5.4,
921,Slovenia,SVN,SI,INSURANCEEXP,TOT,PC_GDP,A,2008,5.321000000000001,
922,Slovenia,SVN,SI,INSURANCEEXP,TOT,PC_GDP,A,2009,5.277,
923,Slovenia,SVN,SI,INSURANCEEXP,TOT,PC_GDP,A,2010,5.267,
924,Slovenia,SVN,SI,INSURANCEEXP,TOT,PC_GDP,A,2011,5.184,
925,Slovenia,SVN,SI,INSURANCEEXP,TOT,PC_GDP,A,2012,5.303,
926,Slovenia,SVN,SI,INSURANCEEXP,TOT,PC_GDP,A,2013,5.143,
927,Slovenia,SVN,SI,INSURANCEEXP,TOT,PC_GDP,A,2014,4.938,
928,Slovenia,SVN,SI,INSURANCEEXP,TOT,PC_GDP,A,2015,4.842,
929,Slovenia,SVN,SI,INSURANCEEXP,TOT,PC_GDP,A,2016,4.75,
930,Slovenia,SVN,SI,INSURANCEEXP,TOT,PC_GDP,A,2017,4.702,
931,Slovenia,SVN,SI,INSURANCEEXP,TOT,PC_GDP,A,2018,4.68,
932,South Africa,ZAF,ZA,INSURANCEEXP,TOT,PC_GDP,A,2010,13.392999999999999,
933,South Africa,ZAF,ZA,INSURANCEEXP,TOT,PC_GDP,A,2011,13.449000000000002,
934,South Africa,ZAF,ZA,INSURANCEEXP,TOT,PC_GDP,A,2013,14.460999999999999,
935,South Africa,ZAF,ZA,INSURANCEEXP,TOT,PC_GDP,A,2014,14.364,
936,South Africa,ZAF,ZA,INSURANCEEXP,TOT,PC_GDP,A,2015,14.494000000000002,
937,South Africa,ZAF,ZA,INSURANCEEXP,TOT,PC_GDP,A,2016,13.921,
938,South Korea,KOR,KR,INSURANCEEXP,TOT,PC_GDP,A,1994,10.225,
939,South Korea,KOR,KR,INSURANCEEXP,TOT,PC_GDP,A,1995,11.037,
940,South Korea,KOR,KR,INSURANCEEXP,TOT,PC_GDP,A,1996,11.169,
941,South Korea,KOR,KR,INSURANCEEXP,TOT,PC_GDP,A,1997,11.683,
942,South Korea,KOR,KR,INSURANCEEXP,TOT,PC_GDP,A,1998,13.777000000000001,
943,South Korea,KOR,KR,INSURANCEEXP,TOT,PC_GDP,A,1999,11.609000000000002,
944,South Korea,KOR,KR,INSURANCEEXP,TOT,PC_GDP,A,2000,10.745999999999999,
945,South Korea,KOR,KR,INSURANCEEXP,TOT,PC_GDP,A,2001,9.345,
946,South Korea,KOR,KR,INSURANCEEXP,TOT,PC_GDP,A,2002,8.88,
947,South Korea,KOR,KR,INSURANCEEXP,TOT,PC_GDP,A,2003,8.511000000000001,
948,South Korea,KOR,KR,INSURANCEEXP,TOT,PC_GDP,A,2004,8.411,
949,South Korea,KOR,KR,INSURANCEEXP,TOT,PC_GDP,A,2005,9.026,
950,South Korea,KOR,KR,INSURANCEEXP,TOT,PC_GDP,A,2006,9.551,
951,South Korea,KOR,KR,INSURANCEEXP,TOT,PC_GDP,A,2007,9.795,
952,South Korea,KOR,KR,INSURANCEEXP,TOT,PC_GDP,A,2008,9.625,
953,South Korea,KOR,KR,INSURANCEEXP,TOT,PC_GDP,A,2009,9.743,
954,South Korea,KOR,KR,INSURANCEEXP,TOT,PC_GDP,A,2010,9.92,
955,South Korea,KOR,KR,INSURANCEEXP,TOT,PC_GDP,A,2011,10.408,
956,South Korea,KOR,KR,INSURANCEEXP,TOT,PC_GDP,A,2012,12.135,
957,South Korea,KOR,KR,INSURANCEEXP,TOT,PC_GDP,A,2013,11.704,
958,South Korea,KOR,KR,INSURANCEEXP,TOT,PC_GDP,A,2014,11.974,
959,South Korea,KOR,KR,INSURANCEEXP,TOT,PC_GDP,A,2015,11.894,
960,South Korea,KOR,KR,INSURANCEEXP,TOT,PC_GDP,A,2016,11.737,
961,South Korea,KOR,KR,INSURANCEEXP,TOT,PC_GDP,A,2017,11.020999999999999,
962,South Korea,KOR,KR,INSURANCEEXP,TOT,PC_GDP,A,2018,10.513,
963,Spain,ESP,ES,INSURANCEEXP,TOT,PC_GDP,A,1983,1.8019999999999998,
964,Spain,ESP,ES,INSURANCEEXP,TOT,PC_GDP,A,1984,1.956,
965,Spain,ESP,ES,INSURANCEEXP,TOT,PC_GDP,A,1985,2.013,
966,Spain,ESP,ES,INSURANCEEXP,TOT,PC_GDP,A,1986,3.0439999999999996,
967,Spain,ESP,ES,INSURANCEEXP,TOT,PC_GDP,A,1987,3.5,
968,Spain,ESP,ES,INSURANCEEXP,TOT,PC_GDP,A,1988,5.632000000000001,
969,Spain,ESP,ES,INSURANCEEXP,TOT,PC_GDP,A,1989,3.984,
970,Spain,ESP,ES,INSURANCEEXP,TOT,PC_GDP,A,1990,3.3369999999999997,
971,Spain,ESP,ES,INSURANCEEXP,TOT,PC_GDP,A,1991,3.719,
972,Spain,ESP,ES,INSURANCEEXP,TOT,PC_GDP,A,1992,3.8560000000000003,
973,Spain,ESP,ES,INSURANCEEXP,TOT,PC_GDP,A,1993,4.039,
974,Spain,ESP,ES,INSURANCEEXP,TOT,PC_GDP,A,1994,4.792,
975,Spain,ESP,ES,INSURANCEEXP,TOT,PC_GDP,A,1995,4.507,
976,Spain,ESP,ES,INSURANCEEXP,TOT,PC_GDP,A,1996,4.713,
977,Spain,ESP,ES,INSURANCEEXP,TOT,PC_GDP,A,1997,4.808,
978,Spain,ESP,ES,INSURANCEEXP,TOT,PC_GDP,A,1998,4.779,
979,Spain,ESP,ES,INSURANCEEXP,TOT,PC_GDP,A,1999,5.486000000000001,
980,Spain,ESP,ES,INSURANCEEXP,TOT,PC_GDP,A,2000,6.332999999999999,
981,Spain,ESP,ES,INSURANCEEXP,TOT,PC_GDP,A,2001,5.949,
982,Spain,ESP,ES,INSURANCEEXP,TOT,PC_GDP,A,2002,6.412000000000001,
983,Spain,ESP,ES,INSURANCEEXP,TOT,PC_GDP,A,2003,5.234,
984,Spain,ESP,ES,INSURANCEEXP,TOT,PC_GDP,A,2004,5.287000000000001,
985,Spain,ESP,ES,INSURANCEEXP,TOT,PC_GDP,A,2005,5.269,
986,Spain,ESP,ES,INSURANCEEXP,TOT,PC_GDP,A,2006,5.295,
987,Spain,ESP,ES,INSURANCEEXP,TOT,PC_GDP,A,2007,5.065,
988,Spain,ESP,ES,INSURANCEEXP,TOT,PC_GDP,A,2008,5.343999999999999,
989,Spain,ESP,ES,INSURANCEEXP,TOT,PC_GDP,A,2009,5.621,
990,Spain,ESP,ES,INSURANCEEXP,TOT,PC_GDP,A,2010,5.261,
991,Spain,ESP,ES,INSURANCEEXP,TOT,PC_GDP,A,2011,5.484,
992,Spain,ESP,ES,INSURANCEEXP,TOT,PC_GDP,A,2012,5.357,
993,Spain,ESP,ES,INSURANCEEXP,TOT,PC_GDP,A,2013,5.257000000000001,
994,Spain,ESP,ES,INSURANCEEXP,TOT,PC_GDP,A,2014,5.151,
995,Spain,ESP,ES,INSURANCEEXP,TOT,PC_GDP,A,2015,5.0280000000000005,
996,Spain,ESP,ES,INSURANCEEXP,TOT,PC_GDP,A,2016,5.487,
997,Spain,ESP,ES,INSURANCEEXP,TOT,PC_GDP,A,2017,5.2010000000000005,
998,Spain,ESP,ES,INSURANCEEXP,TOT,PC_GDP,A,2018,5.102,
999,Sri Lanka,LKA,LK,INSURANCEEXP,TOT,PC_GDP,A,2014,0.919,
1000,Sri Lanka,LKA,LK,INSURANCEEXP,TOT,PC_GDP,A,2015,1.137,
1001,Sri Lanka,LKA,LK,INSURANCEEXP,TOT,PC_GDP,A,2017,1.26,
1002,Sri Lanka,LKA,LK,INSURANCEEXP,TOT,PC_GDP,A,2018,1.27,
1003,Sweden,SWE,SE,INSURANCEEXP,TOT,PC_GDP,A,1983,3.945,
1004,Sweden,SWE,SE,INSURANCEEXP,TOT,PC_GDP,A,1984,4.104,
1005,Sweden,SWE,SE,INSURANCEEXP,TOT,PC_GDP,A,1985,4.407,
1006,Sweden,SWE,SE,INSURANCEEXP,TOT,PC_GDP,A,1986,4.566,
1007,Sweden,SWE,SE,INSURANCEEXP,TOT,PC_GDP,A,1987,4.705,
1008,Sweden,SWE,SE,INSURANCEEXP,TOT,PC_GDP,A,1988,5.004,
1009,Sweden,SWE,SE,INSURANCEEXP,TOT,PC_GDP,A,1989,5.564,
1010,Sweden,SWE,SE,INSURANCEEXP,TOT,PC_GDP,A,1990,4.966,
1011,Sweden,SWE,SE,INSURANCEEXP,TOT,PC_GDP,A,1991,5.3020000000000005,
1012,Sweden,SWE,SE,INSURANCEEXP,TOT,PC_GDP,A,1992,5.135,
1013,Sweden,SWE,SE,INSURANCEEXP,TOT,PC_GDP,A,1993,5.704,
1014,Sweden,SWE,SE,INSURANCEEXP,TOT,PC_GDP,A,1994,5.332000000000001,
1015,Sweden,SWE,SE,INSURANCEEXP,TOT,PC_GDP,A,1995,5.048,
1016,Sweden,SWE,SE,INSURANCEEXP,TOT,PC_GDP,A,1996,5.206,
1017,Sweden,SWE,SE,INSURANCEEXP,TOT,PC_GDP,A,1997,5.307,
1018,Sweden,SWE,SE,INSURANCEEXP,TOT,PC_GDP,A,1998,5.596,
1019,Sweden,SWE,SE,INSURANCEEXP,TOT,PC_GDP,A,1999,6.752000000000001,
1020,Sweden,SWE,SE,INSURANCEEXP,TOT,PC_GDP,A,2000,7.78,
1021,Sweden,SWE,SE,INSURANCEEXP,TOT,PC_GDP,A,2001,7.797000000000001,
1022,Sweden,SWE,SE,INSURANCEEXP,TOT,PC_GDP,A,2003,7.107,
1023,Sweden,SWE,SE,INSURANCEEXP,TOT,PC_GDP,A,2004,7.392,
1024,Sweden,SWE,SE,INSURANCEEXP,TOT,PC_GDP,A,2005,7.62,
1025,Sweden,SWE,SE,INSURANCEEXP,TOT,PC_GDP,A,2006,6.906000000000001,
1026,Sweden,SWE,SE,INSURANCEEXP,TOT,PC_GDP,A,2007,5.965,
1027,Sweden,SWE,SE,INSURANCEEXP,TOT,PC_GDP,A,2008,5.672999999999999,
1028,Sweden,SWE,SE,INSURANCEEXP,TOT,PC_GDP,A,2009,5.371,
1029,Sweden,SWE,SE,INSURANCEEXP,TOT,PC_GDP,A,2010,4.7989999999999995,
1030,Sweden,SWE,SE,INSURANCEEXP,TOT,PC_GDP,A,2011,4.604,
1031,Sweden,SWE,SE,INSURANCEEXP,TOT,PC_GDP,A,2012,4.122,
1032,Sweden,SWE,SE,INSURANCEEXP,TOT,PC_GDP,A,2013,4.362,
1033,Sweden,SWE,SE,INSURANCEEXP,TOT,PC_GDP,A,2014,8.244,
1034,Sweden,SWE,SE,INSURANCEEXP,TOT,PC_GDP,A,2015,7.747000000000001,
1035,Sweden,SWE,SE,INSURANCEEXP,TOT,PC_GDP,A,2016,7.356,
1036,Sweden,SWE,SE,INSURANCEEXP,TOT,PC_GDP,A,2017,7.952999999999999,
1037,Sweden,SWE,SE,INSURANCEEXP,TOT,PC_GDP,A,2018,8.547,
1038,Switzerland,CHE,CH,INSURANCEEXP,TOT,PC_GDP,A,1983,6.459,
1039,Switzerland,CHE,CH,INSURANCEEXP,TOT,PC_GDP,A,1984,6.405,
1040,Switzerland,CHE,CH,INSURANCEEXP,TOT,PC_GDP,A,1985,6.992000000000001,
1041,Switzerland,CHE,CH,INSURANCEEXP,TOT,PC_GDP,A,1986,7.237,
1042,Switzerland,CHE,CH,INSURANCEEXP,TOT,PC_GDP,A,1987,7.755,
1043,Switzerland,CHE,CH,INSURANCEEXP,TOT,PC_GDP,A,1988,8.182,
1044,Switzerland,CHE,CH,INSURANCEEXP,TOT,PC_GDP,A,1989,8.085,
1045,Switzerland,CHE,CH,INSURANCEEXP,TOT,PC_GDP,A,1990,7.766,
1046,Switzerland,CHE,CH,INSURANCEEXP,TOT,PC_GDP,A,1991,8.048,
1047,Switzerland,CHE,CH,INSURANCEEXP,TOT,PC_GDP,A,1992,8.371,
1048,Switzerland,CHE,CH,INSURANCEEXP,TOT,PC_GDP,A,1993,8.861,
1049,Switzerland,CHE,CH,INSURANCEEXP,TOT,PC_GDP,A,1994,9.324,
1050,Switzerland,CHE,CH,INSURANCEEXP,TOT,PC_GDP,A,1995,10.084,
1051,Switzerland,CHE,CH,INSURANCEEXP,TOT,PC_GDP,A,1996,10.902999999999999,
1052,Switzerland,CHE,CH,INSURANCEEXP,TOT,PC_GDP,A,1997,11.624,
1053,Switzerland,CHE,CH,INSURANCEEXP,TOT,PC_GDP,A,1998,12.335,
1054,Switzerland,CHE,CH,INSURANCEEXP,TOT,PC_GDP,A,1999,12.549000000000001,
1055,Switzerland,CHE,CH,INSURANCEEXP,TOT,PC_GDP,A,2000,11.030999999999999,
1056,Switzerland,CHE,CH,INSURANCEEXP,TOT,PC_GDP,A,2001,12.074000000000002,
1057,Switzerland,CHE,CH,INSURANCEEXP,TOT,PC_GDP,A,2002,12.377,
1058,Switzerland,CHE,CH,INSURANCEEXP,TOT,PC_GDP,A,2003,11.285,
1059,Switzerland,CHE,CH,INSURANCEEXP,TOT,PC_GDP,A,2004,10.703,
1060,Switzerland,CHE,CH,INSURANCEEXP,TOT,PC_GDP,A,2005,9.937000000000001,
1061,Switzerland,CHE,CH,INSURANCEEXP,TOT,PC_GDP,A,2006,9.132,
1062,Switzerland,CHE,CH,INSURANCEEXP,TOT,PC_GDP,A,2007,8.741,
1063,Switzerland,CHE,CH,INSURANCEEXP,TOT,PC_GDP,A,2008,9.642000000000001,
1064,Switzerland,CHE,CH,INSURANCEEXP,TOT,PC_GDP,A,2009,9.099,
1065,Switzerland,CHE,CH,INSURANCEEXP,TOT,PC_GDP,A,2010,9.009,
1066,Switzerland,CHE,CH,INSURANCEEXP,TOT,PC_GDP,A,2011,8.965,
1067,Switzerland,CHE,CH,INSURANCEEXP,TOT,PC_GDP,A,2012,9.091000000000001,
1068,Switzerland,CHE,CH,INSURANCEEXP,TOT,PC_GDP,A,2013,9.222000000000001,
1069,Switzerland,CHE,CH,INSURANCEEXP,TOT,PC_GDP,A,2014,9.058,
1070,Switzerland,CHE,CH,INSURANCEEXP,TOT,PC_GDP,A,2015,9.035,
1071,Switzerland,CHE,CH,INSURANCEEXP,TOT,PC_GDP,A,2016,8.714,
1072,Switzerland,CHE,CH,INSURANCEEXP,TOT,PC_GDP,A,2017,8.549,
1073,Switzerland,CHE,CH,INSURANCEEXP,TOT,PC_GDP,A,2018,8.377,
1074,Thailand,THA,TH,INSURANCEEXP,TOT,PC_GDP,A,2010,3.898,
1075,Thailand,THA,TH,INSURANCEEXP,TOT,PC_GDP,A,2011,4.149,
1076,Tunisia,TUN,TN,INSURANCEEXP,TOT,PC_GDP,A,2016,2.043,
1077,Tunisia,TUN,TN,INSURANCEEXP,TOT,PC_GDP,A,2017,2.155,
1078,Turkey,TUR,TR,INSURANCEEXP,TOT,PC_GDP,A,1983,0.33299999999999996,
1079,Turkey,TUR,TR,INSURANCEEXP,TOT,PC_GDP,A,1984,0.38799999999999996,
1080,Turkey,TUR,TR,INSURANCEEXP,TOT,PC_GDP,A,1985,0.37,
1081,Turkey,TUR,TR,INSURANCEEXP,TOT,PC_GDP,A,1986,0.375,
1082,Turkey,TUR,TR,INSURANCEEXP,TOT,PC_GDP,A,1987,0.42100000000000004,
1083,Turkey,TUR,TR,INSURANCEEXP,TOT,PC_GDP,A,1988,0.44299999999999995,
1084,Turkey,TUR,TR,INSURANCEEXP,TOT,PC_GDP,A,1989,0.46,
1085,Turkey,TUR,TR,INSURANCEEXP,TOT,PC_GDP,A,1990,0.5660000000000001,
1086,Turkey,TUR,TR,INSURANCEEXP,TOT,PC_GDP,A,1991,0.643,
1087,Turkey,TUR,TR,INSURANCEEXP,TOT,PC_GDP,A,1992,0.747,
1088,Turkey,TUR,TR,INSURANCEEXP,TOT,PC_GDP,A,1993,0.853,
1089,Turkey,TUR,TR,INSURANCEEXP,TOT,PC_GDP,A,1994,0.823,
1090,Turkey,TUR,TR,INSURANCEEXP,TOT,PC_GDP,A,1995,0.812,
1091,Turkey,TUR,TR,INSURANCEEXP,TOT,PC_GDP,A,1996,0.865,
1092,Turkey,TUR,TR,INSURANCEEXP,TOT,PC_GDP,A,1997,0.98,
1093,Turkey,TUR,TR,INSURANCEEXP,TOT,PC_GDP,A,1998,1.06,
1094,Turkey,TUR,TR,INSURANCEEXP,TOT,PC_GDP,A,1999,1.382,
1095,Turkey,TUR,TR,INSURANCEEXP,TOT,PC_GDP,A,2000,1.161,
1096,Turkey,TUR,TR,INSURANCEEXP,TOT,PC_GDP,A,2001,1.114,
1097,Turkey,TUR,TR,INSURANCEEXP,TOT,PC_GDP,A,2002,1.016,
1098,Turkey,TUR,TR,INSURANCEEXP,TOT,PC_GDP,A,2003,1.063,
1099,Turkey,TUR,TR,INSURANCEEXP,TOT,PC_GDP,A,2004,1.147,
1100,Turkey,TUR,TR,INSURANCEEXP,TOT,PC_GDP,A,2005,1.048,
1101,Turkey,TUR,TR,INSURANCEEXP,TOT,PC_GDP,A,2006,1.0170000000000001,
1102,Turkey,TUR,TR,INSURANCEEXP,TOT,PC_GDP,A,2007,1.2409999999999999,
1103,Turkey,TUR,TR,INSURANCEEXP,TOT,PC_GDP,A,2010,1.24,
1104,Turkey,TUR,TR,INSURANCEEXP,TOT,PC_GDP,A,2011,1.1909999999999998,
1105,Turkey,TUR,TR,INSURANCEEXP,TOT,PC_GDP,A,2012,1.2670000000000001,
1106,Turkey,TUR,TR,INSURANCEEXP,TOT,PC_GDP,A,2013,1.3530000000000002,
1107,Turkey,TUR,TR,INSURANCEEXP,TOT,PC_GDP,A,2014,1.253,
1108,Turkey,TUR,TR,INSURANCEEXP,TOT,PC_GDP,A,2015,1.327,
1109,Turkey,TUR,TR,INSURANCEEXP,TOT,PC_GDP,A,2016,1.495,
1110,Turkey,TUR,TR,INSURANCEEXP,TOT,PC_GDP,A,2017,1.442,
1111,Turkey,TUR,TR,INSURANCEEXP,TOT,PC_GDP,A,2018,1.345,
1112,United Kingdom,GBR,GB,INSURANCEEXP,TOT,PC_GDP,A,1985,3.8489999999999998,
1113,United Kingdom,GBR,GB,INSURANCEEXP,TOT,PC_GDP,A,1986,4.412,
1114,United Kingdom,GBR,GB,INSURANCEEXP,TOT,PC_GDP,A,1987,4.569,
1115,United Kingdom,GBR,GB,INSURANCEEXP,TOT,PC_GDP,A,1988,4.321000000000001,
1116,United Kingdom,GBR,GB,INSURANCEEXP,TOT,PC_GDP,A,1989,4.314,
1117,United Kingdom,GBR,GB,INSURANCEEXP,TOT,PC_GDP,A,1990,4.397,
1118,United Kingdom,GBR,GB,INSURANCEEXP,TOT,PC_GDP,A,1991,4.723,
1119,United Kingdom,GBR,GB,INSURANCEEXP,TOT,PC_GDP,A,1992,5.336,
1120,United Kingdom,GBR,GB,INSURANCEEXP,TOT,PC_GDP,A,1993,5.471,
1121,United Kingdom,GBR,GB,INSURANCEEXP,TOT,PC_GDP,A,1994,5.239,
1122,United Kingdom,GBR,GB,INSURANCEEXP,TOT,PC_GDP,A,1995,4.874,
1123,United Kingdom,GBR,GB,INSURANCEEXP,TOT,PC_GDP,A,1996,11.674000000000001,
1124,United Kingdom,GBR,GB,INSURANCEEXP,TOT,PC_GDP,A,1997,11.827,
1125,United Kingdom,GBR,GB,INSURANCEEXP,TOT,PC_GDP,A,1998,12.581,
1126,United Kingdom,GBR,GB,INSURANCEEXP,TOT,PC_GDP,A,1999,13.905999999999999,
1127,United Kingdom,GBR,GB,INSURANCEEXP,TOT,PC_GDP,A,2000,14.783,
1128,United Kingdom,GBR,GB,INSURANCEEXP,TOT,PC_GDP,A,2001,13.206,
1129,United Kingdom,GBR,GB,INSURANCEEXP,TOT,PC_GDP,A,2002,13.135,
1130,United Kingdom,GBR,GB,INSURANCEEXP,TOT,PC_GDP,A,2003,13.517000000000001,
1131,United Kingdom,GBR,GB,INSURANCEEXP,TOT,PC_GDP,A,2004,12.999,
1132,United Kingdom,GBR,GB,INSURANCEEXP,TOT,PC_GDP,A,2005,13.112,
1133,United Kingdom,GBR,GB,INSURANCEEXP,TOT,PC_GDP,A,2006,18.328,
1134,United Kingdom,GBR,GB,INSURANCEEXP,TOT,PC_GDP,A,2007,19.721,
1135,United Kingdom,GBR,GB,INSURANCEEXP,TOT,PC_GDP,A,2008,14.767000000000001,
1136,United Kingdom,GBR,GB,INSURANCEEXP,TOT,PC_GDP,A,2009,13.415999999999999,
1137,United Kingdom,GBR,GB,INSURANCEEXP,TOT,PC_GDP,A,2010,12.386,
1138,United Kingdom,GBR,GB,INSURANCEEXP,TOT,PC_GDP,A,2011,11.748,
1139,United Kingdom,GBR,GB,INSURANCEEXP,TOT,PC_GDP,A,2012,12.519,
1140,United Kingdom,GBR,GB,INSURANCEEXP,TOT,PC_GDP,A,2013,11.03,
1141,United Kingdom,GBR,GB,INSURANCEEXP,TOT,PC_GDP,A,2014,10.749,
1142,United Kingdom,GBR,GB,INSURANCEEXP,TOT,PC_GDP,A,2015,10.222999999999999,
1143,United Kingdom,GBR,GB,INSURANCEEXP,TOT,PC_GDP,A,2016,9.623,
1144,United Kingdom,GBR,GB,INSURANCEEXP,TOT,PC_GDP,A,2017,12.665,
1145,United Kingdom,GBR,GB,INSURANCEEXP,TOT,PC_GDP,A,2018,13.135,
1146,United States,USA,US,INSURANCEEXP,TOT,PC_GDP,A,1983,6.497999999999999,
1147,United States,USA,US,INSURANCEEXP,TOT,PC_GDP,A,1984,6.4239999999999995,
1148,United States,USA,US,INSURANCEEXP,TOT,PC_GDP,A,1985,7.169,
1149,United States,USA,US,INSURANCEEXP,TOT,PC_GDP,A,1986,8.462,
1150,United States,USA,US,INSURANCEEXP,TOT,PC_GDP,A,1987,4.275,
1151,United States,USA,US,INSURANCEEXP,TOT,PC_GDP,A,1988,9.753,
1152,United States,USA,US,INSURANCEEXP,TOT,PC_GDP,A,1989,9.488,
1153,United States,USA,US,INSURANCEEXP,TOT,PC_GDP,A,1990,9.712,
1154,United States,USA,US,INSURANCEEXP,TOT,PC_GDP,A,1991,9.637,
1155,United States,USA,US,INSURANCEEXP,TOT,PC_GDP,A,1992,9.54,
1156,United States,USA,US,INSURANCEEXP,TOT,PC_GDP,A,1993,9.748,
1157,United States,USA,US,INSURANCEEXP,TOT,PC_GDP,A,1994,9.632,
1158,United States,USA,US,INSURANCEEXP,TOT,PC_GDP,A,1995,9.472000000000001,
1159,United States,USA,US,INSURANCEEXP,TOT,PC_GDP,A,1996,9.372,
1160,United States,USA,US,INSURANCEEXP,TOT,PC_GDP,A,1997,10.061,
1161,United States,USA,US,INSURANCEEXP,TOT,PC_GDP,A,1998,10.389000000000001,
1162,United States,USA,US,INSURANCEEXP,TOT,PC_GDP,A,1999,10.515999999999998,
1163,United States,USA,US,INSURANCEEXP,TOT,PC_GDP,A,2000,10.273,
1164,United States,USA,US,INSURANCEEXP,TOT,PC_GDP,A,2001,10.059,
1165,United States,USA,US,INSURANCEEXP,TOT,PC_GDP,A,2002,10.163,
1166,United States,USA,US,INSURANCEEXP,TOT,PC_GDP,A,2003,10.51,
1167,United States,USA,US,INSURANCEEXP,TOT,PC_GDP,A,2004,10.401,
1168,United States,USA,US,INSURANCEEXP,TOT,PC_GDP,A,2005,10.24,
1169,United States,USA,US,INSURANCEEXP,TOT,PC_GDP,A,2006,10.300999999999998,
1170,United States,USA,US,INSURANCEEXP,TOT,PC_GDP,A,2007,10.823,
1171,United States,USA,US,INSURANCEEXP,TOT,PC_GDP,A,2008,10.875,
1172,United States,USA,US,INSURANCEEXP,TOT,PC_GDP,A,2009,11.106,
1173,United States,USA,US,INSURANCEEXP,TOT,PC_GDP,A,2010,10.800999999999998,
1174,United States,USA,US,INSURANCEEXP,TOT,PC_GDP,A,2011,11.025,
1175,United States,USA,US,INSURANCEEXP,TOT,PC_GDP,A,2012,11.157,
1176,United States,USA,US,INSURANCEEXP,TOT,PC_GDP,A,2013,10.716,
1177,United States,USA,US,INSURANCEEXP,TOT,PC_GDP,A,2014,10.852,
1178,United States,USA,US,INSURANCEEXP,TOT,PC_GDP,A,2015,11.103,
1179,United States,USA,US,INSURANCEEXP,TOT,PC_GDP,A,2016,11.225999999999999,
1180,United States,USA,US,INSURANCEEXP,TOT,PC_GDP,A,2017,11.195,
1181,United States,USA,US,INSURANCEEXP,TOT,PC_GDP,A,2018,11.265,
1182,Uruguay,URY,UY,INSURANCEEXP,TOT,PC_GDP,A,2011,1.9040000000000001,
1183,Uruguay,URY,UY,INSURANCEEXP,TOT,PC_GDP,A,2012,2.0709999999999997,
1184,Uruguay,URY,UY,INSURANCEEXP,TOT,PC_GDP,A,2013,2.1,
1185,Uruguay,URY,UY,INSURANCEEXP,TOT,PC_GDP,A,2014,2.276,
1186,Uruguay,URY,UY,INSURANCEEXP,TOT,PC_GDP,A,2015,2.398,
1187,Uruguay,URY,UY,INSURANCEEXP,TOT,PC_GDP,A,2017,2.6639999999999997,
