,Country,LOCATION,ISO CODE 2 letter,INDICATOR,SUBJECT,MEASURE,FREQUENCY,TIME,interest_rate_pa_%,Flag Codes
0,Australia,AUS,AU,LTINT,TOT,PC_PA,A,1970,6.646667,
1,Australia,AUS,AU,LTINT,TOT,PC_PA,A,1971,6.713333,
2,Australia,AUS,AU,LTINT,TOT,PC_PA,A,1972,5.831666,
3,Australia,AUS,AU,LTINT,TOT,PC_PA,A,1973,6.933333,
4,Australia,AUS,AU,LTINT,TOT,PC_PA,A,1974,9.036667,
5,Australia,AUS,AU,LTINT,TOT,PC_PA,A,1975,9.741667,
6,Australia,AUS,AU,LTINT,TOT,PC_PA,A,1976,10.03083,
7,Australia,AUS,AU,LTINT,TOT,PC_PA,A,1977,10.22667,
8,Australia,AUS,AU,LTINT,TOT,PC_PA,A,1978,9.06,
9,Australia,AUS,AU,LTINT,TOT,PC_PA,A,1979,9.749166,
10,Australia,AUS,AU,LTINT,TOT,PC_PA,A,1980,11.6475,
11,Australia,AUS,AU,LTINT,TOT,PC_PA,A,1981,13.958329999999998,
12,Australia,AUS,AU,LTINT,TOT,PC_PA,A,1982,15.375,
13,Australia,AUS,AU,LTINT,TOT,PC_PA,A,1983,13.8875,
14,Australia,AUS,AU,LTINT,TOT,PC_PA,A,1984,13.525,
15,Australia,AUS,AU,LTINT,TOT,PC_PA,A,1985,13.954170000000001,
16,Australia,AUS,AU,LTINT,TOT,PC_PA,A,1986,13.416670000000002,
17,Australia,AUS,AU,LTINT,TOT,PC_PA,A,1987,13.191670000000002,
18,Australia,AUS,AU,LTINT,TOT,PC_PA,A,1988,12.10417,
19,Australia,AUS,AU,LTINT,TOT,PC_PA,A,1989,13.40833,
20,Australia,AUS,AU,LTINT,TOT,PC_PA,A,1990,13.18,
21,Australia,AUS,AU,LTINT,TOT,PC_PA,A,1991,10.69083,
22,Australia,AUS,AU,LTINT,TOT,PC_PA,A,1992,9.22,
23,Australia,AUS,AU,LTINT,TOT,PC_PA,A,1993,7.280833,
24,Australia,AUS,AU,LTINT,TOT,PC_PA,A,1994,9.041667,
25,Australia,AUS,AU,LTINT,TOT,PC_PA,A,1995,9.210896,
26,Australia,AUS,AU,LTINT,TOT,PC_PA,A,1996,8.209207000000001,
27,Australia,AUS,AU,LTINT,TOT,PC_PA,A,1997,6.954917999999999,
28,Australia,AUS,AU,LTINT,TOT,PC_PA,A,1998,5.49297,
29,Australia,AUS,AU,LTINT,TOT,PC_PA,A,1999,6.009312,
30,Australia,AUS,AU,LTINT,TOT,PC_PA,A,2000,6.3145690000000005,
31,Australia,AUS,AU,LTINT,TOT,PC_PA,A,2001,5.615264,
32,Australia,AUS,AU,LTINT,TOT,PC_PA,A,2002,5.843958,
33,Australia,AUS,AU,LTINT,TOT,PC_PA,A,2003,5.366776,
34,Australia,AUS,AU,LTINT,TOT,PC_PA,A,2004,5.590775,
35,Australia,AUS,AU,LTINT,TOT,PC_PA,A,2005,5.3399730000000005,
36,Australia,AUS,AU,LTINT,TOT,PC_PA,A,2006,5.587872,
37,Australia,AUS,AU,LTINT,TOT,PC_PA,A,2007,5.994521,
38,Australia,AUS,AU,LTINT,TOT,PC_PA,A,2008,5.817944000000001,
39,Australia,AUS,AU,LTINT,TOT,PC_PA,A,2009,5.039512,
40,Australia,AUS,AU,LTINT,TOT,PC_PA,A,2010,5.366042,
41,Australia,AUS,AU,LTINT,TOT,PC_PA,A,2011,4.879583,
42,Australia,AUS,AU,LTINT,TOT,PC_PA,A,2012,3.379167,
43,Australia,AUS,AU,LTINT,TOT,PC_PA,A,2013,3.697292,
44,Australia,AUS,AU,LTINT,TOT,PC_PA,A,2014,3.6566669999999997,
45,Australia,AUS,AU,LTINT,TOT,PC_PA,A,2015,2.710833,
46,Australia,AUS,AU,LTINT,TOT,PC_PA,A,2016,2.336667,
47,Australia,AUS,AU,LTINT,TOT,PC_PA,A,2017,2.639167,
48,Australia,AUS,AU,LTINT,TOT,PC_PA,A,2018,2.684167,
49,Australia,AUS,AU,LTINT,TOT,PC_PA,A,2019,1.493333,
50,Austria,AUT,AT,LTINT,TOT,PC_PA,A,1990,8.7275,
51,Austria,AUT,AT,LTINT,TOT,PC_PA,A,1991,8.546667,
52,Austria,AUT,AT,LTINT,TOT,PC_PA,A,1992,8.139167,
53,Austria,AUT,AT,LTINT,TOT,PC_PA,A,1993,6.705,
54,Austria,AUT,AT,LTINT,TOT,PC_PA,A,1994,7.025,
55,Austria,AUT,AT,LTINT,TOT,PC_PA,A,1995,7.134167,
56,Austria,AUT,AT,LTINT,TOT,PC_PA,A,1996,6.3225,
57,Austria,AUT,AT,LTINT,TOT,PC_PA,A,1997,5.6825,
58,Austria,AUT,AT,LTINT,TOT,PC_PA,A,1998,4.713333,
59,Austria,AUT,AT,LTINT,TOT,PC_PA,A,1999,4.679167,
60,Austria,AUT,AT,LTINT,TOT,PC_PA,A,2000,5.556667,
61,Austria,AUT,AT,LTINT,TOT,PC_PA,A,2001,5.079167,
62,Austria,AUT,AT,LTINT,TOT,PC_PA,A,2002,4.964167,
63,Austria,AUT,AT,LTINT,TOT,PC_PA,A,2003,4.140833,
64,Austria,AUT,AT,LTINT,TOT,PC_PA,A,2004,4.130833,
65,Austria,AUT,AT,LTINT,TOT,PC_PA,A,2005,3.394167,
66,Austria,AUT,AT,LTINT,TOT,PC_PA,A,2006,3.8,
67,Austria,AUT,AT,LTINT,TOT,PC_PA,A,2007,4.2975,
68,Austria,AUT,AT,LTINT,TOT,PC_PA,A,2008,4.358333,
69,Austria,AUT,AT,LTINT,TOT,PC_PA,A,2009,3.936667,
70,Austria,AUT,AT,LTINT,TOT,PC_PA,A,2010,3.225833,
71,Austria,AUT,AT,LTINT,TOT,PC_PA,A,2011,3.3191669999999998,
72,Austria,AUT,AT,LTINT,TOT,PC_PA,A,2012,2.3725,
73,Austria,AUT,AT,LTINT,TOT,PC_PA,A,2013,2.01,
74,Austria,AUT,AT,LTINT,TOT,PC_PA,A,2014,1.4875,
75,Austria,AUT,AT,LTINT,TOT,PC_PA,A,2015,0.7463517,
76,Austria,AUT,AT,LTINT,TOT,PC_PA,A,2016,0.3753925,
77,Austria,AUT,AT,LTINT,TOT,PC_PA,A,2017,0.5832649999999999,
78,Austria,AUT,AT,LTINT,TOT,PC_PA,A,2018,0.6861517,
79,Austria,AUT,AT,LTINT,TOT,PC_PA,A,2019,0.0629325,
80,Belgium,BEL,BE,LTINT,TOT,PC_PA,A,1955,4.614167,
81,Belgium,BEL,BE,LTINT,TOT,PC_PA,A,1956,4.759167,
82,Belgium,BEL,BE,LTINT,TOT,PC_PA,A,1957,6.065,
83,Belgium,BEL,BE,LTINT,TOT,PC_PA,A,1958,5.410833,
84,Belgium,BEL,BE,LTINT,TOT,PC_PA,A,1959,5.0208330000000005,
85,Belgium,BEL,BE,LTINT,TOT,PC_PA,A,1960,5.548333,
86,Belgium,BEL,BE,LTINT,TOT,PC_PA,A,1961,5.871666,
87,Belgium,BEL,BE,LTINT,TOT,PC_PA,A,1962,5.1775,
88,Belgium,BEL,BE,LTINT,TOT,PC_PA,A,1963,5.2825,
89,Belgium,BEL,BE,LTINT,TOT,PC_PA,A,1964,6.451667,
90,Belgium,BEL,BE,LTINT,TOT,PC_PA,A,1965,6.438333999999999,
91,Belgium,BEL,BE,LTINT,TOT,PC_PA,A,1966,6.651667,
92,Belgium,BEL,BE,LTINT,TOT,PC_PA,A,1967,6.684166,
93,Belgium,BEL,BE,LTINT,TOT,PC_PA,A,1968,6.545,
94,Belgium,BEL,BE,LTINT,TOT,PC_PA,A,1969,7.293334,
95,Belgium,BEL,BE,LTINT,TOT,PC_PA,A,1970,7.804167,
96,Belgium,BEL,BE,LTINT,TOT,PC_PA,A,1971,7.321667,
97,Belgium,BEL,BE,LTINT,TOT,PC_PA,A,1972,7.044167,
98,Belgium,BEL,BE,LTINT,TOT,PC_PA,A,1973,7.494167,
99,Belgium,BEL,BE,LTINT,TOT,PC_PA,A,1974,8.768333,
100,Belgium,BEL,BE,LTINT,TOT,PC_PA,A,1975,8.515833,
101,Belgium,BEL,BE,LTINT,TOT,PC_PA,A,1976,9.088333,
102,Belgium,BEL,BE,LTINT,TOT,PC_PA,A,1977,8.7625,
103,Belgium,BEL,BE,LTINT,TOT,PC_PA,A,1978,8.9275,
104,Belgium,BEL,BE,LTINT,TOT,PC_PA,A,1979,9.693334,
105,Belgium,BEL,BE,LTINT,TOT,PC_PA,A,1980,11.9,
106,Belgium,BEL,BE,LTINT,TOT,PC_PA,A,1981,13.436670000000001,
107,Belgium,BEL,BE,LTINT,TOT,PC_PA,A,1982,13.428329999999999,
108,Belgium,BEL,BE,LTINT,TOT,PC_PA,A,1983,11.94083,
109,Belgium,BEL,BE,LTINT,TOT,PC_PA,A,1984,12.2425,
110,Belgium,BEL,BE,LTINT,TOT,PC_PA,A,1985,10.96833,
111,Belgium,BEL,BE,LTINT,TOT,PC_PA,A,1986,8.625834,
112,Belgium,BEL,BE,LTINT,TOT,PC_PA,A,1987,8.184167,
113,Belgium,BEL,BE,LTINT,TOT,PC_PA,A,1988,8.0075,
114,Belgium,BEL,BE,LTINT,TOT,PC_PA,A,1989,8.539166,
115,Belgium,BEL,BE,LTINT,TOT,PC_PA,A,1990,10.00667,
116,Belgium,BEL,BE,LTINT,TOT,PC_PA,A,1991,9.285833,
117,Belgium,BEL,BE,LTINT,TOT,PC_PA,A,1992,8.653334,
118,Belgium,BEL,BE,LTINT,TOT,PC_PA,A,1993,7.228333,
119,Belgium,BEL,BE,LTINT,TOT,PC_PA,A,1994,7.750833999999999,
120,Belgium,BEL,BE,LTINT,TOT,PC_PA,A,1995,7.480834,
121,Belgium,BEL,BE,LTINT,TOT,PC_PA,A,1996,6.4925,
122,Belgium,BEL,BE,LTINT,TOT,PC_PA,A,1997,5.753334,
123,Belgium,BEL,BE,LTINT,TOT,PC_PA,A,1998,4.751666999999999,
124,Belgium,BEL,BE,LTINT,TOT,PC_PA,A,1999,4.749166000000001,
125,Belgium,BEL,BE,LTINT,TOT,PC_PA,A,2000,5.5925,
126,Belgium,BEL,BE,LTINT,TOT,PC_PA,A,2001,5.130833,
127,Belgium,BEL,BE,LTINT,TOT,PC_PA,A,2002,4.986667,
128,Belgium,BEL,BE,LTINT,TOT,PC_PA,A,2003,4.180833,
129,Belgium,BEL,BE,LTINT,TOT,PC_PA,A,2004,4.1525,
130,Belgium,BEL,BE,LTINT,TOT,PC_PA,A,2005,3.4283330000000003,
131,Belgium,BEL,BE,LTINT,TOT,PC_PA,A,2006,3.815,
132,Belgium,BEL,BE,LTINT,TOT,PC_PA,A,2007,4.328333,
133,Belgium,BEL,BE,LTINT,TOT,PC_PA,A,2008,4.4175,
134,Belgium,BEL,BE,LTINT,TOT,PC_PA,A,2009,3.9016669999999998,
135,Belgium,BEL,BE,LTINT,TOT,PC_PA,A,2010,3.4625,
136,Belgium,BEL,BE,LTINT,TOT,PC_PA,A,2011,4.233333,
137,Belgium,BEL,BE,LTINT,TOT,PC_PA,A,2012,3.0,
138,Belgium,BEL,BE,LTINT,TOT,PC_PA,A,2013,2.41,
139,Belgium,BEL,BE,LTINT,TOT,PC_PA,A,2014,1.7133330000000002,
140,Belgium,BEL,BE,LTINT,TOT,PC_PA,A,2015,0.84,
141,Belgium,BEL,BE,LTINT,TOT,PC_PA,A,2016,0.47583329999999996,
142,Belgium,BEL,BE,LTINT,TOT,PC_PA,A,2017,0.7225,
143,Belgium,BEL,BE,LTINT,TOT,PC_PA,A,2018,0.795,
144,Belgium,BEL,BE,LTINT,TOT,PC_PA,A,2019,0.19333329999999999,
145,Canada,CAN,CA,LTINT,TOT,PC_PA,A,1955,3.189167,
146,Canada,CAN,CA,LTINT,TOT,PC_PA,A,1956,3.605833,
147,Canada,CAN,CA,LTINT,TOT,PC_PA,A,1957,4.125,
148,Canada,CAN,CA,LTINT,TOT,PC_PA,A,1958,4.115833,
149,Canada,CAN,CA,LTINT,TOT,PC_PA,A,1959,5.048333,
150,Canada,CAN,CA,LTINT,TOT,PC_PA,A,1960,5.188333999999999,
151,Canada,CAN,CA,LTINT,TOT,PC_PA,A,1961,5.058333,
152,Canada,CAN,CA,LTINT,TOT,PC_PA,A,1962,5.099167,
153,Canada,CAN,CA,LTINT,TOT,PC_PA,A,1963,5.090833,
154,Canada,CAN,CA,LTINT,TOT,PC_PA,A,1964,5.184166,
155,Canada,CAN,CA,LTINT,TOT,PC_PA,A,1965,5.199167,
156,Canada,CAN,CA,LTINT,TOT,PC_PA,A,1966,5.685,
157,Canada,CAN,CA,LTINT,TOT,PC_PA,A,1967,5.898333999999999,
158,Canada,CAN,CA,LTINT,TOT,PC_PA,A,1968,6.725,
159,Canada,CAN,CA,LTINT,TOT,PC_PA,A,1969,7.558333,
160,Canada,CAN,CA,LTINT,TOT,PC_PA,A,1970,7.965833,
161,Canada,CAN,CA,LTINT,TOT,PC_PA,A,1971,6.945,
162,Canada,CAN,CA,LTINT,TOT,PC_PA,A,1972,7.225,
163,Canada,CAN,CA,LTINT,TOT,PC_PA,A,1973,7.528333,
164,Canada,CAN,CA,LTINT,TOT,PC_PA,A,1974,8.87,
165,Canada,CAN,CA,LTINT,TOT,PC_PA,A,1975,8.993333,
166,Canada,CAN,CA,LTINT,TOT,PC_PA,A,1976,9.229167,
167,Canada,CAN,CA,LTINT,TOT,PC_PA,A,1977,8.693334,
168,Canada,CAN,CA,LTINT,TOT,PC_PA,A,1978,9.235833,
169,Canada,CAN,CA,LTINT,TOT,PC_PA,A,1979,10.17917,
170,Canada,CAN,CA,LTINT,TOT,PC_PA,A,1980,12.338330000000001,
171,Canada,CAN,CA,LTINT,TOT,PC_PA,A,1981,14.989170000000001,
172,Canada,CAN,CA,LTINT,TOT,PC_PA,A,1982,14.435329999999999,B
173,Canada,CAN,CA,LTINT,TOT,PC_PA,A,1983,11.39858,
174,Canada,CAN,CA,LTINT,TOT,PC_PA,A,1984,12.71004,
175,Canada,CAN,CA,LTINT,TOT,PC_PA,A,1985,10.91183,
176,Canada,CAN,CA,LTINT,TOT,PC_PA,A,1986,9.145541,
177,Canada,CAN,CA,LTINT,TOT,PC_PA,A,1987,9.470708,
178,Canada,CAN,CA,LTINT,TOT,PC_PA,A,1988,9.830916,
179,Canada,CAN,CA,LTINT,TOT,PC_PA,A,1989,9.783184,
180,Canada,CAN,CA,LTINT,TOT,PC_PA,A,1990,10.71762,
181,Canada,CAN,CA,LTINT,TOT,PC_PA,A,1991,9.449769,
182,Canada,CAN,CA,LTINT,TOT,PC_PA,A,1992,8.076547,
183,Canada,CAN,CA,LTINT,TOT,PC_PA,A,1993,7.244352,
184,Canada,CAN,CA,LTINT,TOT,PC_PA,A,1994,8.361641,
185,Canada,CAN,CA,LTINT,TOT,PC_PA,A,1995,8.161792,
186,Canada,CAN,CA,LTINT,TOT,PC_PA,A,1996,7.229914999999999,
187,Canada,CAN,CA,LTINT,TOT,PC_PA,A,1997,6.143073,
188,Canada,CAN,CA,LTINT,TOT,PC_PA,A,1998,5.279053,
189,Canada,CAN,CA,LTINT,TOT,PC_PA,A,1999,5.5411019999999995,
190,Canada,CAN,CA,LTINT,TOT,PC_PA,A,2000,5.925412000000001,
191,Canada,CAN,CA,LTINT,TOT,PC_PA,A,2001,5.480272,
192,Canada,CAN,CA,LTINT,TOT,PC_PA,A,2002,5.290907,
193,Canada,CAN,CA,LTINT,TOT,PC_PA,A,2003,4.810544,
194,Canada,CAN,CA,LTINT,TOT,PC_PA,A,2004,4.579607,
195,Canada,CAN,CA,LTINT,TOT,PC_PA,A,2005,4.066929,
196,Canada,CAN,CA,LTINT,TOT,PC_PA,A,2006,4.2077599999999995,
197,Canada,CAN,CA,LTINT,TOT,PC_PA,A,2007,4.269767,
198,Canada,CAN,CA,LTINT,TOT,PC_PA,A,2008,3.6053019999999996,
199,Canada,CAN,CA,LTINT,TOT,PC_PA,A,2009,3.230619,
200,Canada,CAN,CA,LTINT,TOT,PC_PA,A,2010,3.2351400000000003,
201,Canada,CAN,CA,LTINT,TOT,PC_PA,A,2011,2.783036,
202,Canada,CAN,CA,LTINT,TOT,PC_PA,A,2012,1.8734099999999998,
203,Canada,CAN,CA,LTINT,TOT,PC_PA,A,2013,2.261959,
204,Canada,CAN,CA,LTINT,TOT,PC_PA,A,2014,2.23083,
205,Canada,CAN,CA,LTINT,TOT,PC_PA,A,2015,1.521695,
206,Canada,CAN,CA,LTINT,TOT,PC_PA,A,2016,1.251758,
207,Canada,CAN,CA,LTINT,TOT,PC_PA,A,2017,1.783652,
208,Canada,CAN,CA,LTINT,TOT,PC_PA,A,2018,2.2779119999999997,
209,Canada,CAN,CA,LTINT,TOT,PC_PA,A,2019,1.588883,
210,Chile,CHL,CL,LTINT,TOT,PC_PA,A,2005,6.049167,
211,Chile,CHL,CL,LTINT,TOT,PC_PA,A,2006,6.16,
212,Chile,CHL,CL,LTINT,TOT,PC_PA,A,2007,6.0875,
213,Chile,CHL,CL,LTINT,TOT,PC_PA,A,2008,7.101189999999999,
214,Chile,CHL,CL,LTINT,TOT,PC_PA,A,2009,5.6652949999999995,
215,Chile,CHL,CL,LTINT,TOT,PC_PA,A,2010,6.252873999999999,
216,Chile,CHL,CL,LTINT,TOT,PC_PA,A,2011,5.969645,
217,Chile,CHL,CL,LTINT,TOT,PC_PA,A,2012,5.42557,
218,Chile,CHL,CL,LTINT,TOT,PC_PA,A,2013,5.308737000000001,
219,Chile,CHL,CL,LTINT,TOT,PC_PA,A,2014,4.7366150000000005,
220,Chile,CHL,CL,LTINT,TOT,PC_PA,A,2015,4.480221,
221,Chile,CHL,CL,LTINT,TOT,PC_PA,A,2016,4.405277,
222,Chile,CHL,CL,LTINT,TOT,PC_PA,A,2017,4.2449580000000005,
223,Chile,CHL,CL,LTINT,TOT,PC_PA,A,2018,4.497857,
224,Chile,CHL,CL,LTINT,TOT,PC_PA,A,2019,3.4817690000000003,
225,Colombia,COL,CO,LTINT,TOT,PC_PA,A,2003,15.23316,
226,Colombia,COL,CO,LTINT,TOT,PC_PA,A,2004,14.32949,
227,Colombia,COL,CO,LTINT,TOT,PC_PA,A,2005,11.64633,
228,Colombia,COL,CO,LTINT,TOT,PC_PA,A,2006,9.176215,
229,Colombia,COL,CO,LTINT,TOT,PC_PA,A,2007,10.0247,
230,Colombia,COL,CO,LTINT,TOT,PC_PA,A,2008,11.90042,
231,Colombia,COL,CO,LTINT,TOT,PC_PA,A,2009,9.560506,
232,Colombia,COL,CO,LTINT,TOT,PC_PA,A,2010,8.476134,
233,Colombia,COL,CO,LTINT,TOT,PC_PA,A,2011,8.103227,
234,Colombia,COL,CO,LTINT,TOT,PC_PA,A,2012,6.820575999999999,
235,Colombia,COL,CO,LTINT,TOT,PC_PA,A,2013,6.497984,
236,Colombia,COL,CO,LTINT,TOT,PC_PA,A,2014,7.056633000000001,
237,Colombia,COL,CO,LTINT,TOT,PC_PA,A,2015,7.871916000000001,
238,Colombia,COL,CO,LTINT,TOT,PC_PA,A,2016,7.9225,
239,Colombia,COL,CO,LTINT,TOT,PC_PA,A,2017,6.816667,
240,Colombia,COL,CO,LTINT,TOT,PC_PA,A,2018,7.009167,
241,Colombia,COL,CO,LTINT,TOT,PC_PA,A,2019,6.4975,
242,Costa Rica,CRI,CR,LTINT,TOT,PC_PA,A,2014,9.823334,
243,Costa Rica,CRI,CR,LTINT,TOT,PC_PA,A,2015,10.0575,
244,Costa Rica,CRI,CR,LTINT,TOT,PC_PA,A,2016,8.905,
245,Costa Rica,CRI,CR,LTINT,TOT,PC_PA,A,2018,10.34273,
246,Costa Rica,CRI,CR,LTINT,TOT,PC_PA,A,2019,10.348180000000001,
247,Czech Republic,CZE,CZ,LTINT,TOT,PC_PA,A,2001,6.314166999999999,
248,Czech Republic,CZE,CZ,LTINT,TOT,PC_PA,A,2002,4.876666999999999,
249,Czech Republic,CZE,CZ,LTINT,TOT,PC_PA,A,2003,4.115833,
250,Czech Republic,CZE,CZ,LTINT,TOT,PC_PA,A,2004,4.820833,
251,Czech Republic,CZE,CZ,LTINT,TOT,PC_PA,A,2005,3.5425,
252,Czech Republic,CZE,CZ,LTINT,TOT,PC_PA,A,2006,3.8,
253,Czech Republic,CZE,CZ,LTINT,TOT,PC_PA,A,2007,4.3025,
254,Czech Republic,CZE,CZ,LTINT,TOT,PC_PA,A,2008,4.633333,
255,Czech Republic,CZE,CZ,LTINT,TOT,PC_PA,A,2009,4.8375,
256,Czech Republic,CZE,CZ,LTINT,TOT,PC_PA,A,2010,3.8841669999999997,
257,Czech Republic,CZE,CZ,LTINT,TOT,PC_PA,A,2011,3.7075,
258,Czech Republic,CZE,CZ,LTINT,TOT,PC_PA,A,2012,2.7816669999999997,
259,Czech Republic,CZE,CZ,LTINT,TOT,PC_PA,A,2013,2.1116669999999997,
260,Czech Republic,CZE,CZ,LTINT,TOT,PC_PA,A,2014,1.575833,
261,Czech Republic,CZE,CZ,LTINT,TOT,PC_PA,A,2015,0.575,
262,Czech Republic,CZE,CZ,LTINT,TOT,PC_PA,A,2016,0.4275,
263,Czech Republic,CZE,CZ,LTINT,TOT,PC_PA,A,2017,0.9808334000000001,
264,Czech Republic,CZE,CZ,LTINT,TOT,PC_PA,A,2018,1.9816669999999998,
265,Czech Republic,CZE,CZ,LTINT,TOT,PC_PA,A,2019,1.548333,
266,Denmark,DNK,DK,LTINT,TOT,PC_PA,A,1987,11.28435,
267,Denmark,DNK,DK,LTINT,TOT,PC_PA,A,1988,9.883703,
268,Denmark,DNK,DK,LTINT,TOT,PC_PA,A,1989,9.706354,
269,Denmark,DNK,DK,LTINT,TOT,PC_PA,A,1990,10.628739999999999,
270,Denmark,DNK,DK,LTINT,TOT,PC_PA,A,1991,9.262481,
271,Denmark,DNK,DK,LTINT,TOT,PC_PA,A,1992,8.987465,
272,Denmark,DNK,DK,LTINT,TOT,PC_PA,A,1993,7.3027940000000005,
273,Denmark,DNK,DK,LTINT,TOT,PC_PA,A,1994,7.825434,
274,Denmark,DNK,DK,LTINT,TOT,PC_PA,A,1995,8.270138000000001,
275,Denmark,DNK,DK,LTINT,TOT,PC_PA,A,1996,7.1929300000000005,
276,Denmark,DNK,DK,LTINT,TOT,PC_PA,A,1997,6.261175,
277,Denmark,DNK,DK,LTINT,TOT,PC_PA,A,1998,5.039933,
278,Denmark,DNK,DK,LTINT,TOT,PC_PA,A,1999,4.9172,
279,Denmark,DNK,DK,LTINT,TOT,PC_PA,A,2000,5.660133,
280,Denmark,DNK,DK,LTINT,TOT,PC_PA,A,2001,5.09365,
281,Denmark,DNK,DK,LTINT,TOT,PC_PA,A,2002,5.055967,
282,Denmark,DNK,DK,LTINT,TOT,PC_PA,A,2003,4.307742,
283,Denmark,DNK,DK,LTINT,TOT,PC_PA,A,2004,4.304708,
284,Denmark,DNK,DK,LTINT,TOT,PC_PA,A,2005,3.403625,
285,Denmark,DNK,DK,LTINT,TOT,PC_PA,A,2006,3.812175,
286,Denmark,DNK,DK,LTINT,TOT,PC_PA,A,2007,4.286608,
287,Denmark,DNK,DK,LTINT,TOT,PC_PA,A,2008,4.281425,
288,Denmark,DNK,DK,LTINT,TOT,PC_PA,A,2009,3.586242,
289,Denmark,DNK,DK,LTINT,TOT,PC_PA,A,2010,2.9260580000000003,
290,Denmark,DNK,DK,LTINT,TOT,PC_PA,A,2011,2.72935,
291,Denmark,DNK,DK,LTINT,TOT,PC_PA,A,2012,1.403058,
292,Denmark,DNK,DK,LTINT,TOT,PC_PA,A,2013,1.7458330000000002,
293,Denmark,DNK,DK,LTINT,TOT,PC_PA,A,2014,1.326667,
294,Denmark,DNK,DK,LTINT,TOT,PC_PA,A,2015,0.6908333000000001,
295,Denmark,DNK,DK,LTINT,TOT,PC_PA,A,2016,0.3208333,
296,Denmark,DNK,DK,LTINT,TOT,PC_PA,A,2017,0.47666670000000005,
297,Denmark,DNK,DK,LTINT,TOT,PC_PA,A,2018,0.45583329999999994,
298,Denmark,DNK,DK,LTINT,TOT,PC_PA,A,2019,-0.185,
299,Finland,FIN,FI,LTINT,TOT,PC_PA,A,1988,10.5575,
300,Finland,FIN,FI,LTINT,TOT,PC_PA,A,1989,12.08583,
301,Finland,FIN,FI,LTINT,TOT,PC_PA,A,1990,13.21,
302,Finland,FIN,FI,LTINT,TOT,PC_PA,A,1991,11.71167,
303,Finland,FIN,FI,LTINT,TOT,PC_PA,A,1992,11.9725,
304,Finland,FIN,FI,LTINT,TOT,PC_PA,A,1993,8.825,
305,Finland,FIN,FI,LTINT,TOT,PC_PA,A,1994,9.036667,
306,Finland,FIN,FI,LTINT,TOT,PC_PA,A,1995,8.791667,
307,Finland,FIN,FI,LTINT,TOT,PC_PA,A,1996,7.076667,
308,Finland,FIN,FI,LTINT,TOT,PC_PA,A,1997,5.9575,
309,Finland,FIN,FI,LTINT,TOT,PC_PA,A,1998,4.7875,
310,Finland,FIN,FI,LTINT,TOT,PC_PA,A,1999,4.7225,
311,Finland,FIN,FI,LTINT,TOT,PC_PA,A,2000,5.4825,
312,Finland,FIN,FI,LTINT,TOT,PC_PA,A,2001,5.043334,
313,Finland,FIN,FI,LTINT,TOT,PC_PA,A,2002,4.980834,
314,Finland,FIN,FI,LTINT,TOT,PC_PA,A,2003,4.135,
315,Finland,FIN,FI,LTINT,TOT,PC_PA,A,2004,4.109167,
316,Finland,FIN,FI,LTINT,TOT,PC_PA,A,2005,3.350833,
317,Finland,FIN,FI,LTINT,TOT,PC_PA,A,2006,3.7825,
318,Finland,FIN,FI,LTINT,TOT,PC_PA,A,2007,4.293334,
319,Finland,FIN,FI,LTINT,TOT,PC_PA,A,2008,4.29,
320,Finland,FIN,FI,LTINT,TOT,PC_PA,A,2009,3.7383330000000004,
321,Finland,FIN,FI,LTINT,TOT,PC_PA,A,2010,3.0108330000000003,
322,Finland,FIN,FI,LTINT,TOT,PC_PA,A,2011,3.005833,
323,Finland,FIN,FI,LTINT,TOT,PC_PA,A,2012,1.8833330000000001,
324,Finland,FIN,FI,LTINT,TOT,PC_PA,A,2013,1.8608330000000002,
325,Finland,FIN,FI,LTINT,TOT,PC_PA,A,2014,1.448333,
326,Finland,FIN,FI,LTINT,TOT,PC_PA,A,2015,0.7233334,
327,Finland,FIN,FI,LTINT,TOT,PC_PA,A,2016,0.365,
328,Finland,FIN,FI,LTINT,TOT,PC_PA,A,2017,0.5466667,
329,Finland,FIN,FI,LTINT,TOT,PC_PA,A,2018,0.6616666999999999,
330,Finland,FIN,FI,LTINT,TOT,PC_PA,A,2019,0.07,
331,France,FRA,FR,LTINT,TOT,PC_PA,A,1960,5.663333000000001,
332,France,FRA,FR,LTINT,TOT,PC_PA,A,1961,5.519166,
333,France,FRA,FR,LTINT,TOT,PC_PA,A,1962,5.434166,
334,France,FRA,FR,LTINT,TOT,PC_PA,A,1963,5.338333,
335,France,FRA,FR,LTINT,TOT,PC_PA,A,1964,5.449167,
336,France,FRA,FR,LTINT,TOT,PC_PA,A,1965,6.2025,
337,France,FRA,FR,LTINT,TOT,PC_PA,A,1966,6.579167,
338,France,FRA,FR,LTINT,TOT,PC_PA,A,1967,6.706666,
339,France,FRA,FR,LTINT,TOT,PC_PA,A,1968,6.950833,B
340,France,FRA,FR,LTINT,TOT,PC_PA,A,1969,8.1775,
341,France,FRA,FR,LTINT,TOT,PC_PA,A,1970,8.550834,
342,France,FRA,FR,LTINT,TOT,PC_PA,A,1971,8.421667,
343,France,FRA,FR,LTINT,TOT,PC_PA,A,1972,8.013333,
344,France,FRA,FR,LTINT,TOT,PC_PA,A,1973,8.998333,
345,France,FRA,FR,LTINT,TOT,PC_PA,A,1974,11.0025,
346,France,FRA,FR,LTINT,TOT,PC_PA,A,1975,10.31167,
347,France,FRA,FR,LTINT,TOT,PC_PA,A,1976,10.51,
348,France,FRA,FR,LTINT,TOT,PC_PA,A,1977,10.99167,
349,France,FRA,FR,LTINT,TOT,PC_PA,A,1978,10.61167,
350,France,FRA,FR,LTINT,TOT,PC_PA,A,1979,10.8475,
351,France,FRA,FR,LTINT,TOT,PC_PA,A,1980,13.784170000000001,
352,France,FRA,FR,LTINT,TOT,PC_PA,A,1981,16.29167,
353,France,FRA,FR,LTINT,TOT,PC_PA,A,1982,15.9975,
354,France,FRA,FR,LTINT,TOT,PC_PA,A,1983,14.368329999999998,
355,France,FRA,FR,LTINT,TOT,PC_PA,A,1984,13.40417,
356,France,FRA,FR,LTINT,TOT,PC_PA,A,1985,11.86667,
357,France,FRA,FR,LTINT,TOT,PC_PA,A,1986,9.119166,B
358,France,FRA,FR,LTINT,TOT,PC_PA,A,1987,9.478633,
359,France,FRA,FR,LTINT,TOT,PC_PA,A,1988,9.08405,
360,France,FRA,FR,LTINT,TOT,PC_PA,A,1989,8.796059,
361,France,FRA,FR,LTINT,TOT,PC_PA,A,1990,9.932117,
362,France,FRA,FR,LTINT,TOT,PC_PA,A,1991,9.038342,
363,France,FRA,FR,LTINT,TOT,PC_PA,A,1992,8.587875,
364,France,FRA,FR,LTINT,TOT,PC_PA,A,1993,6.775,
365,France,FRA,FR,LTINT,TOT,PC_PA,A,1994,7.213792,
366,France,FRA,FR,LTINT,TOT,PC_PA,A,1995,7.534975,
367,France,FRA,FR,LTINT,TOT,PC_PA,A,1996,6.312142,
368,France,FRA,FR,LTINT,TOT,PC_PA,A,1997,5.582509,
369,France,FRA,FR,LTINT,TOT,PC_PA,A,1998,4.640208,
370,France,FRA,FR,LTINT,TOT,PC_PA,A,1999,4.608783,
371,France,FRA,FR,LTINT,TOT,PC_PA,A,2000,5.394467,
372,France,FRA,FR,LTINT,TOT,PC_PA,A,2001,4.939458,
373,France,FRA,FR,LTINT,TOT,PC_PA,A,2002,4.861217,
374,France,FRA,FR,LTINT,TOT,PC_PA,A,2003,4.130892,
375,France,FRA,FR,LTINT,TOT,PC_PA,A,2004,4.099167,
376,France,FRA,FR,LTINT,TOT,PC_PA,A,2005,3.409442,
377,France,FRA,FR,LTINT,TOT,PC_PA,A,2006,3.7957419999999997,
378,France,FRA,FR,LTINT,TOT,PC_PA,A,2007,4.3032,
379,France,FRA,FR,LTINT,TOT,PC_PA,A,2008,4.234325,
380,France,FRA,FR,LTINT,TOT,PC_PA,A,2009,3.6488169999999998,
381,France,FRA,FR,LTINT,TOT,PC_PA,A,2010,3.1170169999999997,
382,France,FRA,FR,LTINT,TOT,PC_PA,A,2011,3.3210580000000003,
383,France,FRA,FR,LTINT,TOT,PC_PA,A,2012,2.535992,
384,France,FRA,FR,LTINT,TOT,PC_PA,A,2013,2.20435,
385,France,FRA,FR,LTINT,TOT,PC_PA,A,2014,1.6664419999999998,
386,France,FRA,FR,LTINT,TOT,PC_PA,A,2015,0.8418583000000001,
387,France,FRA,FR,LTINT,TOT,PC_PA,A,2016,0.46788329999999995,
388,France,FRA,FR,LTINT,TOT,PC_PA,A,2017,0.8098583,
389,France,FRA,FR,LTINT,TOT,PC_PA,A,2018,0.7841083000000001,
390,France,FRA,FR,LTINT,TOT,PC_PA,A,2019,0.1302,
391,Germany,DEU,DE,LTINT,TOT,PC_PA,A,1957,7.516667,
392,Germany,DEU,DE,LTINT,TOT,PC_PA,A,1958,6.783333,
393,Germany,DEU,DE,LTINT,TOT,PC_PA,A,1959,5.766667,
394,Germany,DEU,DE,LTINT,TOT,PC_PA,A,1960,6.425,
395,Germany,DEU,DE,LTINT,TOT,PC_PA,A,1961,5.875,
396,Germany,DEU,DE,LTINT,TOT,PC_PA,A,1962,5.908333,
397,Germany,DEU,DE,LTINT,TOT,PC_PA,A,1963,6.05,
398,Germany,DEU,DE,LTINT,TOT,PC_PA,A,1964,6.233333,
399,Germany,DEU,DE,LTINT,TOT,PC_PA,A,1965,7.05,
400,Germany,DEU,DE,LTINT,TOT,PC_PA,A,1966,8.125,
401,Germany,DEU,DE,LTINT,TOT,PC_PA,A,1967,6.9583330000000005,
402,Germany,DEU,DE,LTINT,TOT,PC_PA,A,1968,6.45,
403,Germany,DEU,DE,LTINT,TOT,PC_PA,A,1969,6.841667,
404,Germany,DEU,DE,LTINT,TOT,PC_PA,A,1970,8.316667,
405,Germany,DEU,DE,LTINT,TOT,PC_PA,A,1971,7.991667,
406,Germany,DEU,DE,LTINT,TOT,PC_PA,A,1972,7.875,
407,Germany,DEU,DE,LTINT,TOT,PC_PA,A,1973,9.308333,
408,Germany,DEU,DE,LTINT,TOT,PC_PA,A,1974,10.44167,
409,Germany,DEU,DE,LTINT,TOT,PC_PA,A,1975,8.675,
410,Germany,DEU,DE,LTINT,TOT,PC_PA,A,1976,8.033334,
411,Germany,DEU,DE,LTINT,TOT,PC_PA,A,1977,6.533333,
412,Germany,DEU,DE,LTINT,TOT,PC_PA,A,1978,6.133333,
413,Germany,DEU,DE,LTINT,TOT,PC_PA,A,1979,7.566667,
414,Germany,DEU,DE,LTINT,TOT,PC_PA,A,1980,8.425,
415,Germany,DEU,DE,LTINT,TOT,PC_PA,A,1981,10.13333,
416,Germany,DEU,DE,LTINT,TOT,PC_PA,A,1982,8.908334,
417,Germany,DEU,DE,LTINT,TOT,PC_PA,A,1983,8.083333,
418,Germany,DEU,DE,LTINT,TOT,PC_PA,A,1984,7.9583330000000005,
419,Germany,DEU,DE,LTINT,TOT,PC_PA,A,1985,7.0416669999999995,
420,Germany,DEU,DE,LTINT,TOT,PC_PA,A,1986,6.158333,
421,Germany,DEU,DE,LTINT,TOT,PC_PA,A,1987,6.25,
422,Germany,DEU,DE,LTINT,TOT,PC_PA,A,1988,6.491667,
423,Germany,DEU,DE,LTINT,TOT,PC_PA,A,1989,7.025,
424,Germany,DEU,DE,LTINT,TOT,PC_PA,A,1990,8.726666,
425,Germany,DEU,DE,LTINT,TOT,PC_PA,A,1991,8.445833,
426,Germany,DEU,DE,LTINT,TOT,PC_PA,A,1992,7.835208000000001,
427,Germany,DEU,DE,LTINT,TOT,PC_PA,A,1993,6.496459,
428,Germany,DEU,DE,LTINT,TOT,PC_PA,A,1994,6.884414,
429,Germany,DEU,DE,LTINT,TOT,PC_PA,A,1995,6.850542999999999,
430,Germany,DEU,DE,LTINT,TOT,PC_PA,A,1996,6.215378,
431,Germany,DEU,DE,LTINT,TOT,PC_PA,A,1997,5.640137999999999,
432,Germany,DEU,DE,LTINT,TOT,PC_PA,A,1998,4.573921,
433,Germany,DEU,DE,LTINT,TOT,PC_PA,A,1999,4.49061,
434,Germany,DEU,DE,LTINT,TOT,PC_PA,A,2000,5.263958000000001,
435,Germany,DEU,DE,LTINT,TOT,PC_PA,A,2001,4.796749,
436,Germany,DEU,DE,LTINT,TOT,PC_PA,A,2002,4.783661,
437,Germany,DEU,DE,LTINT,TOT,PC_PA,A,2003,4.071143,
438,Germany,DEU,DE,LTINT,TOT,PC_PA,A,2004,4.037230999999999,
439,Germany,DEU,DE,LTINT,TOT,PC_PA,A,2005,3.354017,
440,Germany,DEU,DE,LTINT,TOT,PC_PA,A,2006,3.764125,
441,Germany,DEU,DE,LTINT,TOT,PC_PA,A,2007,4.2171129999999994,
442,Germany,DEU,DE,LTINT,TOT,PC_PA,A,2008,3.984804,
443,Germany,DEU,DE,LTINT,TOT,PC_PA,A,2009,3.2222180000000002,
444,Germany,DEU,DE,LTINT,TOT,PC_PA,A,2010,2.7443049999999998,
445,Germany,DEU,DE,LTINT,TOT,PC_PA,A,2011,2.609223,
446,Germany,DEU,DE,LTINT,TOT,PC_PA,A,2012,1.4951299999999998,
447,Germany,DEU,DE,LTINT,TOT,PC_PA,A,2013,1.571408,
448,Germany,DEU,DE,LTINT,TOT,PC_PA,A,2014,1.163512,
449,Germany,DEU,DE,LTINT,TOT,PC_PA,A,2015,0.49530909999999995,
450,Germany,DEU,DE,LTINT,TOT,PC_PA,A,2016,0.09157856,
451,Germany,DEU,DE,LTINT,TOT,PC_PA,A,2017,0.31638,
452,Germany,DEU,DE,LTINT,TOT,PC_PA,A,2018,0.39648320000000004,
453,Germany,DEU,DE,LTINT,TOT,PC_PA,A,2019,-0.2536345,
454,Greece,GRC,GR,LTINT,TOT,PC_PA,A,1998,8.481667,
455,Greece,GRC,GR,LTINT,TOT,PC_PA,A,1999,6.308333,
456,Greece,GRC,GR,LTINT,TOT,PC_PA,A,2000,6.108333,
457,Greece,GRC,GR,LTINT,TOT,PC_PA,A,2001,5.304167,
458,Greece,GRC,GR,LTINT,TOT,PC_PA,A,2002,5.1225,
459,Greece,GRC,GR,LTINT,TOT,PC_PA,A,2003,4.2675,
460,Greece,GRC,GR,LTINT,TOT,PC_PA,A,2004,4.255833,
461,Greece,GRC,GR,LTINT,TOT,PC_PA,A,2005,3.585,
462,Greece,GRC,GR,LTINT,TOT,PC_PA,A,2006,4.07,
463,Greece,GRC,GR,LTINT,TOT,PC_PA,A,2007,4.5,
464,Greece,GRC,GR,LTINT,TOT,PC_PA,A,2008,4.8025,
465,Greece,GRC,GR,LTINT,TOT,PC_PA,A,2009,5.174167,
466,Greece,GRC,GR,LTINT,TOT,PC_PA,A,2010,9.091666,
467,Greece,GRC,GR,LTINT,TOT,PC_PA,A,2011,15.749170000000001,
468,Greece,GRC,GR,LTINT,TOT,PC_PA,A,2012,22.4975,
469,Greece,GRC,GR,LTINT,TOT,PC_PA,A,2013,10.05417,
470,Greece,GRC,GR,LTINT,TOT,PC_PA,A,2014,6.929167,
471,Greece,GRC,GR,LTINT,TOT,PC_PA,A,2015,9.666364,
472,Greece,GRC,GR,LTINT,TOT,PC_PA,A,2016,8.36,
473,Greece,GRC,GR,LTINT,TOT,PC_PA,A,2017,5.978333,
474,Greece,GRC,GR,LTINT,TOT,PC_PA,A,2018,4.185,
475,Greece,GRC,GR,LTINT,TOT,PC_PA,A,2019,2.585833,
476,Hungary,HUN,HU,LTINT,TOT,PC_PA,A,2000,8.55,
477,Hungary,HUN,HU,LTINT,TOT,PC_PA,A,2001,7.945,
478,Hungary,HUN,HU,LTINT,TOT,PC_PA,A,2002,7.085833999999999,
479,Hungary,HUN,HU,LTINT,TOT,PC_PA,A,2003,6.773333999999999,
480,Hungary,HUN,HU,LTINT,TOT,PC_PA,A,2004,8.291667,
481,Hungary,HUN,HU,LTINT,TOT,PC_PA,A,2005,6.598333,
482,Hungary,HUN,HU,LTINT,TOT,PC_PA,A,2006,7.115833,
483,Hungary,HUN,HU,LTINT,TOT,PC_PA,A,2007,6.744167,
484,Hungary,HUN,HU,LTINT,TOT,PC_PA,A,2008,8.238334,
485,Hungary,HUN,HU,LTINT,TOT,PC_PA,A,2009,9.123333,
486,Hungary,HUN,HU,LTINT,TOT,PC_PA,A,2010,7.281667,
487,Hungary,HUN,HU,LTINT,TOT,PC_PA,A,2011,7.635408999999999,
488,Hungary,HUN,HU,LTINT,TOT,PC_PA,A,2012,7.890833,
489,Hungary,HUN,HU,LTINT,TOT,PC_PA,A,2013,5.923333,
490,Hungary,HUN,HU,LTINT,TOT,PC_PA,A,2014,4.809166,
491,Hungary,HUN,HU,LTINT,TOT,PC_PA,A,2015,3.4325,
492,Hungary,HUN,HU,LTINT,TOT,PC_PA,A,2016,3.143333,
493,Hungary,HUN,HU,LTINT,TOT,PC_PA,A,2017,2.9625,
494,Hungary,HUN,HU,LTINT,TOT,PC_PA,A,2018,3.058333,
495,Hungary,HUN,HU,LTINT,TOT,PC_PA,A,2019,2.465,
496,Iceland,ISL,IS,LTINT,TOT,PC_PA,A,1994,6.978333,
497,Iceland,ISL,IS,LTINT,TOT,PC_PA,A,1995,9.651667,
498,Iceland,ISL,IS,LTINT,TOT,PC_PA,A,1996,9.24,
499,Iceland,ISL,IS,LTINT,TOT,PC_PA,A,1997,8.705833,
500,Iceland,ISL,IS,LTINT,TOT,PC_PA,A,1998,7.664166000000001,
501,Iceland,ISL,IS,LTINT,TOT,PC_PA,A,1999,8.47,
502,Iceland,ISL,IS,LTINT,TOT,PC_PA,A,2000,11.195,
503,Iceland,ISL,IS,LTINT,TOT,PC_PA,A,2001,10.359169999999999,
504,Iceland,ISL,IS,LTINT,TOT,PC_PA,A,2002,7.959741999999999,
505,Iceland,ISL,IS,LTINT,TOT,PC_PA,A,2003,6.652117,
506,Iceland,ISL,IS,LTINT,TOT,PC_PA,A,2004,7.491667,
507,Iceland,ISL,IS,LTINT,TOT,PC_PA,A,2005,8.636942,
508,Iceland,ISL,IS,LTINT,TOT,PC_PA,A,2006,8.830566000000001,
509,Iceland,ISL,IS,LTINT,TOT,PC_PA,A,2007,9.419559,
510,Iceland,ISL,IS,LTINT,TOT,PC_PA,A,2008,11.06824,
511,Iceland,ISL,IS,LTINT,TOT,PC_PA,A,2009,8.256277,
512,Iceland,ISL,IS,LTINT,TOT,PC_PA,A,2010,6.085833999999999,
513,Iceland,ISL,IS,LTINT,TOT,PC_PA,A,2011,5.978333,
514,Iceland,ISL,IS,LTINT,TOT,PC_PA,A,2012,6.194167,
515,Iceland,ISL,IS,LTINT,TOT,PC_PA,A,2013,5.789166000000001,
516,Iceland,ISL,IS,LTINT,TOT,PC_PA,A,2014,6.373333000000001,
517,Iceland,ISL,IS,LTINT,TOT,PC_PA,A,2015,6.259167,
518,Iceland,ISL,IS,LTINT,TOT,PC_PA,A,2016,5.603333,
519,Iceland,ISL,IS,LTINT,TOT,PC_PA,A,2017,4.858333,
520,Iceland,ISL,IS,LTINT,TOT,PC_PA,A,2018,5.330833,
521,Iceland,ISL,IS,LTINT,TOT,PC_PA,A,2019,3.974167,
522,India,IND,IN,LTINT,TOT,PC_PA,A,2012,8.259556,
523,India,IND,IN,LTINT,TOT,PC_PA,A,2013,8.109959,
524,India,IND,IN,LTINT,TOT,PC_PA,A,2014,8.586291000000001,
525,India,IND,IN,LTINT,TOT,PC_PA,A,2015,7.776180999999999,
526,India,IND,IN,LTINT,TOT,PC_PA,A,2016,7.2059169999999995,
527,India,IND,IN,LTINT,TOT,PC_PA,A,2017,6.92425,
528,India,IND,IN,LTINT,TOT,PC_PA,A,2018,7.704333,
529,India,IND,IN,LTINT,TOT,PC_PA,A,2019,6.992999999999999,
530,Ireland,IRL,IE,LTINT,TOT,PC_PA,A,1971,9.386633999999999,
531,Ireland,IRL,IE,LTINT,TOT,PC_PA,A,1972,9.217292,
532,Ireland,IRL,IE,LTINT,TOT,PC_PA,A,1973,10.88955,
533,Ireland,IRL,IE,LTINT,TOT,PC_PA,A,1974,14.85469,
534,Ireland,IRL,IE,LTINT,TOT,PC_PA,A,1975,14.191720000000002,
535,Ireland,IRL,IE,LTINT,TOT,PC_PA,A,1976,14.847920000000002,
536,Ireland,IRL,IE,LTINT,TOT,PC_PA,A,1977,13.09353,
537,Ireland,IRL,IE,LTINT,TOT,PC_PA,A,1978,13.040189999999999,
538,Ireland,IRL,IE,LTINT,TOT,PC_PA,A,1979,15.30684,
539,Ireland,IRL,IE,LTINT,TOT,PC_PA,A,1980,15.59895,
540,Ireland,IRL,IE,LTINT,TOT,PC_PA,A,1981,17.54469,
541,Ireland,IRL,IE,LTINT,TOT,PC_PA,A,1982,17.33132,
542,Ireland,IRL,IE,LTINT,TOT,PC_PA,A,1983,14.12737,
543,Ireland,IRL,IE,LTINT,TOT,PC_PA,A,1984,14.84707,
544,Ireland,IRL,IE,LTINT,TOT,PC_PA,A,1985,12.98515,
545,Ireland,IRL,IE,LTINT,TOT,PC_PA,A,1986,11.40265,
546,Ireland,IRL,IE,LTINT,TOT,PC_PA,A,1987,11.439910000000001,
547,Ireland,IRL,IE,LTINT,TOT,PC_PA,A,1988,9.511101,
548,Ireland,IRL,IE,LTINT,TOT,PC_PA,A,1989,9.317203999999998,
549,Ireland,IRL,IE,LTINT,TOT,PC_PA,A,1990,10.4391,
550,Ireland,IRL,IE,LTINT,TOT,PC_PA,A,1991,9.524648,
551,Ireland,IRL,IE,LTINT,TOT,PC_PA,A,1992,9.466225,
552,Ireland,IRL,IE,LTINT,TOT,PC_PA,A,1993,7.700833,
553,Ireland,IRL,IE,LTINT,TOT,PC_PA,A,1994,7.920833,
554,Ireland,IRL,IE,LTINT,TOT,PC_PA,A,1995,8.255,
555,Ireland,IRL,IE,LTINT,TOT,PC_PA,A,1996,7.289166000000001,
556,Ireland,IRL,IE,LTINT,TOT,PC_PA,A,1997,6.293334,
557,Ireland,IRL,IE,LTINT,TOT,PC_PA,A,1998,4.796667,
558,Ireland,IRL,IE,LTINT,TOT,PC_PA,A,1999,4.710833999999999,
559,Ireland,IRL,IE,LTINT,TOT,PC_PA,A,2000,5.5125,
560,Ireland,IRL,IE,LTINT,TOT,PC_PA,A,2001,5.011667,
561,Ireland,IRL,IE,LTINT,TOT,PC_PA,A,2002,5.01,
562,Ireland,IRL,IE,LTINT,TOT,PC_PA,A,2003,4.1325,
563,Ireland,IRL,IE,LTINT,TOT,PC_PA,A,2004,4.076667,
564,Ireland,IRL,IE,LTINT,TOT,PC_PA,A,2005,3.329167,
565,Ireland,IRL,IE,LTINT,TOT,PC_PA,A,2006,3.765,
566,Ireland,IRL,IE,LTINT,TOT,PC_PA,A,2007,4.305833,
567,Ireland,IRL,IE,LTINT,TOT,PC_PA,A,2008,4.525833,
568,Ireland,IRL,IE,LTINT,TOT,PC_PA,A,2009,5.225,
569,Ireland,IRL,IE,LTINT,TOT,PC_PA,A,2010,5.739167,
570,Ireland,IRL,IE,LTINT,TOT,PC_PA,A,2011,9.601666,
571,Ireland,IRL,IE,LTINT,TOT,PC_PA,A,2012,6.171667,
572,Ireland,IRL,IE,LTINT,TOT,PC_PA,A,2013,3.79,
573,Ireland,IRL,IE,LTINT,TOT,PC_PA,A,2014,2.3675,
574,Ireland,IRL,IE,LTINT,TOT,PC_PA,A,2015,1.1825,
575,Ireland,IRL,IE,LTINT,TOT,PC_PA,A,2016,0.7358333,
576,Ireland,IRL,IE,LTINT,TOT,PC_PA,A,2017,0.8016667,
577,Ireland,IRL,IE,LTINT,TOT,PC_PA,A,2018,0.9508333000000001,
578,Ireland,IRL,IE,LTINT,TOT,PC_PA,A,2019,0.3333333,
579,Israel,ISR,IL,LTINT,TOT,PC_PA,A,1997,4.065,
580,Israel,ISR,IL,LTINT,TOT,PC_PA,A,1998,4.925,
581,Israel,ISR,IL,LTINT,TOT,PC_PA,A,1999,5.199167,
582,Israel,ISR,IL,LTINT,TOT,PC_PA,A,2000,5.475833000000001,
583,Israel,ISR,IL,LTINT,TOT,PC_PA,A,2001,6.426480000000001,
584,Israel,ISR,IL,LTINT,TOT,PC_PA,A,2002,9.233088,
585,Israel,ISR,IL,LTINT,TOT,PC_PA,A,2003,8.884284,
586,Israel,ISR,IL,LTINT,TOT,PC_PA,A,2004,7.561666000000001,
587,Israel,ISR,IL,LTINT,TOT,PC_PA,A,2005,6.361667,
588,Israel,ISR,IL,LTINT,TOT,PC_PA,A,2006,6.314166999999999,
589,Israel,ISR,IL,LTINT,TOT,PC_PA,A,2007,5.554167,
590,Israel,ISR,IL,LTINT,TOT,PC_PA,A,2008,5.923333,
591,Israel,ISR,IL,LTINT,TOT,PC_PA,A,2009,5.063333999999999,
592,Israel,ISR,IL,LTINT,TOT,PC_PA,A,2010,4.684166,
593,Israel,ISR,IL,LTINT,TOT,PC_PA,A,2011,4.98,
594,Israel,ISR,IL,LTINT,TOT,PC_PA,A,2012,4.399166999999999,
595,Israel,ISR,IL,LTINT,TOT,PC_PA,A,2013,3.795833,
596,Israel,ISR,IL,LTINT,TOT,PC_PA,A,2014,2.8858330000000003,
597,Israel,ISR,IL,LTINT,TOT,PC_PA,A,2015,2.07,
598,Israel,ISR,IL,LTINT,TOT,PC_PA,A,2016,1.8791669999999998,
599,Israel,ISR,IL,LTINT,TOT,PC_PA,A,2017,1.9091669999999998,
600,Israel,ISR,IL,LTINT,TOT,PC_PA,A,2018,1.9941669999999998,
601,Israel,ISR,IL,LTINT,TOT,PC_PA,A,2019,1.4683329999999999,
602,Italy,ITA,IT,LTINT,TOT,PC_PA,A,1992,13.26575,
603,Italy,ITA,IT,LTINT,TOT,PC_PA,A,1993,11.186919999999999,
604,Italy,ITA,IT,LTINT,TOT,PC_PA,A,1994,10.51883,
605,Italy,ITA,IT,LTINT,TOT,PC_PA,A,1995,12.20583,
606,Italy,ITA,IT,LTINT,TOT,PC_PA,A,1996,9.400666000000001,
607,Italy,ITA,IT,LTINT,TOT,PC_PA,A,1997,6.86025,
608,Italy,ITA,IT,LTINT,TOT,PC_PA,A,1998,4.8825,
609,Italy,ITA,IT,LTINT,TOT,PC_PA,A,1999,4.7275,
610,Italy,ITA,IT,LTINT,TOT,PC_PA,A,2000,5.576083000000001,
611,Italy,ITA,IT,LTINT,TOT,PC_PA,A,2001,5.187083,
612,Italy,ITA,IT,LTINT,TOT,PC_PA,A,2002,5.034167,
613,Italy,ITA,IT,LTINT,TOT,PC_PA,A,2003,4.295833,
614,Italy,ITA,IT,LTINT,TOT,PC_PA,A,2004,4.258675,
615,Italy,ITA,IT,LTINT,TOT,PC_PA,A,2005,3.555422,
616,Italy,ITA,IT,LTINT,TOT,PC_PA,A,2006,4.046142,
617,Italy,ITA,IT,LTINT,TOT,PC_PA,A,2007,4.487258,
618,Italy,ITA,IT,LTINT,TOT,PC_PA,A,2008,4.681067,
619,Italy,ITA,IT,LTINT,TOT,PC_PA,A,2009,4.311183,
620,Italy,ITA,IT,LTINT,TOT,PC_PA,A,2010,4.0357080000000005,
621,Italy,ITA,IT,LTINT,TOT,PC_PA,A,2011,5.422758,
622,Italy,ITA,IT,LTINT,TOT,PC_PA,A,2012,5.492675,
623,Italy,ITA,IT,LTINT,TOT,PC_PA,A,2013,4.316425,
624,Italy,ITA,IT,LTINT,TOT,PC_PA,A,2014,2.8932,
625,Italy,ITA,IT,LTINT,TOT,PC_PA,A,2015,1.71395,
626,Italy,ITA,IT,LTINT,TOT,PC_PA,A,2016,1.486433,
627,Italy,ITA,IT,LTINT,TOT,PC_PA,A,2017,2.112925,
628,Italy,ITA,IT,LTINT,TOT,PC_PA,A,2018,2.6104,
629,Italy,ITA,IT,LTINT,TOT,PC_PA,A,2019,1.913225,
630,Japan,JPN,JP,LTINT,TOT,PC_PA,A,1989,5.12725,
631,Japan,JPN,JP,LTINT,TOT,PC_PA,A,1990,6.959917,
632,Japan,JPN,JP,LTINT,TOT,PC_PA,A,1991,6.336666999999999,
633,Japan,JPN,JP,LTINT,TOT,PC_PA,A,1992,5.326583,
634,Japan,JPN,JP,LTINT,TOT,PC_PA,A,1993,4.320917,
635,Japan,JPN,JP,LTINT,TOT,PC_PA,A,1994,4.363333,
636,Japan,JPN,JP,LTINT,TOT,PC_PA,A,1995,3.4435,
637,Japan,JPN,JP,LTINT,TOT,PC_PA,A,1996,3.1015,
638,Japan,JPN,JP,LTINT,TOT,PC_PA,A,1997,2.3736669999999997,
639,Japan,JPN,JP,LTINT,TOT,PC_PA,A,1998,1.541417,
640,Japan,JPN,JP,LTINT,TOT,PC_PA,A,1999,1.749,
641,Japan,JPN,JP,LTINT,TOT,PC_PA,A,2000,1.7444169999999999,
642,Japan,JPN,JP,LTINT,TOT,PC_PA,A,2001,1.319,
643,Japan,JPN,JP,LTINT,TOT,PC_PA,A,2002,1.263167,
644,Japan,JPN,JP,LTINT,TOT,PC_PA,A,2003,1.00325,
645,Japan,JPN,JP,LTINT,TOT,PC_PA,A,2004,1.492667,
646,Japan,JPN,JP,LTINT,TOT,PC_PA,A,2005,1.35475,
647,Japan,JPN,JP,LTINT,TOT,PC_PA,A,2006,1.7405,
648,Japan,JPN,JP,LTINT,TOT,PC_PA,A,2007,1.6655,
649,Japan,JPN,JP,LTINT,TOT,PC_PA,A,2008,1.467333,
650,Japan,JPN,JP,LTINT,TOT,PC_PA,A,2009,1.33375,
651,Japan,JPN,JP,LTINT,TOT,PC_PA,A,2010,1.148333,
652,Japan,JPN,JP,LTINT,TOT,PC_PA,A,2011,1.102417,
653,Japan,JPN,JP,LTINT,TOT,PC_PA,A,2012,0.8355833,
654,Japan,JPN,JP,LTINT,TOT,PC_PA,A,2013,0.6896667,
655,Japan,JPN,JP,LTINT,TOT,PC_PA,A,2014,0.5203333,
656,Japan,JPN,JP,LTINT,TOT,PC_PA,A,2015,0.35,
657,Japan,JPN,JP,LTINT,TOT,PC_PA,A,2016,-0.06625,
658,Japan,JPN,JP,LTINT,TOT,PC_PA,A,2017,0.05166667,
659,Japan,JPN,JP,LTINT,TOT,PC_PA,A,2018,0.065,
660,Japan,JPN,JP,LTINT,TOT,PC_PA,A,2019,-0.11041669999999999,
661,Latvia,LVA,LV,LTINT,TOT,PC_PA,A,2001,7.573333,
662,Latvia,LVA,LV,LTINT,TOT,PC_PA,A,2002,5.408333,
663,Latvia,LVA,LV,LTINT,TOT,PC_PA,A,2003,4.900833,
664,Latvia,LVA,LV,LTINT,TOT,PC_PA,A,2004,4.8575,
665,Latvia,LVA,LV,LTINT,TOT,PC_PA,A,2005,3.875,
666,Latvia,LVA,LV,LTINT,TOT,PC_PA,A,2006,4.133333,
667,Latvia,LVA,LV,LTINT,TOT,PC_PA,A,2007,5.2825,
668,Latvia,LVA,LV,LTINT,TOT,PC_PA,A,2008,6.431667,
669,Latvia,LVA,LV,LTINT,TOT,PC_PA,A,2009,12.3575,
670,Latvia,LVA,LV,LTINT,TOT,PC_PA,A,2010,10.3375,
671,Latvia,LVA,LV,LTINT,TOT,PC_PA,A,2011,5.9075,
672,Latvia,LVA,LV,LTINT,TOT,PC_PA,A,2012,4.565,
673,Latvia,LVA,LV,LTINT,TOT,PC_PA,A,2013,3.34,
674,Latvia,LVA,LV,LTINT,TOT,PC_PA,A,2014,2.5083330000000004,
675,Latvia,LVA,LV,LTINT,TOT,PC_PA,A,2015,0.9633333000000001,
676,Latvia,LVA,LV,LTINT,TOT,PC_PA,A,2016,0.5341667,
677,Latvia,LVA,LV,LTINT,TOT,PC_PA,A,2017,0.8341666,
678,Latvia,LVA,LV,LTINT,TOT,PC_PA,A,2018,0.9025,
679,Latvia,LVA,LV,LTINT,TOT,PC_PA,A,2019,0.3425,
680,Lithuania,LTU,LT,LTINT,TOT,PC_PA,A,2001,8.153334,
681,Lithuania,LTU,LT,LTINT,TOT,PC_PA,A,2002,6.0625,
682,Lithuania,LTU,LT,LTINT,TOT,PC_PA,A,2003,5.3225,
683,Lithuania,LTU,LT,LTINT,TOT,PC_PA,A,2004,4.5025,
684,Lithuania,LTU,LT,LTINT,TOT,PC_PA,A,2005,3.6991669999999996,
685,Lithuania,LTU,LT,LTINT,TOT,PC_PA,A,2006,4.080833,
686,Lithuania,LTU,LT,LTINT,TOT,PC_PA,A,2007,4.545833,
687,Lithuania,LTU,LT,LTINT,TOT,PC_PA,A,2008,5.6075,
688,Lithuania,LTU,LT,LTINT,TOT,PC_PA,A,2009,14.004170000000002,
689,Lithuania,LTU,LT,LTINT,TOT,PC_PA,A,2010,5.566667,
690,Lithuania,LTU,LT,LTINT,TOT,PC_PA,A,2011,5.16,
691,Lithuania,LTU,LT,LTINT,TOT,PC_PA,A,2012,4.830833,
692,Lithuania,LTU,LT,LTINT,TOT,PC_PA,A,2013,3.831667,
693,Lithuania,LTU,LT,LTINT,TOT,PC_PA,A,2014,2.7925,
694,Lithuania,LTU,LT,LTINT,TOT,PC_PA,A,2015,1.380833,
695,Lithuania,LTU,LT,LTINT,TOT,PC_PA,A,2016,0.8983333,
696,Lithuania,LTU,LT,LTINT,TOT,PC_PA,A,2017,0.31,
697,Lithuania,LTU,LT,LTINT,TOT,PC_PA,A,2018,0.31,
698,Lithuania,LTU,LT,LTINT,TOT,PC_PA,A,2019,0.31,
699,Luxembourg,LUX,LU,LTINT,TOT,PC_PA,A,1994,7.15,
700,Luxembourg,LUX,LU,LTINT,TOT,PC_PA,A,1995,7.2291669999999995,
701,Luxembourg,LUX,LU,LTINT,TOT,PC_PA,A,1996,6.296667,
702,Luxembourg,LUX,LU,LTINT,TOT,PC_PA,A,1997,5.598333,
703,Luxembourg,LUX,LU,LTINT,TOT,PC_PA,A,1998,4.728333,
704,Luxembourg,LUX,LU,LTINT,TOT,PC_PA,A,1999,4.665,
705,Luxembourg,LUX,LU,LTINT,TOT,PC_PA,A,2000,5.518333,
706,Luxembourg,LUX,LU,LTINT,TOT,PC_PA,A,2001,4.860833,
707,Luxembourg,LUX,LU,LTINT,TOT,PC_PA,A,2002,4.683333,
708,Luxembourg,LUX,LU,LTINT,TOT,PC_PA,A,2003,3.315328,
709,Luxembourg,LUX,LU,LTINT,TOT,PC_PA,A,2004,2.841264,
710,Luxembourg,LUX,LU,LTINT,TOT,PC_PA,A,2005,2.413519,
711,Luxembourg,LUX,LU,LTINT,TOT,PC_PA,A,2006,3.3033330000000003,
712,Luxembourg,LUX,LU,LTINT,TOT,PC_PA,A,2010,2.950091,
713,Luxembourg,LUX,LU,LTINT,TOT,PC_PA,A,2011,2.9218919999999997,
714,Luxembourg,LUX,LU,LTINT,TOT,PC_PA,A,2012,1.834661,
715,Luxembourg,LUX,LU,LTINT,TOT,PC_PA,A,2013,1.849622,
716,Luxembourg,LUX,LU,LTINT,TOT,PC_PA,A,2014,1.3362479999999999,
717,Luxembourg,LUX,LU,LTINT,TOT,PC_PA,A,2015,0.36428,
718,Luxembourg,LUX,LU,LTINT,TOT,PC_PA,A,2016,-0.177239,
719,Luxembourg,LUX,LU,LTINT,TOT,PC_PA,A,2017,0.5027077999999999,
720,Luxembourg,LUX,LU,LTINT,TOT,PC_PA,A,2018,0.5640635,
721,Luxembourg,LUX,LU,LTINT,TOT,PC_PA,A,2019,-0.1200168,
722,Mexico,MEX,MX,LTINT,TOT,PC_PA,A,2002,10.125,
723,Mexico,MEX,MX,LTINT,TOT,PC_PA,A,2003,8.981667,
724,Mexico,MEX,MX,LTINT,TOT,PC_PA,A,2004,9.538333,
725,Mexico,MEX,MX,LTINT,TOT,PC_PA,A,2005,9.4175,
726,Mexico,MEX,MX,LTINT,TOT,PC_PA,A,2006,8.388333,
727,Mexico,MEX,MX,LTINT,TOT,PC_PA,A,2007,7.793334,
728,Mexico,MEX,MX,LTINT,TOT,PC_PA,A,2008,8.3125,
729,Mexico,MEX,MX,LTINT,TOT,PC_PA,A,2009,7.96375,
730,Mexico,MEX,MX,LTINT,TOT,PC_PA,A,2010,6.9,
731,Mexico,MEX,MX,LTINT,TOT,PC_PA,A,2011,6.667778,
732,Mexico,MEX,MX,LTINT,TOT,PC_PA,A,2012,5.598333,
733,Mexico,MEX,MX,LTINT,TOT,PC_PA,A,2013,5.6775,
734,Mexico,MEX,MX,LTINT,TOT,PC_PA,A,2014,6.014167,
735,Mexico,MEX,MX,LTINT,TOT,PC_PA,A,2015,5.928333,
736,Mexico,MEX,MX,LTINT,TOT,PC_PA,A,2016,6.19375,
737,Mexico,MEX,MX,LTINT,TOT,PC_PA,A,2017,7.248333000000001,
738,Mexico,MEX,MX,LTINT,TOT,PC_PA,A,2018,7.93,
739,Mexico,MEX,MX,LTINT,TOT,PC_PA,A,2019,7.668334,
740,Netherlands,NLD,NL,LTINT,TOT,PC_PA,A,1959,4.398333999999999,
741,Netherlands,NLD,NL,LTINT,TOT,PC_PA,A,1960,4.455,
742,Netherlands,NLD,NL,LTINT,TOT,PC_PA,A,1961,4.179167,
743,Netherlands,NLD,NL,LTINT,TOT,PC_PA,A,1962,4.235833,
744,Netherlands,NLD,NL,LTINT,TOT,PC_PA,A,1963,4.309166,
745,Netherlands,NLD,NL,LTINT,TOT,PC_PA,A,1964,5.089167,
746,Netherlands,NLD,NL,LTINT,TOT,PC_PA,A,1965,5.500833999999999,
747,Netherlands,NLD,NL,LTINT,TOT,PC_PA,A,1966,6.5833330000000005,
748,Netherlands,NLD,NL,LTINT,TOT,PC_PA,A,1967,6.424167,
749,Netherlands,NLD,NL,LTINT,TOT,PC_PA,A,1968,6.519166,
750,Netherlands,NLD,NL,LTINT,TOT,PC_PA,A,1969,7.473333,
751,Netherlands,NLD,NL,LTINT,TOT,PC_PA,A,1970,8.010834,
752,Netherlands,NLD,NL,LTINT,TOT,PC_PA,A,1971,7.625833999999999,
753,Netherlands,NLD,NL,LTINT,TOT,PC_PA,A,1972,7.3541669999999995,
754,Netherlands,NLD,NL,LTINT,TOT,PC_PA,A,1973,7.9166669999999995,
755,Netherlands,NLD,NL,LTINT,TOT,PC_PA,A,1974,9.824166,
756,Netherlands,NLD,NL,LTINT,TOT,PC_PA,A,1975,8.786667,
757,Netherlands,NLD,NL,LTINT,TOT,PC_PA,A,1976,8.9525,
758,Netherlands,NLD,NL,LTINT,TOT,PC_PA,A,1977,8.100833,
759,Netherlands,NLD,NL,LTINT,TOT,PC_PA,A,1978,7.735833,
760,Netherlands,NLD,NL,LTINT,TOT,PC_PA,A,1979,8.775,
761,Netherlands,NLD,NL,LTINT,TOT,PC_PA,A,1980,10.20833,
762,Netherlands,NLD,NL,LTINT,TOT,PC_PA,A,1981,11.5525,
763,Netherlands,NLD,NL,LTINT,TOT,PC_PA,A,1982,10.0975,
764,Netherlands,NLD,NL,LTINT,TOT,PC_PA,A,1983,8.610833,
765,Netherlands,NLD,NL,LTINT,TOT,PC_PA,A,1984,8.328333,
766,Netherlands,NLD,NL,LTINT,TOT,PC_PA,A,1985,7.3275,
767,Netherlands,NLD,NL,LTINT,TOT,PC_PA,A,1986,6.3175,
768,Netherlands,NLD,NL,LTINT,TOT,PC_PA,A,1987,6.4025,
769,Netherlands,NLD,NL,LTINT,TOT,PC_PA,A,1988,6.415833,
770,Netherlands,NLD,NL,LTINT,TOT,PC_PA,A,1989,7.218333,
771,Netherlands,NLD,NL,LTINT,TOT,PC_PA,A,1990,8.920834,
772,Netherlands,NLD,NL,LTINT,TOT,PC_PA,A,1991,8.739166,
773,Netherlands,NLD,NL,LTINT,TOT,PC_PA,A,1992,8.1025,
774,Netherlands,NLD,NL,LTINT,TOT,PC_PA,A,1993,6.360833,
775,Netherlands,NLD,NL,LTINT,TOT,PC_PA,A,1994,6.865,
776,Netherlands,NLD,NL,LTINT,TOT,PC_PA,A,1995,6.899166999999999,
777,Netherlands,NLD,NL,LTINT,TOT,PC_PA,A,1996,6.150833,
778,Netherlands,NLD,NL,LTINT,TOT,PC_PA,A,1997,5.576667,
779,Netherlands,NLD,NL,LTINT,TOT,PC_PA,A,1998,4.631667,
780,Netherlands,NLD,NL,LTINT,TOT,PC_PA,A,1999,4.62925,
781,Netherlands,NLD,NL,LTINT,TOT,PC_PA,A,2000,5.4038330000000006,
782,Netherlands,NLD,NL,LTINT,TOT,PC_PA,A,2001,4.9575,
783,Netherlands,NLD,NL,LTINT,TOT,PC_PA,A,2002,4.89025,
784,Netherlands,NLD,NL,LTINT,TOT,PC_PA,A,2003,4.123167,
785,Netherlands,NLD,NL,LTINT,TOT,PC_PA,A,2004,4.095,
786,Netherlands,NLD,NL,LTINT,TOT,PC_PA,A,2005,3.3739999999999997,
787,Netherlands,NLD,NL,LTINT,TOT,PC_PA,A,2006,3.78075,
788,Netherlands,NLD,NL,LTINT,TOT,PC_PA,A,2007,4.288167,
789,Netherlands,NLD,NL,LTINT,TOT,PC_PA,A,2008,4.22675,
790,Netherlands,NLD,NL,LTINT,TOT,PC_PA,A,2009,3.686833,
791,Netherlands,NLD,NL,LTINT,TOT,PC_PA,A,2010,2.9900830000000003,
792,Netherlands,NLD,NL,LTINT,TOT,PC_PA,A,2011,2.98875,
793,Netherlands,NLD,NL,LTINT,TOT,PC_PA,A,2012,1.9335,
794,Netherlands,NLD,NL,LTINT,TOT,PC_PA,A,2013,1.9589169999999998,
795,Netherlands,NLD,NL,LTINT,TOT,PC_PA,A,2014,1.454667,
796,Netherlands,NLD,NL,LTINT,TOT,PC_PA,A,2015,0.6903333,
797,Netherlands,NLD,NL,LTINT,TOT,PC_PA,A,2016,0.2910833,
798,Netherlands,NLD,NL,LTINT,TOT,PC_PA,A,2017,0.5220832999999999,
799,Netherlands,NLD,NL,LTINT,TOT,PC_PA,A,2018,0.5766667,
800,Netherlands,NLD,NL,LTINT,TOT,PC_PA,A,2019,-0.07,
801,New Zealand,NZL,NZ,LTINT,TOT,PC_PA,A,1970,5.5075,
802,New Zealand,NZL,NZ,LTINT,TOT,PC_PA,A,1971,5.516667,
803,New Zealand,NZL,NZ,LTINT,TOT,PC_PA,A,1972,5.523333999999999,
804,New Zealand,NZL,NZ,LTINT,TOT,PC_PA,A,1973,5.796667,
805,New Zealand,NZL,NZ,LTINT,TOT,PC_PA,A,1974,6.0825,
806,New Zealand,NZL,NZ,LTINT,TOT,PC_PA,A,1975,6.326667,
807,New Zealand,NZL,NZ,LTINT,TOT,PC_PA,A,1976,8.341666,
808,New Zealand,NZL,NZ,LTINT,TOT,PC_PA,A,1977,9.239166,
809,New Zealand,NZL,NZ,LTINT,TOT,PC_PA,A,1978,9.979167,
810,New Zealand,NZL,NZ,LTINT,TOT,PC_PA,A,1979,11.97909,
811,New Zealand,NZL,NZ,LTINT,TOT,PC_PA,A,1980,13.28333,
812,New Zealand,NZL,NZ,LTINT,TOT,PC_PA,A,1981,12.8325,
813,New Zealand,NZL,NZ,LTINT,TOT,PC_PA,A,1982,12.89333,
814,New Zealand,NZL,NZ,LTINT,TOT,PC_PA,A,1983,12.1825,
815,New Zealand,NZL,NZ,LTINT,TOT,PC_PA,A,1984,12.61,
816,New Zealand,NZL,NZ,LTINT,TOT,PC_PA,A,1985,17.6575,
817,New Zealand,NZL,NZ,LTINT,TOT,PC_PA,A,1986,16.4475,
818,New Zealand,NZL,NZ,LTINT,TOT,PC_PA,A,1987,15.71,
819,New Zealand,NZL,NZ,LTINT,TOT,PC_PA,A,1988,13.115829999999999,
820,New Zealand,NZL,NZ,LTINT,TOT,PC_PA,A,1989,12.82917,
821,New Zealand,NZL,NZ,LTINT,TOT,PC_PA,A,1990,12.445,
822,New Zealand,NZL,NZ,LTINT,TOT,PC_PA,A,1991,10.11,
823,New Zealand,NZL,NZ,LTINT,TOT,PC_PA,A,1992,8.401667,
824,New Zealand,NZL,NZ,LTINT,TOT,PC_PA,A,1993,6.934166,
825,New Zealand,NZL,NZ,LTINT,TOT,PC_PA,A,1994,7.630833,
826,New Zealand,NZL,NZ,LTINT,TOT,PC_PA,A,1995,7.779167,
827,New Zealand,NZL,NZ,LTINT,TOT,PC_PA,A,1996,7.894166,
828,New Zealand,NZL,NZ,LTINT,TOT,PC_PA,A,1997,7.191667,
829,New Zealand,NZL,NZ,LTINT,TOT,PC_PA,A,1998,6.2875,
830,New Zealand,NZL,NZ,LTINT,TOT,PC_PA,A,1999,6.4125,
831,New Zealand,NZL,NZ,LTINT,TOT,PC_PA,A,2000,6.8525,
832,New Zealand,NZL,NZ,LTINT,TOT,PC_PA,A,2001,6.393333,
833,New Zealand,NZL,NZ,LTINT,TOT,PC_PA,A,2002,6.5275,
834,New Zealand,NZL,NZ,LTINT,TOT,PC_PA,A,2003,5.866667,
835,New Zealand,NZL,NZ,LTINT,TOT,PC_PA,A,2004,6.065834,
836,New Zealand,NZL,NZ,LTINT,TOT,PC_PA,A,2005,5.875,
837,New Zealand,NZL,NZ,LTINT,TOT,PC_PA,A,2006,5.780833,
838,New Zealand,NZL,NZ,LTINT,TOT,PC_PA,A,2007,6.265,
839,New Zealand,NZL,NZ,LTINT,TOT,PC_PA,A,2008,6.080833,
840,New Zealand,NZL,NZ,LTINT,TOT,PC_PA,A,2009,5.456666,
841,New Zealand,NZL,NZ,LTINT,TOT,PC_PA,A,2010,5.603333,
842,New Zealand,NZL,NZ,LTINT,TOT,PC_PA,A,2011,4.945,
843,New Zealand,NZL,NZ,LTINT,TOT,PC_PA,A,2012,3.685,
844,New Zealand,NZL,NZ,LTINT,TOT,PC_PA,A,2013,4.093333,
845,New Zealand,NZL,NZ,LTINT,TOT,PC_PA,A,2014,4.304167,
846,New Zealand,NZL,NZ,LTINT,TOT,PC_PA,A,2015,3.423333,
847,New Zealand,NZL,NZ,LTINT,TOT,PC_PA,A,2016,2.7616669999999996,
848,New Zealand,NZL,NZ,LTINT,TOT,PC_PA,A,2017,2.9908330000000003,
849,New Zealand,NZL,NZ,LTINT,TOT,PC_PA,A,2018,2.754167,
850,New Zealand,NZL,NZ,LTINT,TOT,PC_PA,A,2019,1.6491669999999998,
851,Norway,NOR,NO,LTINT,TOT,PC_PA,A,1985,12.911669999999999,
852,Norway,NOR,NO,LTINT,TOT,PC_PA,A,1986,13.299170000000002,
853,Norway,NOR,NO,LTINT,TOT,PC_PA,A,1987,13.305,
854,Norway,NOR,NO,LTINT,TOT,PC_PA,A,1988,12.89583,
855,Norway,NOR,NO,LTINT,TOT,PC_PA,A,1989,10.82583,
856,Norway,NOR,NO,LTINT,TOT,PC_PA,A,1990,10.68,
857,Norway,NOR,NO,LTINT,TOT,PC_PA,A,1991,9.996667,
858,Norway,NOR,NO,LTINT,TOT,PC_PA,A,1992,9.606667,
859,Norway,NOR,NO,LTINT,TOT,PC_PA,A,1993,6.880833,
860,Norway,NOR,NO,LTINT,TOT,PC_PA,A,1994,7.435833000000001,
861,Norway,NOR,NO,LTINT,TOT,PC_PA,A,1995,7.424167,
862,Norway,NOR,NO,LTINT,TOT,PC_PA,A,1996,6.773333999999999,
863,Norway,NOR,NO,LTINT,TOT,PC_PA,A,1997,5.888333,
864,Norway,NOR,NO,LTINT,TOT,PC_PA,A,1998,5.4,
865,Norway,NOR,NO,LTINT,TOT,PC_PA,A,1999,5.4975,
866,Norway,NOR,NO,LTINT,TOT,PC_PA,A,2000,6.218333,
867,Norway,NOR,NO,LTINT,TOT,PC_PA,A,2001,6.236667,
868,Norway,NOR,NO,LTINT,TOT,PC_PA,A,2002,6.384167,
869,Norway,NOR,NO,LTINT,TOT,PC_PA,A,2003,5.045,
870,Norway,NOR,NO,LTINT,TOT,PC_PA,A,2004,4.368333,
871,Norway,NOR,NO,LTINT,TOT,PC_PA,A,2005,3.745833,
872,Norway,NOR,NO,LTINT,TOT,PC_PA,A,2006,4.076667,
873,Norway,NOR,NO,LTINT,TOT,PC_PA,A,2007,4.774166999999999,
874,Norway,NOR,NO,LTINT,TOT,PC_PA,A,2008,4.4583330000000005,
875,Norway,NOR,NO,LTINT,TOT,PC_PA,A,2009,3.998333,
876,Norway,NOR,NO,LTINT,TOT,PC_PA,A,2010,3.5283330000000004,
877,Norway,NOR,NO,LTINT,TOT,PC_PA,A,2011,3.135,
878,Norway,NOR,NO,LTINT,TOT,PC_PA,A,2012,2.101667,
879,Norway,NOR,NO,LTINT,TOT,PC_PA,A,2013,2.5775,
880,Norway,NOR,NO,LTINT,TOT,PC_PA,A,2014,2.515,
881,Norway,NOR,NO,LTINT,TOT,PC_PA,A,2015,1.565,
882,Norway,NOR,NO,LTINT,TOT,PC_PA,A,2016,1.331667,
883,Norway,NOR,NO,LTINT,TOT,PC_PA,A,2017,1.6375,
884,Norway,NOR,NO,LTINT,TOT,PC_PA,A,2018,1.8791669999999998,
885,Norway,NOR,NO,LTINT,TOT,PC_PA,A,2019,1.494167,
886,Poland,POL,PL,LTINT,TOT,PC_PA,A,2001,10.68167,
887,Poland,POL,PL,LTINT,TOT,PC_PA,A,2002,7.355834,
888,Poland,POL,PL,LTINT,TOT,PC_PA,A,2003,5.7775,
889,Poland,POL,PL,LTINT,TOT,PC_PA,A,2004,6.896667,
890,Poland,POL,PL,LTINT,TOT,PC_PA,A,2005,5.218333,
891,Poland,POL,PL,LTINT,TOT,PC_PA,A,2006,5.231667,
892,Poland,POL,PL,LTINT,TOT,PC_PA,A,2007,5.484334,
893,Poland,POL,PL,LTINT,TOT,PC_PA,A,2008,6.071667,
894,Poland,POL,PL,LTINT,TOT,PC_PA,A,2009,6.120598,
895,Poland,POL,PL,LTINT,TOT,PC_PA,A,2010,5.781667,
896,Poland,POL,PL,LTINT,TOT,PC_PA,A,2011,5.955583,
897,Poland,POL,PL,LTINT,TOT,PC_PA,A,2012,4.999283,
898,Poland,POL,PL,LTINT,TOT,PC_PA,A,2013,4.033291999999999,
899,Poland,POL,PL,LTINT,TOT,PC_PA,A,2014,3.516211,
900,Poland,POL,PL,LTINT,TOT,PC_PA,A,2015,2.700557,
901,Poland,POL,PL,LTINT,TOT,PC_PA,A,2016,3.035689,
902,Poland,POL,PL,LTINT,TOT,PC_PA,A,2017,3.42,
903,Poland,POL,PL,LTINT,TOT,PC_PA,A,2018,3.1983330000000003,
904,Poland,POL,PL,LTINT,TOT,PC_PA,A,2019,2.3475,
905,Portugal,PRT,PT,LTINT,TOT,PC_PA,A,1994,10.47833,
906,Portugal,PRT,PT,LTINT,TOT,PC_PA,A,1995,11.465,
907,Portugal,PRT,PT,LTINT,TOT,PC_PA,A,1996,8.559167,
908,Portugal,PRT,PT,LTINT,TOT,PC_PA,A,1997,6.358333,
909,Portugal,PRT,PT,LTINT,TOT,PC_PA,A,1998,4.8775,
910,Portugal,PRT,PT,LTINT,TOT,PC_PA,A,1999,4.7775,
911,Portugal,PRT,PT,LTINT,TOT,PC_PA,A,2000,5.595,
912,Portugal,PRT,PT,LTINT,TOT,PC_PA,A,2001,5.158333,
913,Portugal,PRT,PT,LTINT,TOT,PC_PA,A,2002,5.006667,
914,Portugal,PRT,PT,LTINT,TOT,PC_PA,A,2003,4.180083,
915,Portugal,PRT,PT,LTINT,TOT,PC_PA,A,2004,4.143917,
916,Portugal,PRT,PT,LTINT,TOT,PC_PA,A,2005,3.4379169999999997,
917,Portugal,PRT,PT,LTINT,TOT,PC_PA,A,2006,3.9146669999999997,
918,Portugal,PRT,PT,LTINT,TOT,PC_PA,A,2007,4.4241410000000005,
919,Portugal,PRT,PT,LTINT,TOT,PC_PA,A,2008,4.519855000000001,
920,Portugal,PRT,PT,LTINT,TOT,PC_PA,A,2009,4.2101489999999995,
921,Portugal,PRT,PT,LTINT,TOT,PC_PA,A,2010,5.396408,
922,Portugal,PRT,PT,LTINT,TOT,PC_PA,A,2011,10.23912,
923,Portugal,PRT,PT,LTINT,TOT,PC_PA,A,2012,10.54652,
924,Portugal,PRT,PT,LTINT,TOT,PC_PA,A,2013,6.293129,
925,Portugal,PRT,PT,LTINT,TOT,PC_PA,A,2014,3.75395,
926,Portugal,PRT,PT,LTINT,TOT,PC_PA,A,2015,2.423333,
927,Portugal,PRT,PT,LTINT,TOT,PC_PA,A,2016,3.171667,
928,Portugal,PRT,PT,LTINT,TOT,PC_PA,A,2017,3.0525,
929,Portugal,PRT,PT,LTINT,TOT,PC_PA,A,2018,1.8391669999999998,
930,Portugal,PRT,PT,LTINT,TOT,PC_PA,A,2019,0.7575,
931,Russia,RUS,RU,LTINT,TOT,PC_PA,A,1999,87.37583000000001,
932,Russia,RUS,RU,LTINT,TOT,PC_PA,A,2000,35.16333,
933,Russia,RUS,RU,LTINT,TOT,PC_PA,A,2001,19.383329999999997,
934,Russia,RUS,RU,LTINT,TOT,PC_PA,A,2002,15.82417,
935,Russia,RUS,RU,LTINT,TOT,PC_PA,A,2003,9.115,
936,Russia,RUS,RU,LTINT,TOT,PC_PA,A,2004,8.289166,
937,Russia,RUS,RU,LTINT,TOT,PC_PA,A,2005,8.1075,
938,Russia,RUS,RU,LTINT,TOT,PC_PA,A,2006,6.976666000000001,
939,Russia,RUS,RU,LTINT,TOT,PC_PA,A,2007,6.7175,
940,Russia,RUS,RU,LTINT,TOT,PC_PA,A,2008,7.523333999999999,
941,Russia,RUS,RU,LTINT,TOT,PC_PA,A,2009,9.874166,
942,Russia,RUS,RU,LTINT,TOT,PC_PA,A,2010,7.831666,
943,Russia,RUS,RU,LTINT,TOT,PC_PA,A,2011,8.060833,
944,Russia,RUS,RU,LTINT,TOT,PC_PA,A,2012,8.154166,
945,Russia,RUS,RU,LTINT,TOT,PC_PA,A,2013,7.330833,
946,Russia,RUS,RU,LTINT,TOT,PC_PA,A,2014,8.464167,
947,Russia,RUS,RU,LTINT,TOT,PC_PA,A,2015,10.88667,
948,Russia,RUS,RU,LTINT,TOT,PC_PA,A,2016,10.43833,
949,Russia,RUS,RU,LTINT,TOT,PC_PA,A,2017,8.9925,
950,Slovakia,SVK,SK,LTINT,TOT,PC_PA,A,2001,8.0425,
951,Slovakia,SVK,SK,LTINT,TOT,PC_PA,A,2002,6.935,
952,Slovakia,SVK,SK,LTINT,TOT,PC_PA,A,2003,4.985833,
953,Slovakia,SVK,SK,LTINT,TOT,PC_PA,A,2004,5.025833,
954,Slovakia,SVK,SK,LTINT,TOT,PC_PA,A,2005,3.521667,
955,Slovakia,SVK,SK,LTINT,TOT,PC_PA,A,2006,4.411667,
956,Slovakia,SVK,SK,LTINT,TOT,PC_PA,A,2007,4.490833,
957,Slovakia,SVK,SK,LTINT,TOT,PC_PA,A,2008,4.723333,
958,Slovakia,SVK,SK,LTINT,TOT,PC_PA,A,2009,4.706666,
959,Slovakia,SVK,SK,LTINT,TOT,PC_PA,A,2010,3.871667,
960,Slovakia,SVK,SK,LTINT,TOT,PC_PA,A,2011,4.415,
961,Slovakia,SVK,SK,LTINT,TOT,PC_PA,A,2012,4.5525,
962,Slovakia,SVK,SK,LTINT,TOT,PC_PA,A,2013,3.1875,
963,Slovakia,SVK,SK,LTINT,TOT,PC_PA,A,2014,2.0708330000000004,
964,Slovakia,SVK,SK,LTINT,TOT,PC_PA,A,2015,0.885,
965,Slovakia,SVK,SK,LTINT,TOT,PC_PA,A,2016,0.5433334,
966,Slovakia,SVK,SK,LTINT,TOT,PC_PA,A,2017,0.9166667,
967,Slovakia,SVK,SK,LTINT,TOT,PC_PA,A,2018,0.8858333,
968,Slovakia,SVK,SK,LTINT,TOT,PC_PA,A,2019,0.2475,
969,Slovenia,SVN,SI,LTINT,TOT,PC_PA,A,2003,6.401667,
970,Slovenia,SVN,SI,LTINT,TOT,PC_PA,A,2004,4.684166,
971,Slovenia,SVN,SI,LTINT,TOT,PC_PA,A,2005,3.806667,
972,Slovenia,SVN,SI,LTINT,TOT,PC_PA,A,2006,3.853333,
973,Slovenia,SVN,SI,LTINT,TOT,PC_PA,A,2007,4.529167,
974,Slovenia,SVN,SI,LTINT,TOT,PC_PA,A,2008,4.606667,
975,Slovenia,SVN,SI,LTINT,TOT,PC_PA,A,2009,4.375,
976,Slovenia,SVN,SI,LTINT,TOT,PC_PA,A,2010,3.8325,
977,Slovenia,SVN,SI,LTINT,TOT,PC_PA,A,2011,4.970833,
978,Slovenia,SVN,SI,LTINT,TOT,PC_PA,A,2012,5.808333,
979,Slovenia,SVN,SI,LTINT,TOT,PC_PA,A,2013,5.811666000000001,
980,Slovenia,SVN,SI,LTINT,TOT,PC_PA,A,2014,3.27,
981,Slovenia,SVN,SI,LTINT,TOT,PC_PA,A,2015,1.706667,
982,Slovenia,SVN,SI,LTINT,TOT,PC_PA,A,2016,1.149167,
983,Slovenia,SVN,SI,LTINT,TOT,PC_PA,A,2017,0.96,
984,Slovenia,SVN,SI,LTINT,TOT,PC_PA,A,2018,0.9308333000000001,
985,Slovenia,SVN,SI,LTINT,TOT,PC_PA,A,2019,0.275,
986,South Africa,ZAF,ZA,LTINT,TOT,PC_PA,A,1957,4.75,
987,South Africa,ZAF,ZA,LTINT,TOT,PC_PA,A,1958,5.1458330000000005,
988,South Africa,ZAF,ZA,LTINT,TOT,PC_PA,A,1959,5.25,
989,South Africa,ZAF,ZA,LTINT,TOT,PC_PA,A,1960,5.293334,
990,South Africa,ZAF,ZA,LTINT,TOT,PC_PA,A,1961,5.773333999999999,
991,South Africa,ZAF,ZA,LTINT,TOT,PC_PA,A,1962,5.386667,
992,South Africa,ZAF,ZA,LTINT,TOT,PC_PA,A,1963,4.75,
993,South Africa,ZAF,ZA,LTINT,TOT,PC_PA,A,1964,4.7708330000000005,
994,South Africa,ZAF,ZA,LTINT,TOT,PC_PA,A,1965,5.6041669999999995,
995,South Africa,ZAF,ZA,LTINT,TOT,PC_PA,A,1966,6.25,
996,South Africa,ZAF,ZA,LTINT,TOT,PC_PA,A,1967,6.5,
997,South Africa,ZAF,ZA,LTINT,TOT,PC_PA,A,1968,6.5,
998,South Africa,ZAF,ZA,LTINT,TOT,PC_PA,A,1969,6.5,
999,South Africa,ZAF,ZA,LTINT,TOT,PC_PA,A,1970,7.1458330000000005,
1000,South Africa,ZAF,ZA,LTINT,TOT,PC_PA,A,1971,8.375,
1001,South Africa,ZAF,ZA,LTINT,TOT,PC_PA,A,1972,8.353333000000001,
1002,South Africa,ZAF,ZA,LTINT,TOT,PC_PA,A,1973,7.8325,
1003,South Africa,ZAF,ZA,LTINT,TOT,PC_PA,A,1974,8.958333,
1004,South Africa,ZAF,ZA,LTINT,TOT,PC_PA,A,1975,9.708333,
1005,South Africa,ZAF,ZA,LTINT,TOT,PC_PA,A,1976,10.43667,
1006,South Africa,ZAF,ZA,LTINT,TOT,PC_PA,A,1977,11.00833,
1007,South Africa,ZAF,ZA,LTINT,TOT,PC_PA,A,1978,10.39583,
1008,South Africa,ZAF,ZA,LTINT,TOT,PC_PA,A,1979,9.26,
1009,South Africa,ZAF,ZA,LTINT,TOT,PC_PA,A,1980,10.08583,
1010,South Africa,ZAF,ZA,LTINT,TOT,PC_PA,A,1981,12.9875,
1011,South Africa,ZAF,ZA,LTINT,TOT,PC_PA,A,1982,13.508329999999999,
1012,South Africa,ZAF,ZA,LTINT,TOT,PC_PA,A,1983,12.665,
1013,South Africa,ZAF,ZA,LTINT,TOT,PC_PA,A,1984,15.22667,
1014,South Africa,ZAF,ZA,LTINT,TOT,PC_PA,A,1985,16.79167,
1015,South Africa,ZAF,ZA,LTINT,TOT,PC_PA,A,1986,16.36583,
1016,South Africa,ZAF,ZA,LTINT,TOT,PC_PA,A,1987,15.29667,
1017,South Africa,ZAF,ZA,LTINT,TOT,PC_PA,A,1988,16.37167,
1018,South Africa,ZAF,ZA,LTINT,TOT,PC_PA,A,1989,16.90083,
1019,South Africa,ZAF,ZA,LTINT,TOT,PC_PA,A,1990,16.15083,
1020,South Africa,ZAF,ZA,LTINT,TOT,PC_PA,A,1991,16.344170000000002,
1021,South Africa,ZAF,ZA,LTINT,TOT,PC_PA,A,1992,15.44,
1022,South Africa,ZAF,ZA,LTINT,TOT,PC_PA,A,1993,13.9675,
1023,South Africa,ZAF,ZA,LTINT,TOT,PC_PA,A,1994,14.83167,
1024,South Africa,ZAF,ZA,LTINT,TOT,PC_PA,A,1995,16.10667,
1025,South Africa,ZAF,ZA,LTINT,TOT,PC_PA,A,1996,15.483329999999999,
1026,South Africa,ZAF,ZA,LTINT,TOT,PC_PA,A,1997,14.6975,
1027,South Africa,ZAF,ZA,LTINT,TOT,PC_PA,A,1998,15.1225,
1028,South Africa,ZAF,ZA,LTINT,TOT,PC_PA,A,1999,14.901670000000001,
1029,South Africa,ZAF,ZA,LTINT,TOT,PC_PA,A,2000,13.78667,
1030,South Africa,ZAF,ZA,LTINT,TOT,PC_PA,A,2001,11.40667,
1031,South Africa,ZAF,ZA,LTINT,TOT,PC_PA,A,2002,11.50083,
1032,South Africa,ZAF,ZA,LTINT,TOT,PC_PA,A,2003,9.615833,
1033,South Africa,ZAF,ZA,LTINT,TOT,PC_PA,A,2004,9.526667,
1034,South Africa,ZAF,ZA,LTINT,TOT,PC_PA,A,2005,8.066667,
1035,South Africa,ZAF,ZA,LTINT,TOT,PC_PA,A,2006,7.9375,
1036,South Africa,ZAF,ZA,LTINT,TOT,PC_PA,A,2007,7.985,
1037,South Africa,ZAF,ZA,LTINT,TOT,PC_PA,A,2008,9.1,
1038,South Africa,ZAF,ZA,LTINT,TOT,PC_PA,A,2009,8.703333,
1039,South Africa,ZAF,ZA,LTINT,TOT,PC_PA,A,2010,8.615,
1040,South Africa,ZAF,ZA,LTINT,TOT,PC_PA,A,2011,8.52,
1041,South Africa,ZAF,ZA,LTINT,TOT,PC_PA,A,2012,7.9,
1042,South Africa,ZAF,ZA,LTINT,TOT,PC_PA,A,2013,7.7225,
1043,South Africa,ZAF,ZA,LTINT,TOT,PC_PA,A,2014,8.25,
1044,South Africa,ZAF,ZA,LTINT,TOT,PC_PA,A,2015,8.165833000000001,
1045,South Africa,ZAF,ZA,LTINT,TOT,PC_PA,A,2016,9.020833,
1046,South Africa,ZAF,ZA,LTINT,TOT,PC_PA,A,2017,9.0525,
1047,South Africa,ZAF,ZA,LTINT,TOT,PC_PA,A,2018,9.131667,
1048,South Africa,ZAF,ZA,LTINT,TOT,PC_PA,A,2019,9.0725,
1049,South Korea,KOR,KR,LTINT,TOT,PC_PA,A,2001,6.855,
1050,South Korea,KOR,KR,LTINT,TOT,PC_PA,A,2002,6.586666999999999,
1051,South Korea,KOR,KR,LTINT,TOT,PC_PA,A,2003,5.048333,
1052,South Korea,KOR,KR,LTINT,TOT,PC_PA,A,2004,4.728333,
1053,South Korea,KOR,KR,LTINT,TOT,PC_PA,A,2005,4.95,
1054,South Korea,KOR,KR,LTINT,TOT,PC_PA,A,2006,5.151667,
1055,South Korea,KOR,KR,LTINT,TOT,PC_PA,A,2007,5.350833000000001,
1056,South Korea,KOR,KR,LTINT,TOT,PC_PA,A,2008,5.568333,
1057,South Korea,KOR,KR,LTINT,TOT,PC_PA,A,2009,5.165833,
1058,South Korea,KOR,KR,LTINT,TOT,PC_PA,A,2010,4.773333999999999,
1059,South Korea,KOR,KR,LTINT,TOT,PC_PA,A,2011,4.2025,
1060,South Korea,KOR,KR,LTINT,TOT,PC_PA,A,2012,3.4475,
1061,South Korea,KOR,KR,LTINT,TOT,PC_PA,A,2013,3.278083,
1062,South Korea,KOR,KR,LTINT,TOT,PC_PA,A,2014,3.1863330000000003,
1063,South Korea,KOR,KR,LTINT,TOT,PC_PA,A,2015,2.30575,
1064,South Korea,KOR,KR,LTINT,TOT,PC_PA,A,2016,1.7474169999999998,
1065,South Korea,KOR,KR,LTINT,TOT,PC_PA,A,2017,2.2825830000000003,
1066,South Korea,KOR,KR,LTINT,TOT,PC_PA,A,2018,2.50275,
1067,South Korea,KOR,KR,LTINT,TOT,PC_PA,A,2019,1.70225,
1068,Spain,ESP,ES,LTINT,TOT,PC_PA,A,1980,15.96083,
1069,Spain,ESP,ES,LTINT,TOT,PC_PA,A,1981,15.811670000000001,
1070,Spain,ESP,ES,LTINT,TOT,PC_PA,A,1982,15.9875,
1071,Spain,ESP,ES,LTINT,TOT,PC_PA,A,1983,16.90917,
1072,Spain,ESP,ES,LTINT,TOT,PC_PA,A,1984,16.5225,
1073,Spain,ESP,ES,LTINT,TOT,PC_PA,A,1985,13.3675,
1074,Spain,ESP,ES,LTINT,TOT,PC_PA,A,1986,11.35417,
1075,Spain,ESP,ES,LTINT,TOT,PC_PA,A,1987,12.81333,
1076,Spain,ESP,ES,LTINT,TOT,PC_PA,A,1988,11.74417,
1077,Spain,ESP,ES,LTINT,TOT,PC_PA,A,1989,13.600579999999999,
1078,Spain,ESP,ES,LTINT,TOT,PC_PA,A,1990,14.6775,
1079,Spain,ESP,ES,LTINT,TOT,PC_PA,A,1991,12.36055,
1080,Spain,ESP,ES,LTINT,TOT,PC_PA,A,1992,11.69519,
1081,Spain,ESP,ES,LTINT,TOT,PC_PA,A,1993,10.21079,
1082,Spain,ESP,ES,LTINT,TOT,PC_PA,A,1994,9.997791000000001,
1083,Spain,ESP,ES,LTINT,TOT,PC_PA,A,1995,11.27094,
1084,Spain,ESP,ES,LTINT,TOT,PC_PA,A,1996,8.736462,
1085,Spain,ESP,ES,LTINT,TOT,PC_PA,A,1997,6.401535,
1086,Spain,ESP,ES,LTINT,TOT,PC_PA,A,1998,4.8329260000000005,
1087,Spain,ESP,ES,LTINT,TOT,PC_PA,A,1999,4.727312,
1088,Spain,ESP,ES,LTINT,TOT,PC_PA,A,2000,5.525866000000001,
1089,Spain,ESP,ES,LTINT,TOT,PC_PA,A,2001,5.115284,
1090,Spain,ESP,ES,LTINT,TOT,PC_PA,A,2002,4.957641000000001,
1091,Spain,ESP,ES,LTINT,TOT,PC_PA,A,2003,4.123044,
1092,Spain,ESP,ES,LTINT,TOT,PC_PA,A,2004,4.104143,
1093,Spain,ESP,ES,LTINT,TOT,PC_PA,A,2005,3.3863489999999996,
1094,Spain,ESP,ES,LTINT,TOT,PC_PA,A,2006,3.78431,
1095,Spain,ESP,ES,LTINT,TOT,PC_PA,A,2007,4.306627,
1096,Spain,ESP,ES,LTINT,TOT,PC_PA,A,2008,4.363732,
1097,Spain,ESP,ES,LTINT,TOT,PC_PA,A,2009,3.974298,
1098,Spain,ESP,ES,LTINT,TOT,PC_PA,A,2010,4.250001,
1099,Spain,ESP,ES,LTINT,TOT,PC_PA,A,2011,5.436894000000001,
1100,Spain,ESP,ES,LTINT,TOT,PC_PA,A,2012,5.8465370000000005,
1101,Spain,ESP,ES,LTINT,TOT,PC_PA,A,2013,4.561962,
1102,Spain,ESP,ES,LTINT,TOT,PC_PA,A,2014,2.7218310000000003,
1103,Spain,ESP,ES,LTINT,TOT,PC_PA,A,2015,1.7350869999999998,
1104,Spain,ESP,ES,LTINT,TOT,PC_PA,A,2016,1.393302,
1105,Spain,ESP,ES,LTINT,TOT,PC_PA,A,2017,1.557866,
1106,Spain,ESP,ES,LTINT,TOT,PC_PA,A,2018,1.419352,
1107,Spain,ESP,ES,LTINT,TOT,PC_PA,A,2019,0.6610183000000001,
1108,Sweden,SWE,SE,LTINT,TOT,PC_PA,A,1987,11.68,
1109,Sweden,SWE,SE,LTINT,TOT,PC_PA,A,1988,11.35167,
1110,Sweden,SWE,SE,LTINT,TOT,PC_PA,A,1989,11.18,
1111,Sweden,SWE,SE,LTINT,TOT,PC_PA,A,1990,13.159170000000001,
1112,Sweden,SWE,SE,LTINT,TOT,PC_PA,A,1991,10.69083,
1113,Sweden,SWE,SE,LTINT,TOT,PC_PA,A,1992,10.01667,
1114,Sweden,SWE,SE,LTINT,TOT,PC_PA,A,1993,8.539166,B
1115,Sweden,SWE,SE,LTINT,TOT,PC_PA,A,1994,9.495,B
1116,Sweden,SWE,SE,LTINT,TOT,PC_PA,A,1995,10.24417,
1117,Sweden,SWE,SE,LTINT,TOT,PC_PA,A,1996,8.026667,
1118,Sweden,SWE,SE,LTINT,TOT,PC_PA,A,1997,6.614167,
1119,Sweden,SWE,SE,LTINT,TOT,PC_PA,A,1998,4.989167,
1120,Sweden,SWE,SE,LTINT,TOT,PC_PA,A,1999,4.98,
1121,Sweden,SWE,SE,LTINT,TOT,PC_PA,A,2000,5.3675,
1122,Sweden,SWE,SE,LTINT,TOT,PC_PA,A,2001,5.1075,
1123,Sweden,SWE,SE,LTINT,TOT,PC_PA,A,2002,5.303333,
1124,Sweden,SWE,SE,LTINT,TOT,PC_PA,A,2003,4.638333,
1125,Sweden,SWE,SE,LTINT,TOT,PC_PA,A,2004,4.425,
1126,Sweden,SWE,SE,LTINT,TOT,PC_PA,A,2005,3.3825,
1127,Sweden,SWE,SE,LTINT,TOT,PC_PA,A,2006,3.704167,
1128,Sweden,SWE,SE,LTINT,TOT,PC_PA,A,2007,4.1675,
1129,Sweden,SWE,SE,LTINT,TOT,PC_PA,A,2008,3.8875,
1130,Sweden,SWE,SE,LTINT,TOT,PC_PA,A,2009,3.25,
1131,Sweden,SWE,SE,LTINT,TOT,PC_PA,A,2010,2.893333,
1132,Sweden,SWE,SE,LTINT,TOT,PC_PA,A,2011,2.605,
1133,Sweden,SWE,SE,LTINT,TOT,PC_PA,A,2012,1.5925,
1134,Sweden,SWE,SE,LTINT,TOT,PC_PA,A,2013,2.120833,
1135,Sweden,SWE,SE,LTINT,TOT,PC_PA,A,2014,1.72,
1136,Sweden,SWE,SE,LTINT,TOT,PC_PA,A,2015,0.7191666999999999,
1137,Sweden,SWE,SE,LTINT,TOT,PC_PA,A,2016,0.5191666,
1138,Sweden,SWE,SE,LTINT,TOT,PC_PA,A,2017,0.655,
1139,Sweden,SWE,SE,LTINT,TOT,PC_PA,A,2018,0.6516666,
1140,Sweden,SWE,SE,LTINT,TOT,PC_PA,A,2019,0.04666667,
1141,Switzerland,CHE,CH,LTINT,TOT,PC_PA,A,1955,2.9825,
1142,Switzerland,CHE,CH,LTINT,TOT,PC_PA,A,1956,3.125,
1143,Switzerland,CHE,CH,LTINT,TOT,PC_PA,A,1957,3.6675,
1144,Switzerland,CHE,CH,LTINT,TOT,PC_PA,A,1958,3.1533330000000004,
1145,Switzerland,CHE,CH,LTINT,TOT,PC_PA,A,1959,3.076667,
1146,Switzerland,CHE,CH,LTINT,TOT,PC_PA,A,1960,3.0925,
1147,Switzerland,CHE,CH,LTINT,TOT,PC_PA,A,1961,2.955833,
1148,Switzerland,CHE,CH,LTINT,TOT,PC_PA,A,1962,3.124167,
1149,Switzerland,CHE,CH,LTINT,TOT,PC_PA,A,1963,3.246667,
1150,Switzerland,CHE,CH,LTINT,TOT,PC_PA,A,1964,3.9708330000000003,
1151,Switzerland,CHE,CH,LTINT,TOT,PC_PA,A,1965,3.9458330000000004,
1152,Switzerland,CHE,CH,LTINT,TOT,PC_PA,A,1966,4.164166000000001,
1153,Switzerland,CHE,CH,LTINT,TOT,PC_PA,A,1967,4.603333,
1154,Switzerland,CHE,CH,LTINT,TOT,PC_PA,A,1968,4.3725,
1155,Switzerland,CHE,CH,LTINT,TOT,PC_PA,A,1969,4.9,
1156,Switzerland,CHE,CH,LTINT,TOT,PC_PA,A,1970,5.715833,
1157,Switzerland,CHE,CH,LTINT,TOT,PC_PA,A,1971,5.265833,
1158,Switzerland,CHE,CH,LTINT,TOT,PC_PA,A,1972,4.963333,
1159,Switzerland,CHE,CH,LTINT,TOT,PC_PA,A,1973,5.594167,
1160,Switzerland,CHE,CH,LTINT,TOT,PC_PA,A,1974,7.129167,
1161,Switzerland,CHE,CH,LTINT,TOT,PC_PA,A,1975,6.435833000000001,
1162,Switzerland,CHE,CH,LTINT,TOT,PC_PA,A,1976,4.9825,
1163,Switzerland,CHE,CH,LTINT,TOT,PC_PA,A,1977,4.045,
1164,Switzerland,CHE,CH,LTINT,TOT,PC_PA,A,1978,3.326667,
1165,Switzerland,CHE,CH,LTINT,TOT,PC_PA,A,1979,3.4525,
1166,Switzerland,CHE,CH,LTINT,TOT,PC_PA,A,1980,4.7625,
1167,Switzerland,CHE,CH,LTINT,TOT,PC_PA,A,1981,5.57,
1168,Switzerland,CHE,CH,LTINT,TOT,PC_PA,A,1982,4.598333,
1169,Switzerland,CHE,CH,LTINT,TOT,PC_PA,A,1983,4.174167,
1170,Switzerland,CHE,CH,LTINT,TOT,PC_PA,A,1984,4.552917,
1171,Switzerland,CHE,CH,LTINT,TOT,PC_PA,A,1985,4.700083,
1172,Switzerland,CHE,CH,LTINT,TOT,PC_PA,A,1986,4.2299169999999995,
1173,Switzerland,CHE,CH,LTINT,TOT,PC_PA,A,1987,4.03275,
1174,Switzerland,CHE,CH,LTINT,TOT,PC_PA,A,1988,4.01975,
1175,Switzerland,CHE,CH,LTINT,TOT,PC_PA,A,1989,5.197333,
1176,Switzerland,CHE,CH,LTINT,TOT,PC_PA,A,1990,6.4494169999999995,
1177,Switzerland,CHE,CH,LTINT,TOT,PC_PA,A,1991,6.239657,
1178,Switzerland,CHE,CH,LTINT,TOT,PC_PA,A,1992,6.398413,
1179,Switzerland,CHE,CH,LTINT,TOT,PC_PA,A,1993,4.5523690000000006,
1180,Switzerland,CHE,CH,LTINT,TOT,PC_PA,A,1994,4.958611,
1181,Switzerland,CHE,CH,LTINT,TOT,PC_PA,A,1995,4.521454,
1182,Switzerland,CHE,CH,LTINT,TOT,PC_PA,A,1996,3.998025,
1183,Switzerland,CHE,CH,LTINT,TOT,PC_PA,A,1997,3.3564410000000002,B
1184,Switzerland,CHE,CH,LTINT,TOT,PC_PA,A,1998,3.0445830000000003,
1185,Switzerland,CHE,CH,LTINT,TOT,PC_PA,A,1999,3.039333,
1186,Switzerland,CHE,CH,LTINT,TOT,PC_PA,A,2000,3.9250830000000003,
1187,Switzerland,CHE,CH,LTINT,TOT,PC_PA,A,2001,3.38175,
1188,Switzerland,CHE,CH,LTINT,TOT,PC_PA,A,2002,3.198917,
1189,Switzerland,CHE,CH,LTINT,TOT,PC_PA,A,2003,2.65875,
1190,Switzerland,CHE,CH,LTINT,TOT,PC_PA,A,2004,2.740167,
1191,Switzerland,CHE,CH,LTINT,TOT,PC_PA,A,2005,2.0955,
1192,Switzerland,CHE,CH,LTINT,TOT,PC_PA,A,2006,2.517083,
1193,Switzerland,CHE,CH,LTINT,TOT,PC_PA,A,2007,2.92675,
1194,Switzerland,CHE,CH,LTINT,TOT,PC_PA,A,2008,2.896833,
1195,Switzerland,CHE,CH,LTINT,TOT,PC_PA,A,2009,2.202667,
1196,Switzerland,CHE,CH,LTINT,TOT,PC_PA,A,2010,1.631667,
1197,Switzerland,CHE,CH,LTINT,TOT,PC_PA,A,2011,1.471667,
1198,Switzerland,CHE,CH,LTINT,TOT,PC_PA,A,2012,0.6466666,
1199,Switzerland,CHE,CH,LTINT,TOT,PC_PA,A,2013,0.9491666999999999,
1200,Switzerland,CHE,CH,LTINT,TOT,PC_PA,A,2014,0.6925,
1201,Switzerland,CHE,CH,LTINT,TOT,PC_PA,A,2015,-0.06916667,
1202,Switzerland,CHE,CH,LTINT,TOT,PC_PA,A,2016,-0.36200000000000004,
1203,Switzerland,CHE,CH,LTINT,TOT,PC_PA,A,2017,-0.07208333,
1204,Switzerland,CHE,CH,LTINT,TOT,PC_PA,A,2018,0.03316667,
1205,Switzerland,CHE,CH,LTINT,TOT,PC_PA,A,2019,-0.489,
1206,United Kingdom,GBR,GB,LTINT,TOT,PC_PA,A,1960,5.855834,
1207,United Kingdom,GBR,GB,LTINT,TOT,PC_PA,A,1961,6.264167,
1208,United Kingdom,GBR,GB,LTINT,TOT,PC_PA,A,1962,5.764167,
1209,United Kingdom,GBR,GB,LTINT,TOT,PC_PA,A,1963,5.165833,
1210,United Kingdom,GBR,GB,LTINT,TOT,PC_PA,A,1964,5.7025,
1211,United Kingdom,GBR,GB,LTINT,TOT,PC_PA,A,1965,6.551667,
1212,United Kingdom,GBR,GB,LTINT,TOT,PC_PA,A,1966,6.866667,
1213,United Kingdom,GBR,GB,LTINT,TOT,PC_PA,A,1967,6.7,
1214,United Kingdom,GBR,GB,LTINT,TOT,PC_PA,A,1968,7.509167,
1215,United Kingdom,GBR,GB,LTINT,TOT,PC_PA,A,1969,8.83,
1216,United Kingdom,GBR,GB,LTINT,TOT,PC_PA,A,1970,8.634167,
1217,United Kingdom,GBR,GB,LTINT,TOT,PC_PA,A,1971,7.868333,
1218,United Kingdom,GBR,GB,LTINT,TOT,PC_PA,A,1972,8.375,
1219,United Kingdom,GBR,GB,LTINT,TOT,PC_PA,A,1973,10.55833,
1220,United Kingdom,GBR,GB,LTINT,TOT,PC_PA,A,1974,14.20667,
1221,United Kingdom,GBR,GB,LTINT,TOT,PC_PA,A,1975,13.18167,
1222,United Kingdom,GBR,GB,LTINT,TOT,PC_PA,A,1976,13.61,
1223,United Kingdom,GBR,GB,LTINT,TOT,PC_PA,A,1977,12.0275,
1224,United Kingdom,GBR,GB,LTINT,TOT,PC_PA,A,1978,12.065,
1225,United Kingdom,GBR,GB,LTINT,TOT,PC_PA,A,1979,12.94583,
1226,United Kingdom,GBR,GB,LTINT,TOT,PC_PA,A,1980,13.913329999999998,
1227,United Kingdom,GBR,GB,LTINT,TOT,PC_PA,A,1981,14.883329999999999,
1228,United Kingdom,GBR,GB,LTINT,TOT,PC_PA,A,1982,13.085,
1229,United Kingdom,GBR,GB,LTINT,TOT,PC_PA,A,1983,11.26833,
1230,United Kingdom,GBR,GB,LTINT,TOT,PC_PA,A,1984,11.1275,
1231,United Kingdom,GBR,GB,LTINT,TOT,PC_PA,A,1985,10.97,
1232,United Kingdom,GBR,GB,LTINT,TOT,PC_PA,A,1986,10.135,
1233,United Kingdom,GBR,GB,LTINT,TOT,PC_PA,A,1987,9.570833,
1234,United Kingdom,GBR,GB,LTINT,TOT,PC_PA,A,1988,9.675834,
1235,United Kingdom,GBR,GB,LTINT,TOT,PC_PA,A,1989,10.19083,
1236,United Kingdom,GBR,GB,LTINT,TOT,PC_PA,A,1990,11.8025,
1237,United Kingdom,GBR,GB,LTINT,TOT,PC_PA,A,1991,10.105,
1238,United Kingdom,GBR,GB,LTINT,TOT,PC_PA,A,1992,9.063334,
1239,United Kingdom,GBR,GB,LTINT,TOT,PC_PA,A,1993,7.479609,
1240,United Kingdom,GBR,GB,LTINT,TOT,PC_PA,A,1994,8.1221,
1241,United Kingdom,GBR,GB,LTINT,TOT,PC_PA,A,1995,8.200283,
1242,United Kingdom,GBR,GB,LTINT,TOT,PC_PA,A,1996,7.810184,
1243,United Kingdom,GBR,GB,LTINT,TOT,PC_PA,A,1997,7.052592,
1244,United Kingdom,GBR,GB,LTINT,TOT,PC_PA,A,1998,5.5509580000000005,
1245,United Kingdom,GBR,GB,LTINT,TOT,PC_PA,A,1999,5.093525,
1246,United Kingdom,GBR,GB,LTINT,TOT,PC_PA,A,2000,5.328975,
1247,United Kingdom,GBR,GB,LTINT,TOT,PC_PA,A,2001,4.9295,
1248,United Kingdom,GBR,GB,LTINT,TOT,PC_PA,A,2002,4.894242,
1249,United Kingdom,GBR,GB,LTINT,TOT,PC_PA,A,2003,4.526592,
1250,United Kingdom,GBR,GB,LTINT,TOT,PC_PA,A,2004,4.882267,
1251,United Kingdom,GBR,GB,LTINT,TOT,PC_PA,A,2005,4.413892,
1252,United Kingdom,GBR,GB,LTINT,TOT,PC_PA,A,2006,4.501675,
1253,United Kingdom,GBR,GB,LTINT,TOT,PC_PA,A,2007,5.011275,
1254,United Kingdom,GBR,GB,LTINT,TOT,PC_PA,A,2008,4.590725,
1255,United Kingdom,GBR,GB,LTINT,TOT,PC_PA,A,2009,3.6475169999999997,
1256,United Kingdom,GBR,GB,LTINT,TOT,PC_PA,A,2010,3.624425,
1257,United Kingdom,GBR,GB,LTINT,TOT,PC_PA,A,2011,3.135992,
1258,United Kingdom,GBR,GB,LTINT,TOT,PC_PA,A,2012,1.9180419999999998,
1259,United Kingdom,GBR,GB,LTINT,TOT,PC_PA,A,2013,2.389783,
1260,United Kingdom,GBR,GB,LTINT,TOT,PC_PA,A,2014,2.569083,
1261,United Kingdom,GBR,GB,LTINT,TOT,PC_PA,A,2015,1.9010330000000002,
1262,United Kingdom,GBR,GB,LTINT,TOT,PC_PA,A,2016,1.305208,
1263,United Kingdom,GBR,GB,LTINT,TOT,PC_PA,A,2017,1.235808,
1264,United Kingdom,GBR,GB,LTINT,TOT,PC_PA,A,2018,1.460658,
1265,United Kingdom,GBR,GB,LTINT,TOT,PC_PA,A,2019,0.935825,
1266,United States,USA,US,LTINT,TOT,PC_PA,A,1954,2.4016669999999998,
1267,United States,USA,US,LTINT,TOT,PC_PA,A,1955,2.816667,
1268,United States,USA,US,LTINT,TOT,PC_PA,A,1956,3.1825,
1269,United States,USA,US,LTINT,TOT,PC_PA,A,1957,3.6475,
1270,United States,USA,US,LTINT,TOT,PC_PA,A,1958,3.315833,
1271,United States,USA,US,LTINT,TOT,PC_PA,A,1959,4.3333330000000005,
1272,United States,USA,US,LTINT,TOT,PC_PA,A,1960,4.116667,
1273,United States,USA,US,LTINT,TOT,PC_PA,A,1961,3.8825,
1274,United States,USA,US,LTINT,TOT,PC_PA,A,1962,3.9458330000000004,
1275,United States,USA,US,LTINT,TOT,PC_PA,A,1963,4.0025,
1276,United States,USA,US,LTINT,TOT,PC_PA,A,1964,4.186666000000001,
1277,United States,USA,US,LTINT,TOT,PC_PA,A,1965,4.2825,
1278,United States,USA,US,LTINT,TOT,PC_PA,A,1966,4.923333,
1279,United States,USA,US,LTINT,TOT,PC_PA,A,1967,5.073333,
1280,United States,USA,US,LTINT,TOT,PC_PA,A,1968,5.6458330000000005,
1281,United States,USA,US,LTINT,TOT,PC_PA,A,1969,6.670833,
1282,United States,USA,US,LTINT,TOT,PC_PA,A,1970,7.348333,
1283,United States,USA,US,LTINT,TOT,PC_PA,A,1971,6.159167,
1284,United States,USA,US,LTINT,TOT,PC_PA,A,1972,6.21,
1285,United States,USA,US,LTINT,TOT,PC_PA,A,1973,6.8425,
1286,United States,USA,US,LTINT,TOT,PC_PA,A,1974,7.5575,
1287,United States,USA,US,LTINT,TOT,PC_PA,A,1975,7.9875,
1288,United States,USA,US,LTINT,TOT,PC_PA,A,1976,7.611667,
1289,United States,USA,US,LTINT,TOT,PC_PA,A,1977,7.419167,
1290,United States,USA,US,LTINT,TOT,PC_PA,A,1978,8.41,
1291,United States,USA,US,LTINT,TOT,PC_PA,A,1979,9.4425,
1292,United States,USA,US,LTINT,TOT,PC_PA,A,1980,11.46,
1293,United States,USA,US,LTINT,TOT,PC_PA,A,1981,13.910829999999999,
1294,United States,USA,US,LTINT,TOT,PC_PA,A,1982,13.001669999999999,
1295,United States,USA,US,LTINT,TOT,PC_PA,A,1983,11.105,
1296,United States,USA,US,LTINT,TOT,PC_PA,A,1984,12.43833,
1297,United States,USA,US,LTINT,TOT,PC_PA,A,1985,10.623330000000001,
1298,United States,USA,US,LTINT,TOT,PC_PA,A,1986,7.6825,
1299,United States,USA,US,LTINT,TOT,PC_PA,A,1987,8.384167,
1300,United States,USA,US,LTINT,TOT,PC_PA,A,1988,8.845834,
1301,United States,USA,US,LTINT,TOT,PC_PA,A,1989,8.498333,
1302,United States,USA,US,LTINT,TOT,PC_PA,A,1990,8.55,
1303,United States,USA,US,LTINT,TOT,PC_PA,A,1991,7.858333,
1304,United States,USA,US,LTINT,TOT,PC_PA,A,1992,7.01,
1305,United States,USA,US,LTINT,TOT,PC_PA,A,1993,5.873333000000001,
1306,United States,USA,US,LTINT,TOT,PC_PA,A,1994,7.08,
1307,United States,USA,US,LTINT,TOT,PC_PA,A,1995,6.58,
1308,United States,USA,US,LTINT,TOT,PC_PA,A,1996,6.438333999999999,
1309,United States,USA,US,LTINT,TOT,PC_PA,A,1997,6.3525,
1310,United States,USA,US,LTINT,TOT,PC_PA,A,1998,5.264167,
1311,United States,USA,US,LTINT,TOT,PC_PA,A,1999,5.636667,
1312,United States,USA,US,LTINT,TOT,PC_PA,A,2000,6.029167,
1313,United States,USA,US,LTINT,TOT,PC_PA,A,2001,5.0175,
1314,United States,USA,US,LTINT,TOT,PC_PA,A,2002,4.610833,
1315,United States,USA,US,LTINT,TOT,PC_PA,A,2003,4.015,
1316,United States,USA,US,LTINT,TOT,PC_PA,A,2004,4.274166999999999,
1317,United States,USA,US,LTINT,TOT,PC_PA,A,2005,4.29,
1318,United States,USA,US,LTINT,TOT,PC_PA,A,2006,4.7916669999999995,
1319,United States,USA,US,LTINT,TOT,PC_PA,A,2007,4.629167,
1320,United States,USA,US,LTINT,TOT,PC_PA,A,2008,3.666667,
1321,United States,USA,US,LTINT,TOT,PC_PA,A,2009,3.2566669999999998,
1322,United States,USA,US,LTINT,TOT,PC_PA,A,2010,3.2141669999999998,
1323,United States,USA,US,LTINT,TOT,PC_PA,A,2011,2.7858330000000002,
1324,United States,USA,US,LTINT,TOT,PC_PA,A,2012,1.8025,
1325,United States,USA,US,LTINT,TOT,PC_PA,A,2013,2.350833,
1326,United States,USA,US,LTINT,TOT,PC_PA,A,2014,2.540833,
1327,United States,USA,US,LTINT,TOT,PC_PA,A,2015,2.1358330000000003,
1328,United States,USA,US,LTINT,TOT,PC_PA,A,2016,1.8416669999999997,
1329,United States,USA,US,LTINT,TOT,PC_PA,A,2017,2.33,
1330,United States,USA,US,LTINT,TOT,PC_PA,A,2018,2.91,
1331,United States,USA,US,LTINT,TOT,PC_PA,A,2019,2.144167,
