,Country,LOCATION,ISO CODE 2 letter,INDICATOR,SUBJECT,MEASURE,FREQUENCY,TIME,value_to_usdollar,Flag Codes
0,Argentina,ARG,AR,PPP,TOT,NATUSD,A,2000,0.663416,
1,Argentina,ARG,AR,PPP,TOT,NATUSD,A,2001,0.6420640000000001,
2,Argentina,ARG,AR,PPP,TOT,NATUSD,A,2002,0.8251950000000001,
3,Argentina,ARG,AR,PPP,TOT,NATUSD,A,2003,0.895181,
4,Argentina,ARG,AR,PPP,TOT,NATUSD,A,2004,1.031788,
5,Argentina,ARG,AR,PPP,TOT,NATUSD,A,2005,1.103858,
6,Argentina,ARG,AR,PPP,TOT,NATUSD,A,2006,1.218661,
7,Argentina,ARG,AR,PPP,TOT,NATUSD,A,2007,1.364085,
8,Argentina,ARG,AR,PPP,TOT,NATUSD,A,2008,1.6481009999999998,
9,Argentina,ARG,AR,PPP,TOT,NATUSD,A,2009,1.887154,
10,Argentina,ARG,AR,PPP,TOT,NATUSD,A,2010,2.2555709999999998,
11,Argentina,ARG,AR,PPP,TOT,NATUSD,A,2011,2.733128,
12,Argentina,ARG,AR,PPP,TOT,NATUSD,A,2012,3.218154,
13,Argentina,ARG,AR,PPP,TOT,NATUSD,A,2013,3.9409669999999997,
14,Argentina,ARG,AR,PPP,TOT,NATUSD,A,2014,5.451964,
15,Argentina,ARG,AR,PPP,TOT,NATUSD,A,2015,6.866548,
16,Argentina,ARG,AR,PPP,TOT,NATUSD,A,2016,9.294966,
17,Argentina,ARG,AR,PPP,TOT,NATUSD,A,2017,10.256822,
18,Argentina,ARG,AR,PPP,TOT,NATUSD,A,2018,14.019288000000001,
19,Argentina,ARG,AR,PPP,TOT,NATUSD,A,2019,20.713957999999998,
20,Australia,AUS,AU,PPP,TOT,NATUSD,A,2000,1.3114729999999999,
21,Australia,AUS,AU,PPP,TOT,NATUSD,A,2001,1.326806,
22,Australia,AUS,AU,PPP,TOT,NATUSD,A,2002,1.33649,
23,Australia,AUS,AU,PPP,TOT,NATUSD,A,2003,1.353924,
24,Australia,AUS,AU,PPP,TOT,NATUSD,A,2004,1.3663969999999999,
25,Australia,AUS,AU,PPP,TOT,NATUSD,A,2005,1.388356,
26,Australia,AUS,AU,PPP,TOT,NATUSD,A,2006,1.404001,
27,Australia,AUS,AU,PPP,TOT,NATUSD,A,2007,1.427582,
28,Australia,AUS,AU,PPP,TOT,NATUSD,A,2008,1.4790729999999999,
29,Australia,AUS,AU,PPP,TOT,NATUSD,A,2009,1.441497,
30,Australia,AUS,AU,PPP,TOT,NATUSD,A,2010,1.502766,
31,Australia,AUS,AU,PPP,TOT,NATUSD,A,2011,1.511052,
32,Australia,AUS,AU,PPP,TOT,NATUSD,A,2012,1.540115,
33,Australia,AUS,AU,PPP,TOT,NATUSD,A,2013,1.447123,
34,Australia,AUS,AU,PPP,TOT,NATUSD,A,2014,1.452489,
35,Australia,AUS,AU,PPP,TOT,NATUSD,A,2015,1.473691,
36,Australia,AUS,AU,PPP,TOT,NATUSD,A,2016,1.450156,
37,Australia,AUS,AU,PPP,TOT,NATUSD,A,2017,1.4729809999999999,
38,Australia,AUS,AU,PPP,TOT,NATUSD,A,2018,1.4398309999999999,
39,Australia,AUS,AU,PPP,TOT,NATUSD,A,2019,1.442175,
40,Austria,AUT,AT,PPP,TOT,NATUSD,A,2000,0.907226,
41,Austria,AUT,AT,PPP,TOT,NATUSD,A,2001,0.9227690000000001,
42,Austria,AUT,AT,PPP,TOT,NATUSD,A,2002,0.899797,
43,Austria,AUT,AT,PPP,TOT,NATUSD,A,2003,0.889084,
44,Austria,AUT,AT,PPP,TOT,NATUSD,A,2004,0.878806,
45,Austria,AUT,AT,PPP,TOT,NATUSD,A,2005,0.8819389999999999,
46,Austria,AUT,AT,PPP,TOT,NATUSD,A,2006,0.861176,
47,Austria,AUT,AT,PPP,TOT,NATUSD,A,2007,0.869233,
48,Austria,AUT,AT,PPP,TOT,NATUSD,A,2008,0.854424,
49,Austria,AUT,AT,PPP,TOT,NATUSD,A,2009,0.843111,
50,Austria,AUT,AT,PPP,TOT,NATUSD,A,2010,0.841548,
51,Austria,AUT,AT,PPP,TOT,NATUSD,A,2011,0.831374,
52,Austria,AUT,AT,PPP,TOT,NATUSD,A,2012,0.8136479999999999,
53,Austria,AUT,AT,PPP,TOT,NATUSD,A,2013,0.797081,
54,Austria,AUT,AT,PPP,TOT,NATUSD,A,2014,0.798797,
55,Austria,AUT,AT,PPP,TOT,NATUSD,A,2015,0.798813,
56,Austria,AUT,AT,PPP,TOT,NATUSD,A,2016,0.776931,
57,Austria,AUT,AT,PPP,TOT,NATUSD,A,2017,0.7725420000000001,
58,Austria,AUT,AT,PPP,TOT,NATUSD,A,2018,0.740694,
59,Austria,AUT,AT,PPP,TOT,NATUSD,A,2019,0.741282,
60,Belgium,BEL,BE,PPP,TOT,NATUSD,A,2000,0.8997229999999999,
61,Belgium,BEL,BE,PPP,TOT,NATUSD,A,2001,0.892244,
62,Belgium,BEL,BE,PPP,TOT,NATUSD,A,2002,0.8733,
63,Belgium,BEL,BE,PPP,TOT,NATUSD,A,2003,0.877016,
64,Belgium,BEL,BE,PPP,TOT,NATUSD,A,2004,0.8890629999999999,
65,Belgium,BEL,BE,PPP,TOT,NATUSD,A,2005,0.8917879999999999,
66,Belgium,BEL,BE,PPP,TOT,NATUSD,A,2006,0.87544,
67,Belgium,BEL,BE,PPP,TOT,NATUSD,A,2007,0.880041,
68,Belgium,BEL,BE,PPP,TOT,NATUSD,A,2008,0.8669399999999999,
69,Belgium,BEL,BE,PPP,TOT,NATUSD,A,2009,0.849484,
70,Belgium,BEL,BE,PPP,TOT,NATUSD,A,2010,0.8359340000000001,
71,Belgium,BEL,BE,PPP,TOT,NATUSD,A,2011,0.8319110000000001,
72,Belgium,BEL,BE,PPP,TOT,NATUSD,A,2012,0.8221370000000001,
73,Belgium,BEL,BE,PPP,TOT,NATUSD,A,2013,0.8061659999999999,
74,Belgium,BEL,BE,PPP,TOT,NATUSD,A,2014,0.800214,
75,Belgium,BEL,BE,PPP,TOT,NATUSD,A,2015,0.799998,
76,Belgium,BEL,BE,PPP,TOT,NATUSD,A,2016,0.781011,
77,Belgium,BEL,BE,PPP,TOT,NATUSD,A,2017,0.773165,
78,Belgium,BEL,BE,PPP,TOT,NATUSD,A,2018,0.741613,
79,Belgium,BEL,BE,PPP,TOT,NATUSD,A,2019,0.735893,
80,Brazil,BRA,BR,PPP,TOT,NATUSD,A,2000,0.757128,
81,Brazil,BRA,BR,PPP,TOT,NATUSD,A,2001,0.8018149999999999,
82,Brazil,BRA,BR,PPP,TOT,NATUSD,A,2002,0.866669,
83,Brazil,BRA,BR,PPP,TOT,NATUSD,A,2003,0.970764,
84,Brazil,BRA,BR,PPP,TOT,NATUSD,A,2004,1.0185950000000001,
85,Brazil,BRA,BR,PPP,TOT,NATUSD,A,2005,1.061232,
86,Brazil,BRA,BR,PPP,TOT,NATUSD,A,2006,1.09984,
87,Brazil,BRA,BR,PPP,TOT,NATUSD,A,2007,1.140034,
88,Brazil,BRA,BR,PPP,TOT,NATUSD,A,2008,1.216451,
89,Brazil,BRA,BR,PPP,TOT,NATUSD,A,2009,1.29554,
90,Brazil,BRA,BR,PPP,TOT,NATUSD,A,2010,1.388488,
91,Brazil,BRA,BR,PPP,TOT,NATUSD,A,2011,1.473216,
92,Brazil,BRA,BR,PPP,TOT,NATUSD,A,2012,1.605704,
93,Brazil,BRA,BR,PPP,TOT,NATUSD,A,2013,1.7012759999999998,
94,Brazil,BRA,BR,PPP,TOT,NATUSD,A,2014,1.8132009999999998,
95,Brazil,BRA,BR,PPP,TOT,NATUSD,A,2015,1.9888139999999999,
96,Brazil,BRA,BR,PPP,TOT,NATUSD,A,2016,2.133082,
97,Brazil,BRA,BR,PPP,TOT,NATUSD,A,2017,2.181557,
98,Brazil,BRA,BR,PPP,TOT,NATUSD,A,2018,2.199647,
99,Brazil,BRA,BR,PPP,TOT,NATUSD,A,2019,2.247384,
100,Bulgaria,BGR,BG,PPP,TOT,NATUSD,A,2000,0.535798,
101,Bulgaria,BGR,BG,PPP,TOT,NATUSD,A,2001,0.555718,
102,Bulgaria,BGR,BG,PPP,TOT,NATUSD,A,2002,0.558289,
103,Bulgaria,BGR,BG,PPP,TOT,NATUSD,A,2003,0.560405,
104,Bulgaria,BGR,BG,PPP,TOT,NATUSD,A,2004,0.580731,
105,Bulgaria,BGR,BG,PPP,TOT,NATUSD,A,2005,0.5965010000000001,
106,Bulgaria,BGR,BG,PPP,TOT,NATUSD,A,2006,0.619056,
107,Bulgaria,BGR,BG,PPP,TOT,NATUSD,A,2007,0.6572279999999999,
108,Bulgaria,BGR,BG,PPP,TOT,NATUSD,A,2008,0.6776810000000001,
109,Bulgaria,BGR,BG,PPP,TOT,NATUSD,A,2009,0.692688,
110,Bulgaria,BGR,BG,PPP,TOT,NATUSD,A,2010,0.676423,
111,Bulgaria,BGR,BG,PPP,TOT,NATUSD,A,2011,0.701075,
112,Bulgaria,BGR,BG,PPP,TOT,NATUSD,A,2012,0.692817,
113,Bulgaria,BGR,BG,PPP,TOT,NATUSD,A,2013,0.680006,
114,Bulgaria,BGR,BG,PPP,TOT,NATUSD,A,2014,0.661227,
115,Bulgaria,BGR,BG,PPP,TOT,NATUSD,A,2015,0.6787,
116,Bulgaria,BGR,BG,PPP,TOT,NATUSD,A,2016,0.666664,
117,Bulgaria,BGR,BG,PPP,TOT,NATUSD,A,2017,0.674128,
118,Bulgaria,BGR,BG,PPP,TOT,NATUSD,A,2018,0.660982,
119,Bulgaria,BGR,BG,PPP,TOT,NATUSD,A,2019,0.6783170000000001,
120,Canada,CAN,CA,PPP,TOT,NATUSD,A,2000,1.227563,
121,Canada,CAN,CA,PPP,TOT,NATUSD,A,2001,1.221139,
122,Canada,CAN,CA,PPP,TOT,NATUSD,A,2002,1.229333,
123,Canada,CAN,CA,PPP,TOT,NATUSD,A,2003,1.226338,
124,Canada,CAN,CA,PPP,TOT,NATUSD,A,2004,1.233195,
125,Canada,CAN,CA,PPP,TOT,NATUSD,A,2005,1.213644,
126,Canada,CAN,CA,PPP,TOT,NATUSD,A,2006,1.205778,
127,Canada,CAN,CA,PPP,TOT,NATUSD,A,2007,1.2127059999999998,
128,Canada,CAN,CA,PPP,TOT,NATUSD,A,2008,1.2343899999999999,
129,Canada,CAN,CA,PPP,TOT,NATUSD,A,2009,1.2013690000000001,
130,Canada,CAN,CA,PPP,TOT,NATUSD,A,2010,1.221371,
131,Canada,CAN,CA,PPP,TOT,NATUSD,A,2011,1.2399040000000001,
132,Canada,CAN,CA,PPP,TOT,NATUSD,A,2012,1.244607,
133,Canada,CAN,CA,PPP,TOT,NATUSD,A,2013,1.224,
134,Canada,CAN,CA,PPP,TOT,NATUSD,A,2014,1.230358,
135,Canada,CAN,CA,PPP,TOT,NATUSD,A,2015,1.248042,
136,Canada,CAN,CA,PPP,TOT,NATUSD,A,2016,1.2070450000000001,
137,Canada,CAN,CA,PPP,TOT,NATUSD,A,2017,1.2083,
138,Canada,CAN,CA,PPP,TOT,NATUSD,A,2018,1.178077,
139,Canada,CAN,CA,PPP,TOT,NATUSD,A,2019,1.186223,
140,Chile,CHL,CL,PPP,TOT,NATUSD,A,2000,286.579744,
141,Chile,CHL,CL,PPP,TOT,NATUSD,A,2001,291.255853,
142,Chile,CHL,CL,PPP,TOT,NATUSD,A,2002,296.446431,
143,Chile,CHL,CL,PPP,TOT,NATUSD,A,2003,304.367804,
144,Chile,CHL,CL,PPP,TOT,NATUSD,A,2004,319.653393,
145,Chile,CHL,CL,PPP,TOT,NATUSD,A,2005,333.69,
146,Chile,CHL,CL,PPP,TOT,NATUSD,A,2006,318.574722,
147,Chile,CHL,CL,PPP,TOT,NATUSD,A,2007,323.878962,
148,Chile,CHL,CL,PPP,TOT,NATUSD,A,2008,340.40083300000003,
149,Chile,CHL,CL,PPP,TOT,NATUSD,A,2009,354.325885,
150,Chile,CHL,CL,PPP,TOT,NATUSD,A,2010,359.83702,
151,Chile,CHL,CL,PPP,TOT,NATUSD,A,2011,348.01684700000004,
152,Chile,CHL,CL,PPP,TOT,NATUSD,A,2012,347.228507,
153,Chile,CHL,CL,PPP,TOT,NATUSD,A,2013,349.68053599999996,
154,Chile,CHL,CL,PPP,TOT,NATUSD,A,2014,367.213907,
155,Chile,CHL,CL,PPP,TOT,NATUSD,A,2015,391.178861,
156,Chile,CHL,CL,PPP,TOT,NATUSD,A,2016,397.250703,
157,Chile,CHL,CL,PPP,TOT,NATUSD,A,2017,396.448744,
158,Chile,CHL,CL,PPP,TOT,NATUSD,A,2018,400.278054,
159,Chile,CHL,CL,PPP,TOT,NATUSD,A,2019,387.770444,
160,China,CHN,CN,PPP,TOT,NATUSD,A,2000,2.719364,
161,China,CHN,CN,PPP,TOT,NATUSD,A,2001,2.7154689999999997,
162,China,CHN,CN,PPP,TOT,NATUSD,A,2002,2.6892810000000003,
163,China,CHN,CN,PPP,TOT,NATUSD,A,2003,2.70898,
164,China,CHN,CN,PPP,TOT,NATUSD,A,2004,2.821351,
165,China,CHN,CN,PPP,TOT,NATUSD,A,2005,2.8429330000000004,
166,China,CHN,CN,PPP,TOT,NATUSD,A,2006,2.867778,
167,China,CHN,CN,PPP,TOT,NATUSD,A,2007,3.009186,
168,China,CHN,CN,PPP,TOT,NATUSD,A,2008,3.181871,
169,China,CHN,CN,PPP,TOT,NATUSD,A,2009,3.1511810000000002,
170,China,CHN,CN,PPP,TOT,NATUSD,A,2010,3.329232,
171,China,CHN,CN,PPP,TOT,NATUSD,A,2011,3.524468,
172,China,CHN,CN,PPP,TOT,NATUSD,A,2012,3.560968,
173,China,CHN,CN,PPP,TOT,NATUSD,A,2013,3.663645,
174,China,CHN,CN,PPP,TOT,NATUSD,A,2014,3.75885,
175,China,CHN,CN,PPP,TOT,NATUSD,A,2015,3.8706970000000003,
176,China,CHN,CN,PPP,TOT,NATUSD,A,2016,3.988837,
177,China,CHN,CN,PPP,TOT,NATUSD,A,2017,4.183811,
178,China,CHN,CN,PPP,TOT,NATUSD,A,2018,4.227258,
179,China,CHN,CN,PPP,TOT,NATUSD,A,2019,4.212261,
180,Colombia,COL,CO,PPP,TOT,NATUSD,A,2000,739.89333,
181,Colombia,COL,CO,PPP,TOT,NATUSD,A,2001,776.704098,
182,Colombia,COL,CO,PPP,TOT,NATUSD,A,2002,816.223141,
183,Colombia,COL,CO,PPP,TOT,NATUSD,A,2003,876.1833439999999,
184,Colombia,COL,CO,PPP,TOT,NATUSD,A,2004,920.0322880000001,
185,Colombia,COL,CO,PPP,TOT,NATUSD,A,2005,958.2275089999999,
186,Colombia,COL,CO,PPP,TOT,NATUSD,A,2006,984.097249,
187,Colombia,COL,CO,PPP,TOT,NATUSD,A,2007,1008.2068019999999,
188,Colombia,COL,CO,PPP,TOT,NATUSD,A,2008,1064.897073,
189,Colombia,COL,CO,PPP,TOT,NATUSD,A,2009,1099.7927710000001,
190,Colombia,COL,CO,PPP,TOT,NATUSD,A,2010,1128.488601,
191,Colombia,COL,CO,PPP,TOT,NATUSD,A,2011,1175.9973710000002,
192,Colombia,COL,CO,PPP,TOT,NATUSD,A,2012,1211.574122,
193,Colombia,COL,CO,PPP,TOT,NATUSD,A,2013,1214.6885300000001,
194,Colombia,COL,CO,PPP,TOT,NATUSD,A,2014,1228.709202,
195,Colombia,COL,CO,PPP,TOT,NATUSD,A,2015,1284.952129,
196,Colombia,COL,CO,PPP,TOT,NATUSD,A,2016,1293.741161,
197,Colombia,COL,CO,PPP,TOT,NATUSD,A,2017,1323.513894,
198,Colombia,COL,CO,PPP,TOT,NATUSD,A,2018,1318.651531,
199,Colombia,COL,CO,PPP,TOT,NATUSD,A,2019,1317.188166,
200,Costa Rica,CRI,CR,PPP,TOT,NATUSD,A,2000,143.585692,
201,Costa Rica,CRI,CR,PPP,TOT,NATUSD,A,2001,154.215668,
202,Costa Rica,CRI,CR,PPP,TOT,NATUSD,A,2002,166.78476899999998,
203,Costa Rica,CRI,CR,PPP,TOT,NATUSD,A,2003,181.301331,
204,Costa Rica,CRI,CR,PPP,TOT,NATUSD,A,2004,200.286765,
205,Costa Rica,CRI,CR,PPP,TOT,NATUSD,A,2005,219.687456,
206,Costa Rica,CRI,CR,PPP,TOT,NATUSD,A,2006,241.034975,
207,Costa Rica,CRI,CR,PPP,TOT,NATUSD,A,2007,259.458822,
208,Costa Rica,CRI,CR,PPP,TOT,NATUSD,A,2008,283.567287,
209,Costa Rica,CRI,CR,PPP,TOT,NATUSD,A,2009,309.078071,
210,Costa Rica,CRI,CR,PPP,TOT,NATUSD,A,2010,325.593031,
211,Costa Rica,CRI,CR,PPP,TOT,NATUSD,A,2011,333.437065,
212,Costa Rica,CRI,CR,PPP,TOT,NATUSD,A,2012,342.377926,
213,Costa Rica,CRI,CR,PPP,TOT,NATUSD,A,2013,346.290924,
214,Costa Rica,CRI,CR,PPP,TOT,NATUSD,A,2014,351.70423,
215,Costa Rica,CRI,CR,PPP,TOT,NATUSD,A,2015,352.421277,
216,Costa Rica,CRI,CR,PPP,TOT,NATUSD,A,2016,341.518645,
217,Costa Rica,CRI,CR,PPP,TOT,NATUSD,A,2017,339.50572200000005,
218,Costa Rica,CRI,CR,PPP,TOT,NATUSD,A,2018,342.994307,
219,Costa Rica,CRI,CR,PPP,TOT,NATUSD,A,2019,330.795848,
220,Croatia,HRV,HR,PPP,TOT,NATUSD,A,2000,3.785346,
221,Croatia,HRV,HR,PPP,TOT,NATUSD,A,2001,3.872151,
222,Croatia,HRV,HR,PPP,TOT,NATUSD,A,2002,3.879357,
223,Croatia,HRV,HR,PPP,TOT,NATUSD,A,2003,3.9881279999999997,
224,Croatia,HRV,HR,PPP,TOT,NATUSD,A,2004,4.011421,
225,Croatia,HRV,HR,PPP,TOT,NATUSD,A,2005,4.093508,
226,Croatia,HRV,HR,PPP,TOT,NATUSD,A,2006,3.919341,
227,Croatia,HRV,HR,PPP,TOT,NATUSD,A,2007,3.870222,
228,Croatia,HRV,HR,PPP,TOT,NATUSD,A,2008,3.872412,
229,Croatia,HRV,HR,PPP,TOT,NATUSD,A,2009,3.839747,
230,Croatia,HRV,HR,PPP,TOT,NATUSD,A,2010,3.870571,
231,Croatia,HRV,HR,PPP,TOT,NATUSD,A,2011,3.752644,
232,Croatia,HRV,HR,PPP,TOT,NATUSD,A,2012,3.664143,
233,Croatia,HRV,HR,PPP,TOT,NATUSD,A,2013,3.575107,
234,Croatia,HRV,HR,PPP,TOT,NATUSD,A,2014,3.5434669999999997,
235,Croatia,HRV,HR,PPP,TOT,NATUSD,A,2015,3.5123800000000003,
236,Croatia,HRV,HR,PPP,TOT,NATUSD,A,2016,3.3820089999999996,
237,Croatia,HRV,HR,PPP,TOT,NATUSD,A,2017,3.314078,
238,Croatia,HRV,HR,PPP,TOT,NATUSD,A,2018,3.2005529999999998,
239,Croatia,HRV,HR,PPP,TOT,NATUSD,A,2019,3.1773919999999998,
240,Cyprus,CYP,CY,PPP,TOT,NATUSD,A,2000,0.716788,
241,Cyprus,CYP,CY,PPP,TOT,NATUSD,A,2001,0.711527,
242,Cyprus,CYP,CY,PPP,TOT,NATUSD,A,2002,0.710508,
243,Cyprus,CYP,CY,PPP,TOT,NATUSD,A,2003,0.737287,
244,Cyprus,CYP,CY,PPP,TOT,NATUSD,A,2004,0.734251,
245,Cyprus,CYP,CY,PPP,TOT,NATUSD,A,2005,0.722892,
246,Cyprus,CYP,CY,PPP,TOT,NATUSD,A,2006,0.710787,
247,Cyprus,CYP,CY,PPP,TOT,NATUSD,A,2007,0.695076,
248,Cyprus,CYP,CY,PPP,TOT,NATUSD,A,2008,0.693818,
249,Cyprus,CYP,CY,PPP,TOT,NATUSD,A,2009,0.68158,
250,Cyprus,CYP,CY,PPP,TOT,NATUSD,A,2010,0.699607,
251,Cyprus,CYP,CY,PPP,TOT,NATUSD,A,2011,0.698624,
252,Cyprus,CYP,CY,PPP,TOT,NATUSD,A,2012,0.706853,
253,Cyprus,CYP,CY,PPP,TOT,NATUSD,A,2013,0.687315,
254,Cyprus,CYP,CY,PPP,TOT,NATUSD,A,2014,0.679708,
255,Cyprus,CYP,CY,PPP,TOT,NATUSD,A,2015,0.66314,
256,Cyprus,CYP,CY,PPP,TOT,NATUSD,A,2016,0.622328,
257,Cyprus,CYP,CY,PPP,TOT,NATUSD,A,2017,0.613226,
258,Cyprus,CYP,CY,PPP,TOT,NATUSD,A,2018,0.58996,
259,Cyprus,CYP,CY,PPP,TOT,NATUSD,A,2019,0.591075,
260,Czech Republic,CZE,CZ,PPP,TOT,NATUSD,A,2000,14.326189000000001,
261,Czech Republic,CZE,CZ,PPP,TOT,NATUSD,A,2001,14.320106,
262,Czech Republic,CZE,CZ,PPP,TOT,NATUSD,A,2002,14.458321,
263,Czech Republic,CZE,CZ,PPP,TOT,NATUSD,A,2003,14.19064,
264,Czech Republic,CZE,CZ,PPP,TOT,NATUSD,A,2004,14.438092999999999,
265,Czech Republic,CZE,CZ,PPP,TOT,NATUSD,A,2005,14.562493,
266,Czech Republic,CZE,CZ,PPP,TOT,NATUSD,A,2006,14.433857999999999,
267,Czech Republic,CZE,CZ,PPP,TOT,NATUSD,A,2007,14.276106,
268,Czech Republic,CZE,CZ,PPP,TOT,NATUSD,A,2008,13.916713,
269,Czech Republic,CZE,CZ,PPP,TOT,NATUSD,A,2009,13.628403,
270,Czech Republic,CZE,CZ,PPP,TOT,NATUSD,A,2010,13.661572,
271,Czech Republic,CZE,CZ,PPP,TOT,NATUSD,A,2011,13.345304999999998,
272,Czech Republic,CZE,CZ,PPP,TOT,NATUSD,A,2012,13.297699,
273,Czech Republic,CZE,CZ,PPP,TOT,NATUSD,A,2013,12.785271,
274,Czech Republic,CZE,CZ,PPP,TOT,NATUSD,A,2014,12.70321,
275,Czech Republic,CZE,CZ,PPP,TOT,NATUSD,A,2015,12.93798,
276,Czech Republic,CZE,CZ,PPP,TOT,NATUSD,A,2016,12.576343,
277,Czech Republic,CZE,CZ,PPP,TOT,NATUSD,A,2017,12.385437,
278,Czech Republic,CZE,CZ,PPP,TOT,NATUSD,A,2018,11.993455,
279,Czech Republic,CZE,CZ,PPP,TOT,NATUSD,A,2019,12.163287,
280,Denmark,DNK,DK,PPP,TOT,NATUSD,A,2000,8.667529,
281,Denmark,DNK,DK,PPP,TOT,NATUSD,A,2001,8.690645,
282,Denmark,DNK,DK,PPP,TOT,NATUSD,A,2002,8.561606,
283,Denmark,DNK,DK,PPP,TOT,NATUSD,A,2003,8.656778,
284,Denmark,DNK,DK,PPP,TOT,NATUSD,A,2004,8.466842,
285,Denmark,DNK,DK,PPP,TOT,NATUSD,A,2005,8.569438,
286,Denmark,DNK,DK,PPP,TOT,NATUSD,A,2006,8.298208,
287,Denmark,DNK,DK,PPP,TOT,NATUSD,A,2007,8.172364,
288,Denmark,DNK,DK,PPP,TOT,NATUSD,A,2008,7.944128,
289,Denmark,DNK,DK,PPP,TOT,NATUSD,A,2009,7.725447,
290,Denmark,DNK,DK,PPP,TOT,NATUSD,A,2010,7.585045,
291,Denmark,DNK,DK,PPP,TOT,NATUSD,A,2011,7.466492,
292,Denmark,DNK,DK,PPP,TOT,NATUSD,A,2012,7.564136,
293,Denmark,DNK,DK,PPP,TOT,NATUSD,A,2013,7.354846,
294,Denmark,DNK,DK,PPP,TOT,NATUSD,A,2014,7.328674,
295,Denmark,DNK,DK,PPP,TOT,NATUSD,A,2015,7.305357000000001,
296,Denmark,DNK,DK,PPP,TOT,NATUSD,A,2016,7.0798559999999995,
297,Denmark,DNK,DK,PPP,TOT,NATUSD,A,2017,6.849806,
298,Denmark,DNK,DK,PPP,TOT,NATUSD,A,2018,6.562013,
299,Denmark,DNK,DK,PPP,TOT,NATUSD,A,2019,6.463254,
300,Estonia,EST,EE,PPP,TOT,NATUSD,A,2000,0.46871599999999997,
301,Estonia,EST,EE,PPP,TOT,NATUSD,A,2001,0.48780200000000007,
302,Estonia,EST,EE,PPP,TOT,NATUSD,A,2002,0.486245,
303,Estonia,EST,EE,PPP,TOT,NATUSD,A,2003,0.486274,
304,Estonia,EST,EE,PPP,TOT,NATUSD,A,2004,0.494059,
305,Estonia,EST,EE,PPP,TOT,NATUSD,A,2005,0.503328,
306,Estonia,EST,EE,PPP,TOT,NATUSD,A,2006,0.521489,
307,Estonia,EST,EE,PPP,TOT,NATUSD,A,2007,0.551852,
308,Estonia,EST,EE,PPP,TOT,NATUSD,A,2008,0.5450550000000001,
309,Estonia,EST,EE,PPP,TOT,NATUSD,A,2009,0.5167390000000001,
310,Estonia,EST,EE,PPP,TOT,NATUSD,A,2010,0.511706,
311,Estonia,EST,EE,PPP,TOT,NATUSD,A,2011,0.5116,
312,Estonia,EST,EE,PPP,TOT,NATUSD,A,2012,0.521063,
313,Estonia,EST,EE,PPP,TOT,NATUSD,A,2013,0.522424,
314,Estonia,EST,EE,PPP,TOT,NATUSD,A,2014,0.52689,
315,Estonia,EST,EE,PPP,TOT,NATUSD,A,2015,0.5375800000000001,
316,Estonia,EST,EE,PPP,TOT,NATUSD,A,2016,0.527849,
317,Estonia,EST,EE,PPP,TOT,NATUSD,A,2017,0.533205,
318,Estonia,EST,EE,PPP,TOT,NATUSD,A,2018,0.523582,
319,Estonia,EST,EE,PPP,TOT,NATUSD,A,2019,0.5299689999999999,
320,Finland,FIN,FI,PPP,TOT,NATUSD,A,2000,0.9836950000000001,
321,Finland,FIN,FI,PPP,TOT,NATUSD,A,2001,1.002505,
322,Finland,FIN,FI,PPP,TOT,NATUSD,A,2002,0.998133,
323,Finland,FIN,FI,PPP,TOT,NATUSD,A,2003,1.0030350000000001,
324,Finland,FIN,FI,PPP,TOT,NATUSD,A,2004,0.974018,
325,Finland,FIN,FI,PPP,TOT,NATUSD,A,2005,0.979424,
326,Finland,FIN,FI,PPP,TOT,NATUSD,A,2006,0.95414,
327,Finland,FIN,FI,PPP,TOT,NATUSD,A,2007,0.935952,
328,Finland,FIN,FI,PPP,TOT,NATUSD,A,2008,0.912125,
329,Finland,FIN,FI,PPP,TOT,NATUSD,A,2009,0.895842,
330,Finland,FIN,FI,PPP,TOT,NATUSD,A,2010,0.899789,
331,Finland,FIN,FI,PPP,TOT,NATUSD,A,2011,0.898068,
332,Finland,FIN,FI,PPP,TOT,NATUSD,A,2012,0.908495,
333,Finland,FIN,FI,PPP,TOT,NATUSD,A,2013,0.905357,
334,Finland,FIN,FI,PPP,TOT,NATUSD,A,2014,0.9072100000000001,
335,Finland,FIN,FI,PPP,TOT,NATUSD,A,2015,0.907748,
336,Finland,FIN,FI,PPP,TOT,NATUSD,A,2016,0.8808950000000001,
337,Finland,FIN,FI,PPP,TOT,NATUSD,A,2017,0.860908,
338,Finland,FIN,FI,PPP,TOT,NATUSD,A,2018,0.8255290000000001,
339,Finland,FIN,FI,PPP,TOT,NATUSD,A,2019,0.8195450000000001,
340,France,FRA,FR,PPP,TOT,NATUSD,A,2000,0.9299649999999999,
341,France,FRA,FR,PPP,TOT,NATUSD,A,2001,0.9115540000000001,
342,France,FRA,FR,PPP,TOT,NATUSD,A,2002,0.9006780000000001,
343,France,FRA,FR,PPP,TOT,NATUSD,A,2003,0.930853,
344,France,FRA,FR,PPP,TOT,NATUSD,A,2004,0.935902,
345,France,FRA,FR,PPP,TOT,NATUSD,A,2005,0.916458,
346,France,FRA,FR,PPP,TOT,NATUSD,A,2006,0.8958860000000001,
347,France,FRA,FR,PPP,TOT,NATUSD,A,2007,0.8898510000000001,
348,France,FRA,FR,PPP,TOT,NATUSD,A,2008,0.8818739999999999,
349,France,FRA,FR,PPP,TOT,NATUSD,A,2009,0.862331,
350,France,FRA,FR,PPP,TOT,NATUSD,A,2010,0.85398,
351,France,FRA,FR,PPP,TOT,NATUSD,A,2011,0.841361,
352,France,FRA,FR,PPP,TOT,NATUSD,A,2012,0.844301,
353,France,FRA,FR,PPP,TOT,NATUSD,A,2013,0.811643,
354,France,FRA,FR,PPP,TOT,NATUSD,A,2014,0.807565,
355,France,FRA,FR,PPP,TOT,NATUSD,A,2015,0.8086939999999999,
356,France,FRA,FR,PPP,TOT,NATUSD,A,2016,0.780044,
357,France,FRA,FR,PPP,TOT,NATUSD,A,2017,0.7676569999999999,
358,France,FRA,FR,PPP,TOT,NATUSD,A,2018,0.73234,
359,France,FRA,FR,PPP,TOT,NATUSD,A,2019,0.709358,
360,Germany,DEU,DE,PPP,TOT,NATUSD,A,2000,0.942801,
361,Germany,DEU,DE,PPP,TOT,NATUSD,A,2001,0.929565,
362,Germany,DEU,DE,PPP,TOT,NATUSD,A,2002,0.913257,
363,Germany,DEU,DE,PPP,TOT,NATUSD,A,2003,0.896861,
364,Germany,DEU,DE,PPP,TOT,NATUSD,A,2004,0.8757889999999999,
365,Germany,DEU,DE,PPP,TOT,NATUSD,A,2005,0.8727209999999999,
366,Germany,DEU,DE,PPP,TOT,NATUSD,A,2006,0.8487100000000001,
367,Germany,DEU,DE,PPP,TOT,NATUSD,A,2007,0.8383200000000001,
368,Germany,DEU,DE,PPP,TOT,NATUSD,A,2008,0.820401,
369,Germany,DEU,DE,PPP,TOT,NATUSD,A,2009,0.8105100000000001,
370,Germany,DEU,DE,PPP,TOT,NATUSD,A,2010,0.804426,
371,Germany,DEU,DE,PPP,TOT,NATUSD,A,2011,0.7887390000000001,
372,Germany,DEU,DE,PPP,TOT,NATUSD,A,2012,0.787246,
373,Germany,DEU,DE,PPP,TOT,NATUSD,A,2013,0.774784,
374,Germany,DEU,DE,PPP,TOT,NATUSD,A,2014,0.768937,
375,Germany,DEU,DE,PPP,TOT,NATUSD,A,2015,0.778122,
376,Germany,DEU,DE,PPP,TOT,NATUSD,A,2016,0.7526079999999999,
377,Germany,DEU,DE,PPP,TOT,NATUSD,A,2017,0.742412,
378,Germany,DEU,DE,PPP,TOT,NATUSD,A,2018,0.714152,
379,Germany,DEU,DE,PPP,TOT,NATUSD,A,2019,0.721158,
380,Greece,GRC,GR,PPP,TOT,NATUSD,A,2000,0.669482,
381,Greece,GRC,GR,PPP,TOT,NATUSD,A,2001,0.668361,
382,Greece,GRC,GR,PPP,TOT,NATUSD,A,2002,0.662967,
383,Greece,GRC,GR,PPP,TOT,NATUSD,A,2003,0.685789,
384,Greece,GRC,GR,PPP,TOT,NATUSD,A,2004,0.69509,
385,Greece,GRC,GR,PPP,TOT,NATUSD,A,2005,0.708976,
386,Greece,GRC,GR,PPP,TOT,NATUSD,A,2006,0.693383,
387,Greece,GRC,GR,PPP,TOT,NATUSD,A,2007,0.71919,
388,Greece,GRC,GR,PPP,TOT,NATUSD,A,2008,0.707951,
389,Greece,GRC,GR,PPP,TOT,NATUSD,A,2009,0.703914,
390,Greece,GRC,GR,PPP,TOT,NATUSD,A,2010,0.721426,
391,Greece,GRC,GR,PPP,TOT,NATUSD,A,2011,0.713163,
392,Greece,GRC,GR,PPP,TOT,NATUSD,A,2012,0.684663,
393,Greece,GRC,GR,PPP,TOT,NATUSD,A,2013,0.631286,
394,Greece,GRC,GR,PPP,TOT,NATUSD,A,2014,0.611135,
395,Greece,GRC,GR,PPP,TOT,NATUSD,A,2015,0.60907,
396,Greece,GRC,GR,PPP,TOT,NATUSD,A,2016,0.58858,
397,Greece,GRC,GR,PPP,TOT,NATUSD,A,2017,0.5732109999999999,
398,Greece,GRC,GR,PPP,TOT,NATUSD,A,2018,0.5469229999999999,
399,Greece,GRC,GR,PPP,TOT,NATUSD,A,2019,0.538129,
400,Hong Kong,HKG,HK,PPP,TOT,NATUSD,A,2000,7.102746000000001,
401,Hong Kong,HKG,HK,PPP,TOT,NATUSD,A,2001,6.827004,
402,Hong Kong,HKG,HK,PPP,TOT,NATUSD,A,2002,6.492071,
403,Hong Kong,HKG,HK,PPP,TOT,NATUSD,A,2003,5.990789,
404,Hong Kong,HKG,HK,PPP,TOT,NATUSD,A,2004,5.624248000000001,
405,Hong Kong,HKG,HK,PPP,TOT,NATUSD,A,2005,5.446159,
406,Hong Kong,HKG,HK,PPP,TOT,NATUSD,A,2006,5.2579199999999995,
407,Hong Kong,HKG,HK,PPP,TOT,NATUSD,A,2007,5.281026,
408,Hong Kong,HKG,HK,PPP,TOT,NATUSD,A,2008,5.246647,
409,Hong Kong,HKG,HK,PPP,TOT,NATUSD,A,2009,5.187401,
410,Hong Kong,HKG,HK,PPP,TOT,NATUSD,A,2010,5.141533,
411,Hong Kong,HKG,HK,PPP,TOT,NATUSD,A,2011,5.232639,
412,Hong Kong,HKG,HK,PPP,TOT,NATUSD,A,2012,5.454186,
413,Hong Kong,HKG,HK,PPP,TOT,NATUSD,A,2013,5.5474879999999995,
414,Hong Kong,HKG,HK,PPP,TOT,NATUSD,A,2014,5.707185,
415,Hong Kong,HKG,HK,PPP,TOT,NATUSD,A,2015,5.83122,
416,Hong Kong,HKG,HK,PPP,TOT,NATUSD,A,2016,5.931908,
417,Hong Kong,HKG,HK,PPP,TOT,NATUSD,A,2017,6.011433,
418,Hong Kong,HKG,HK,PPP,TOT,NATUSD,A,2018,6.0826459999999996,
419,Hungary,HUN,HU,PPP,TOT,NATUSD,A,2000,110.03873300000001,
420,Hungary,HUN,HU,PPP,TOT,NATUSD,A,2001,114.39074,
421,Hungary,HUN,HU,PPP,TOT,NATUSD,A,2002,118.141282,
422,Hungary,HUN,HU,PPP,TOT,NATUSD,A,2003,122.138071,
423,Hungary,HUN,HU,PPP,TOT,NATUSD,A,2004,128.488476,
424,Hungary,HUN,HU,PPP,TOT,NATUSD,A,2005,130.929945,
425,Hungary,HUN,HU,PPP,TOT,NATUSD,A,2006,131.666648,
426,Hungary,HUN,HU,PPP,TOT,NATUSD,A,2007,134.229736,
427,Hungary,HUN,HU,PPP,TOT,NATUSD,A,2008,131.005355,
428,Hungary,HUN,HU,PPP,TOT,NATUSD,A,2009,127.59636499999999,
429,Hungary,HUN,HU,PPP,TOT,NATUSD,A,2010,126.314168,
430,Hungary,HUN,HU,PPP,TOT,NATUSD,A,2011,124.27183600000001,
431,Hungary,HUN,HU,PPP,TOT,NATUSD,A,2012,125.623608,
432,Hungary,HUN,HU,PPP,TOT,NATUSD,A,2013,124.979432,
433,Hungary,HUN,HU,PPP,TOT,NATUSD,A,2014,129.414974,
434,Hungary,HUN,HU,PPP,TOT,NATUSD,A,2015,132.55351000000002,
435,Hungary,HUN,HU,PPP,TOT,NATUSD,A,2016,132.033797,
436,Hungary,HUN,HU,PPP,TOT,NATUSD,A,2017,135.60351200000002,
437,Hungary,HUN,HU,PPP,TOT,NATUSD,A,2018,135.049605,
438,Hungary,HUN,HU,PPP,TOT,NATUSD,A,2019,139.084533,
439,Iceland,ISL,IS,PPP,TOT,NATUSD,A,2000,84.696713,
440,Iceland,ISL,IS,PPP,TOT,NATUSD,A,2001,88.28279,
441,Iceland,ISL,IS,PPP,TOT,NATUSD,A,2002,91.105413,
442,Iceland,ISL,IS,PPP,TOT,NATUSD,A,2003,92.703742,
443,Iceland,ISL,IS,PPP,TOT,NATUSD,A,2004,93.36410500000001,
444,Iceland,ISL,IS,PPP,TOT,NATUSD,A,2005,95.840665,
445,Iceland,ISL,IS,PPP,TOT,NATUSD,A,2006,101.768885,
446,Iceland,ISL,IS,PPP,TOT,NATUSD,A,2007,107.49131399999999,
447,Iceland,ISL,IS,PPP,TOT,NATUSD,A,2008,114.52700300000001,
448,Iceland,ISL,IS,PPP,TOT,NATUSD,A,2009,121.88620700000001,
449,Iceland,ISL,IS,PPP,TOT,NATUSD,A,2010,132.779525,
450,Iceland,ISL,IS,PPP,TOT,NATUSD,A,2011,135.152004,
451,Iceland,ISL,IS,PPP,TOT,NATUSD,A,2012,136.96767,
452,Iceland,ISL,IS,PPP,TOT,NATUSD,A,2013,137.022617,
453,Iceland,ISL,IS,PPP,TOT,NATUSD,A,2014,138.547869,
454,Iceland,ISL,IS,PPP,TOT,NATUSD,A,2015,141.974926,
455,Iceland,ISL,IS,PPP,TOT,NATUSD,A,2016,140.02995,
456,Iceland,ISL,IS,PPP,TOT,NATUSD,A,2017,137.83703300000002,
457,Iceland,ISL,IS,PPP,TOT,NATUSD,A,2018,134.065521,
458,Iceland,ISL,IS,PPP,TOT,NATUSD,A,2019,136.49684,
459,India,IND,IN,PPP,TOT,NATUSD,A,2000,9.664333000000001,
460,India,IND,IN,PPP,TOT,NATUSD,A,2001,9.761001,
461,India,IND,IN,PPP,TOT,NATUSD,A,2002,9.966049,
462,India,IND,IN,PPP,TOT,NATUSD,A,2003,10.162784,
463,India,IND,IN,PPP,TOT,NATUSD,A,2004,10.46296,
464,India,IND,IN,PPP,TOT,NATUSD,A,2005,10.717338,
465,India,IND,IN,PPP,TOT,NATUSD,A,2006,11.276447000000001,
466,India,IND,IN,PPP,TOT,NATUSD,A,2007,11.744053,
467,India,IND,IN,PPP,TOT,NATUSD,A,2008,12.579117,
468,India,IND,IN,PPP,TOT,NATUSD,A,2009,13.362860999999999,
469,India,IND,IN,PPP,TOT,NATUSD,A,2010,14.599321,
470,India,IND,IN,PPP,TOT,NATUSD,A,2011,15.549548999999999,
471,India,IND,IN,PPP,TOT,NATUSD,A,2012,16.160835000000002,
472,India,IND,IN,PPP,TOT,NATUSD,A,2013,17.342325,
473,India,IND,IN,PPP,TOT,NATUSD,A,2014,18.386549,
474,India,IND,IN,PPP,TOT,NATUSD,A,2015,19.235003,
475,India,IND,IN,PPP,TOT,NATUSD,A,2016,19.898726999999997,
476,India,IND,IN,PPP,TOT,NATUSD,A,2017,20.647793,
477,India,IND,IN,PPP,TOT,NATUSD,A,2018,21.075024,
478,India,IND,IN,PPP,TOT,NATUSD,A,2019,21.275504,
479,Indonesia,IDN,ID,PPP,TOT,NATUSD,A,2000,1385.047058,
480,Indonesia,IDN,ID,PPP,TOT,NATUSD,A,2001,1549.071713,
481,Indonesia,IDN,ID,PPP,TOT,NATUSD,A,2002,1614.862484,
482,Indonesia,IDN,ID,PPP,TOT,NATUSD,A,2003,1672.418515,
483,Indonesia,IDN,ID,PPP,TOT,NATUSD,A,2004,1767.8287559999999,
484,Indonesia,IDN,ID,PPP,TOT,NATUSD,A,2005,1960.1331910000001,
485,Indonesia,IDN,ID,PPP,TOT,NATUSD,A,2006,2170.579301,
486,Indonesia,IDN,ID,PPP,TOT,NATUSD,A,2007,2351.780298,
487,Indonesia,IDN,ID,PPP,TOT,NATUSD,A,2008,2725.605947,
488,Indonesia,IDN,ID,PPP,TOT,NATUSD,A,2009,2928.815268,
489,Indonesia,IDN,ID,PPP,TOT,NATUSD,A,2010,3336.993892,
490,Indonesia,IDN,ID,PPP,TOT,NATUSD,A,2011,3512.7539060000004,
491,Indonesia,IDN,ID,PPP,TOT,NATUSD,A,2012,3569.892578,
492,Indonesia,IDN,ID,PPP,TOT,NATUSD,A,2013,3765.671875,
493,Indonesia,IDN,ID,PPP,TOT,NATUSD,A,2014,4030.774658,
494,Indonesia,IDN,ID,PPP,TOT,NATUSD,A,2015,4353.327147999999,
495,Indonesia,IDN,ID,PPP,TOT,NATUSD,A,2016,4518.104004,
496,Indonesia,IDN,ID,PPP,TOT,NATUSD,A,2017,4695.658691,
497,Indonesia,IDN,ID,PPP,TOT,NATUSD,A,2018,4759.089167,
498,Indonesia,IDN,ID,PPP,TOT,NATUSD,A,2019,4743.337447,
499,Ireland,IRL,IE,PPP,TOT,NATUSD,A,2000,0.9435379999999999,
500,Ireland,IRL,IE,PPP,TOT,NATUSD,A,2001,0.9692120000000001,
501,Ireland,IRL,IE,PPP,TOT,NATUSD,A,2002,0.9819969999999999,
502,Ireland,IRL,IE,PPP,TOT,NATUSD,A,2003,1.0049709999999998,
503,Ireland,IRL,IE,PPP,TOT,NATUSD,A,2004,0.991974,
504,Ireland,IRL,IE,PPP,TOT,NATUSD,A,2005,1.011707,
505,Ireland,IRL,IE,PPP,TOT,NATUSD,A,2006,0.979542,
506,Ireland,IRL,IE,PPP,TOT,NATUSD,A,2007,0.9589559999999999,
507,Ireland,IRL,IE,PPP,TOT,NATUSD,A,2008,0.9444469999999999,
508,Ireland,IRL,IE,PPP,TOT,NATUSD,A,2009,0.9006209999999999,
509,Ireland,IRL,IE,PPP,TOT,NATUSD,A,2010,0.8488540000000001,
510,Ireland,IRL,IE,PPP,TOT,NATUSD,A,2011,0.831513,
511,Ireland,IRL,IE,PPP,TOT,NATUSD,A,2012,0.8230719999999999,
512,Ireland,IRL,IE,PPP,TOT,NATUSD,A,2013,0.811228,
513,Ireland,IRL,IE,PPP,TOT,NATUSD,A,2014,0.819041,
514,Ireland,IRL,IE,PPP,TOT,NATUSD,A,2015,0.809686,
515,Ireland,IRL,IE,PPP,TOT,NATUSD,A,2016,0.794289,
516,Ireland,IRL,IE,PPP,TOT,NATUSD,A,2017,0.791876,
517,Ireland,IRL,IE,PPP,TOT,NATUSD,A,2018,0.76698,
518,Ireland,IRL,IE,PPP,TOT,NATUSD,A,2019,0.783487,
519,Israel,ISR,IL,PPP,TOT,NATUSD,A,2000,3.4416559999999996,
520,Israel,ISR,IL,PPP,TOT,NATUSD,A,2001,3.42743,
521,Israel,ISR,IL,PPP,TOT,NATUSD,A,2002,3.462676,
522,Israel,ISR,IL,PPP,TOT,NATUSD,A,2003,3.628859,
523,Israel,ISR,IL,PPP,TOT,NATUSD,A,2004,3.537657,
524,Israel,ISR,IL,PPP,TOT,NATUSD,A,2005,3.716937,
525,Israel,ISR,IL,PPP,TOT,NATUSD,A,2006,3.7881730000000005,
526,Israel,ISR,IL,PPP,TOT,NATUSD,A,2007,3.725704,
527,Israel,ISR,IL,PPP,TOT,NATUSD,A,2008,3.8672050000000002,
528,Israel,ISR,IL,PPP,TOT,NATUSD,A,2009,3.9650300000000005,
529,Israel,ISR,IL,PPP,TOT,NATUSD,A,2010,3.9813410000000005,
530,Israel,ISR,IL,PPP,TOT,NATUSD,A,2011,3.9447629999999996,
531,Israel,ISR,IL,PPP,TOT,NATUSD,A,2012,3.9553580000000004,
532,Israel,ISR,IL,PPP,TOT,NATUSD,A,2013,3.8395660000000005,
533,Israel,ISR,IL,PPP,TOT,NATUSD,A,2014,3.9403870000000003,
534,Israel,ISR,IL,PPP,TOT,NATUSD,A,2015,3.923925,
535,Israel,ISR,IL,PPP,TOT,NATUSD,A,2016,3.788511,
536,Israel,ISR,IL,PPP,TOT,NATUSD,A,2017,3.739669,
537,Israel,ISR,IL,PPP,TOT,NATUSD,A,2018,3.612219,
538,Israel,ISR,IL,PPP,TOT,NATUSD,A,2019,3.622217,
539,Italy,ITA,IT,PPP,TOT,NATUSD,A,2000,0.8050109999999999,
540,Italy,ITA,IT,PPP,TOT,NATUSD,A,2001,0.816163,
541,Italy,ITA,IT,PPP,TOT,NATUSD,A,2002,0.8234889999999999,
542,Italy,ITA,IT,PPP,TOT,NATUSD,A,2003,0.834324,
543,Italy,ITA,IT,PPP,TOT,NATUSD,A,2004,0.85257,
544,Italy,ITA,IT,PPP,TOT,NATUSD,A,2005,0.855139,
545,Italy,ITA,IT,PPP,TOT,NATUSD,A,2006,0.823944,
546,Italy,ITA,IT,PPP,TOT,NATUSD,A,2007,0.8103640000000001,
547,Italy,ITA,IT,PPP,TOT,NATUSD,A,2008,0.783694,
548,Italy,ITA,IT,PPP,TOT,NATUSD,A,2009,0.770755,
549,Italy,ITA,IT,PPP,TOT,NATUSD,A,2010,0.7725390000000001,
550,Italy,ITA,IT,PPP,TOT,NATUSD,A,2011,0.758687,
551,Italy,ITA,IT,PPP,TOT,NATUSD,A,2012,0.747731,
552,Italy,ITA,IT,PPP,TOT,NATUSD,A,2013,0.7372989999999999,
553,Italy,ITA,IT,PPP,TOT,NATUSD,A,2014,0.739644,
554,Italy,ITA,IT,PPP,TOT,NATUSD,A,2015,0.738694,
555,Italy,ITA,IT,PPP,TOT,NATUSD,A,2016,0.700544,
556,Italy,ITA,IT,PPP,TOT,NATUSD,A,2017,0.687699,
557,Italy,ITA,IT,PPP,TOT,NATUSD,A,2018,0.6591060000000001,
558,Italy,ITA,IT,PPP,TOT,NATUSD,A,2019,0.649176,
559,Japan,JPN,JP,PPP,TOT,NATUSD,A,2000,154.717851,
560,Japan,JPN,JP,PPP,TOT,NATUSD,A,2001,149.724877,
561,Japan,JPN,JP,PPP,TOT,NATUSD,A,2002,143.774205,
562,Japan,JPN,JP,PPP,TOT,NATUSD,A,2003,139.516091,
563,Japan,JPN,JP,PPP,TOT,NATUSD,A,2004,134.363066,
564,Japan,JPN,JP,PPP,TOT,NATUSD,A,2005,129.551955,
565,Japan,JPN,JP,PPP,TOT,NATUSD,A,2006,124.536829,
566,Japan,JPN,JP,PPP,TOT,NATUSD,A,2007,120.394201,
567,Japan,JPN,JP,PPP,TOT,NATUSD,A,2008,116.84581399999999,
568,Japan,JPN,JP,PPP,TOT,NATUSD,A,2009,115.150066,
569,Japan,JPN,JP,PPP,TOT,NATUSD,A,2010,111.666587,
570,Japan,JPN,JP,PPP,TOT,NATUSD,A,2011,107.45428100000001,
571,Japan,JPN,JP,PPP,TOT,NATUSD,A,2012,104.273972,
572,Japan,JPN,JP,PPP,TOT,NATUSD,A,2013,101.302673,
573,Japan,JPN,JP,PPP,TOT,NATUSD,A,2014,103.052076,
574,Japan,JPN,JP,PPP,TOT,NATUSD,A,2015,103.469437,
575,Japan,JPN,JP,PPP,TOT,NATUSD,A,2016,105.519502,
576,Japan,JPN,JP,PPP,TOT,NATUSD,A,2017,104.77731899999999,
577,Japan,JPN,JP,PPP,TOT,NATUSD,A,2018,101.004517,
578,Japan,JPN,JP,PPP,TOT,NATUSD,A,2019,100.641115,
579,Latvia,LVA,LV,PPP,TOT,NATUSD,A,2000,0.360698,
580,Latvia,LVA,LV,PPP,TOT,NATUSD,A,2001,0.353274,
581,Latvia,LVA,LV,PPP,TOT,NATUSD,A,2002,0.360954,
582,Latvia,LVA,LV,PPP,TOT,NATUSD,A,2003,0.378618,
583,Latvia,LVA,LV,PPP,TOT,NATUSD,A,2004,0.399667,
584,Latvia,LVA,LV,PPP,TOT,NATUSD,A,2005,0.438594,
585,Latvia,LVA,LV,PPP,TOT,NATUSD,A,2006,0.489546,
586,Latvia,LVA,LV,PPP,TOT,NATUSD,A,2007,0.566495,
587,Latvia,LVA,LV,PPP,TOT,NATUSD,A,2008,0.575542,
588,Latvia,LVA,LV,PPP,TOT,NATUSD,A,2009,0.5207470000000001,
589,Latvia,LVA,LV,PPP,TOT,NATUSD,A,2010,0.486634,
590,Latvia,LVA,LV,PPP,TOT,NATUSD,A,2011,0.49850600000000006,
591,Latvia,LVA,LV,PPP,TOT,NATUSD,A,2012,0.506203,
592,Latvia,LVA,LV,PPP,TOT,NATUSD,A,2013,0.499271,
593,Latvia,LVA,LV,PPP,TOT,NATUSD,A,2014,0.497558,
594,Latvia,LVA,LV,PPP,TOT,NATUSD,A,2015,0.497569,
595,Latvia,LVA,LV,PPP,TOT,NATUSD,A,2016,0.48453500000000005,
596,Latvia,LVA,LV,PPP,TOT,NATUSD,A,2017,0.482995,
597,Latvia,LVA,LV,PPP,TOT,NATUSD,A,2018,0.475959,
598,Latvia,LVA,LV,PPP,TOT,NATUSD,A,2019,0.482306,
599,Lithuania,LTU,LT,PPP,TOT,NATUSD,A,2000,0.45152700000000007,
600,Lithuania,LTU,LT,PPP,TOT,NATUSD,A,2001,0.432687,
601,Lithuania,LTU,LT,PPP,TOT,NATUSD,A,2002,0.42073,
602,Lithuania,LTU,LT,PPP,TOT,NATUSD,A,2003,0.404409,
603,Lithuania,LTU,LT,PPP,TOT,NATUSD,A,2004,0.41438400000000003,
604,Lithuania,LTU,LT,PPP,TOT,NATUSD,A,2005,0.435163,
605,Lithuania,LTU,LT,PPP,TOT,NATUSD,A,2006,0.44685,
606,Lithuania,LTU,LT,PPP,TOT,NATUSD,A,2007,0.470767,
607,Lithuania,LTU,LT,PPP,TOT,NATUSD,A,2008,0.492829,
608,Lithuania,LTU,LT,PPP,TOT,NATUSD,A,2009,0.46904799999999996,
609,Lithuania,LTU,LT,PPP,TOT,NATUSD,A,2010,0.450033,
610,Lithuania,LTU,LT,PPP,TOT,NATUSD,A,2011,0.451921,
611,Lithuania,LTU,LT,PPP,TOT,NATUSD,A,2012,0.452657,
612,Lithuania,LTU,LT,PPP,TOT,NATUSD,A,2013,0.44334700000000005,
613,Lithuania,LTU,LT,PPP,TOT,NATUSD,A,2014,0.44261999999999996,
614,Lithuania,LTU,LT,PPP,TOT,NATUSD,A,2015,0.445858,
615,Lithuania,LTU,LT,PPP,TOT,NATUSD,A,2016,0.43843999999999994,
616,Lithuania,LTU,LT,PPP,TOT,NATUSD,A,2017,0.44131000000000004,
617,Lithuania,LTU,LT,PPP,TOT,NATUSD,A,2018,0.43308500000000005,
618,Lithuania,LTU,LT,PPP,TOT,NATUSD,A,2019,0.437569,
619,Luxembourg,LUX,LU,PPP,TOT,NATUSD,A,2000,0.9554370000000001,
620,Luxembourg,LUX,LU,PPP,TOT,NATUSD,A,2001,0.963233,
621,Luxembourg,LUX,LU,PPP,TOT,NATUSD,A,2002,0.956996,
622,Luxembourg,LUX,LU,PPP,TOT,NATUSD,A,2003,0.9657100000000001,
623,Luxembourg,LUX,LU,PPP,TOT,NATUSD,A,2004,0.951997,
624,Luxembourg,LUX,LU,PPP,TOT,NATUSD,A,2005,0.946363,
625,Luxembourg,LUX,LU,PPP,TOT,NATUSD,A,2006,0.917918,
626,Luxembourg,LUX,LU,PPP,TOT,NATUSD,A,2007,0.922537,
627,Luxembourg,LUX,LU,PPP,TOT,NATUSD,A,2008,0.9000450000000001,
628,Luxembourg,LUX,LU,PPP,TOT,NATUSD,A,2009,0.902341,
629,Luxembourg,LUX,LU,PPP,TOT,NATUSD,A,2010,0.924932,
630,Luxembourg,LUX,LU,PPP,TOT,NATUSD,A,2011,0.905099,
631,Luxembourg,LUX,LU,PPP,TOT,NATUSD,A,2012,0.90679,
632,Luxembourg,LUX,LU,PPP,TOT,NATUSD,A,2013,0.8952540000000001,
633,Luxembourg,LUX,LU,PPP,TOT,NATUSD,A,2014,0.8841379999999999,
634,Luxembourg,LUX,LU,PPP,TOT,NATUSD,A,2015,0.8812610000000001,
635,Luxembourg,LUX,LU,PPP,TOT,NATUSD,A,2016,0.851894,
636,Luxembourg,LUX,LU,PPP,TOT,NATUSD,A,2017,0.8456100000000001,
637,Luxembourg,LUX,LU,PPP,TOT,NATUSD,A,2018,0.820934,
638,Luxembourg,LUX,LU,PPP,TOT,NATUSD,A,2019,0.8223969999999999,
639,Macedonia,MKD,MK,PPP,TOT,NATUSD,A,2000,19.937646,
640,Macedonia,MKD,MK,PPP,TOT,NATUSD,A,2001,20.492724,
641,Macedonia,MKD,MK,PPP,TOT,NATUSD,A,2002,20.015110999999997,
642,Macedonia,MKD,MK,PPP,TOT,NATUSD,A,2003,20.121247,
643,Macedonia,MKD,MK,PPP,TOT,NATUSD,A,2004,19.277758,
644,Macedonia,MKD,MK,PPP,TOT,NATUSD,A,2005,19.293559,
645,Macedonia,MKD,MK,PPP,TOT,NATUSD,A,2006,18.910817,
646,Macedonia,MKD,MK,PPP,TOT,NATUSD,A,2007,19.537309,
647,Macedonia,MKD,MK,PPP,TOT,NATUSD,A,2008,19.263867,
648,Macedonia,MKD,MK,PPP,TOT,NATUSD,A,2009,18.3506,
649,Macedonia,MKD,MK,PPP,TOT,NATUSD,A,2010,18.716029000000002,
650,Macedonia,MKD,MK,PPP,TOT,NATUSD,A,2011,19.28963,
651,Macedonia,MKD,MK,PPP,TOT,NATUSD,A,2012,19.003518,
652,Macedonia,MKD,MK,PPP,TOT,NATUSD,A,2013,19.105349,
653,Macedonia,MKD,MK,PPP,TOT,NATUSD,A,2014,18.995810000000002,
654,Macedonia,MKD,MK,PPP,TOT,NATUSD,A,2015,19.44068,
655,Macedonia,MKD,MK,PPP,TOT,NATUSD,A,2016,18.958641,
656,Macedonia,MKD,MK,PPP,TOT,NATUSD,A,2017,18.909794,
657,Macedonia,MKD,MK,PPP,TOT,NATUSD,A,2018,18.448802,
658,Macedonia,MKD,MK,PPP,TOT,NATUSD,A,2019,18.274064000000003,
659,Madagascar,MDG,MG,PPP,TOT,NATUSD,A,2000,256.18309500000004,
660,Madagascar,MDG,MG,PPP,TOT,NATUSD,A,2001,268.901967,
661,Madagascar,MDG,MG,PPP,TOT,NATUSD,A,2002,305.152296,
662,Madagascar,MDG,MG,PPP,TOT,NATUSD,A,2003,307.871065,
663,Madagascar,MDG,MG,PPP,TOT,NATUSD,A,2004,342.682618,
664,Madagascar,MDG,MG,PPP,TOT,NATUSD,A,2005,393.213503,
665,Madagascar,MDG,MG,PPP,TOT,NATUSD,A,2006,425.43925099999996,
666,Madagascar,MDG,MG,PPP,TOT,NATUSD,A,2007,527.175242,
667,Madagascar,MDG,MG,PPP,TOT,NATUSD,A,2008,555.829546,
668,Madagascar,MDG,MG,PPP,TOT,NATUSD,A,2009,589.8471599999999,
669,Madagascar,MDG,MG,PPP,TOT,NATUSD,A,2010,642.632653,
670,Madagascar,MDG,MG,PPP,TOT,NATUSD,A,2011,694.862671,
671,Madagascar,MDG,MG,PPP,TOT,NATUSD,A,2012,741.0476070000001,
672,Madagascar,MDG,MG,PPP,TOT,NATUSD,A,2013,776.217163,
673,Madagascar,MDG,MG,PPP,TOT,NATUSD,A,2014,823.655884,
674,Madagascar,MDG,MG,PPP,TOT,NATUSD,A,2015,886.092041,
675,Madagascar,MDG,MG,PPP,TOT,NATUSD,A,2016,940.873291,
676,Madagascar,MDG,MG,PPP,TOT,NATUSD,A,2017,1013.4346310000001,
677,Madagascar,MDG,MG,PPP,TOT,NATUSD,A,2018,1064.3514599999999,
678,Malta,MLT,MT,PPP,TOT,NATUSD,A,2000,0.579803,
679,Malta,MLT,MT,PPP,TOT,NATUSD,A,2001,0.588846,
680,Malta,MLT,MT,PPP,TOT,NATUSD,A,2002,0.5818369999999999,
681,Malta,MLT,MT,PPP,TOT,NATUSD,A,2003,0.57449,
682,Malta,MLT,MT,PPP,TOT,NATUSD,A,2004,0.566729,
683,Malta,MLT,MT,PPP,TOT,NATUSD,A,2005,0.572731,
684,Malta,MLT,MT,PPP,TOT,NATUSD,A,2006,0.572382,
685,Malta,MLT,MT,PPP,TOT,NATUSD,A,2007,0.5687989999999999,
686,Malta,MLT,MT,PPP,TOT,NATUSD,A,2008,0.571554,
687,Malta,MLT,MT,PPP,TOT,NATUSD,A,2009,0.569036,
688,Malta,MLT,MT,PPP,TOT,NATUSD,A,2010,0.572042,
689,Malta,MLT,MT,PPP,TOT,NATUSD,A,2011,0.57415,
690,Malta,MLT,MT,PPP,TOT,NATUSD,A,2012,0.57973,
691,Malta,MLT,MT,PPP,TOT,NATUSD,A,2013,0.577476,
692,Malta,MLT,MT,PPP,TOT,NATUSD,A,2014,0.586357,
693,Malta,MLT,MT,PPP,TOT,NATUSD,A,2015,0.599701,
694,Malta,MLT,MT,PPP,TOT,NATUSD,A,2016,0.583018,
695,Malta,MLT,MT,PPP,TOT,NATUSD,A,2017,0.584558,
696,Malta,MLT,MT,PPP,TOT,NATUSD,A,2018,0.566041,
697,Malta,MLT,MT,PPP,TOT,NATUSD,A,2019,0.5598920000000001,
698,Mexico,MEX,MX,PPP,TOT,NATUSD,A,2000,6.103027,
699,Mexico,MEX,MX,PPP,TOT,NATUSD,A,2001,6.332835,
700,Mexico,MEX,MX,PPP,TOT,NATUSD,A,2002,6.5536970000000005,
701,Mexico,MEX,MX,PPP,TOT,NATUSD,A,2003,6.648072999999999,
702,Mexico,MEX,MX,PPP,TOT,NATUSD,A,2004,6.989209,
703,Mexico,MEX,MX,PPP,TOT,NATUSD,A,2005,7.126861999999999,
704,Mexico,MEX,MX,PPP,TOT,NATUSD,A,2006,7.157871000000001,
705,Mexico,MEX,MX,PPP,TOT,NATUSD,A,2007,7.374153,
706,Mexico,MEX,MX,PPP,TOT,NATUSD,A,2008,7.469532000000001,
707,Mexico,MEX,MX,PPP,TOT,NATUSD,A,2009,7.428653999999999,
708,Mexico,MEX,MX,PPP,TOT,NATUSD,A,2010,7.676842999999999,
709,Mexico,MEX,MX,PPP,TOT,NATUSD,A,2011,7.673013,
710,Mexico,MEX,MX,PPP,TOT,NATUSD,A,2012,7.858708,
711,Mexico,MEX,MX,PPP,TOT,NATUSD,A,2013,7.884359,
712,Mexico,MEX,MX,PPP,TOT,NATUSD,A,2014,8.045318,
713,Mexico,MEX,MX,PPP,TOT,NATUSD,A,2015,8.327595,
714,Mexico,MEX,MX,PPP,TOT,NATUSD,A,2016,8.446043,
715,Mexico,MEX,MX,PPP,TOT,NATUSD,A,2017,8.88443,
716,Mexico,MEX,MX,PPP,TOT,NATUSD,A,2018,9.16075,
717,Mexico,MEX,MX,PPP,TOT,NATUSD,A,2019,9.148021,
718,Morocco,MAR,MA,PPP,TOT,NATUSD,A,2000,3.9630410000000005,
719,Morocco,MAR,MA,PPP,TOT,NATUSD,A,2001,3.9032769999999997,
720,Morocco,MAR,MA,PPP,TOT,NATUSD,A,2002,3.888936,
721,Morocco,MAR,MA,PPP,TOT,NATUSD,A,2003,3.858602,
722,Morocco,MAR,MA,PPP,TOT,NATUSD,A,2004,3.8032550000000005,
723,Morocco,MAR,MA,PPP,TOT,NATUSD,A,2005,3.732276,
724,Morocco,MAR,MA,PPP,TOT,NATUSD,A,2006,3.678727,
725,Morocco,MAR,MA,PPP,TOT,NATUSD,A,2007,3.7112839999999996,
726,Morocco,MAR,MA,PPP,TOT,NATUSD,A,2008,3.805403,
727,Morocco,MAR,MA,PPP,TOT,NATUSD,A,2009,3.782161,
728,Morocco,MAR,MA,PPP,TOT,NATUSD,A,2010,3.775071,
729,Morocco,MAR,MA,PPP,TOT,NATUSD,A,2011,3.672276,
730,Morocco,MAR,MA,PPP,TOT,NATUSD,A,2012,3.757054,
731,Morocco,MAR,MA,PPP,TOT,NATUSD,A,2013,3.8147,
732,Morocco,MAR,MA,PPP,TOT,NATUSD,A,2014,3.970819,
733,Morocco,MAR,MA,PPP,TOT,NATUSD,A,2015,3.9933650000000003,
734,Morocco,MAR,MA,PPP,TOT,NATUSD,A,2016,4.0176110000000005,
735,Morocco,MAR,MA,PPP,TOT,NATUSD,A,2017,4.02344,
736,Morocco,MAR,MA,PPP,TOT,NATUSD,A,2018,3.969633,
737,Netherlands,NLD,NL,PPP,TOT,NATUSD,A,2000,0.8901629999999999,
738,Netherlands,NLD,NL,PPP,TOT,NATUSD,A,2001,0.904694,
739,Netherlands,NLD,NL,PPP,TOT,NATUSD,A,2002,0.900863,
740,Netherlands,NLD,NL,PPP,TOT,NATUSD,A,2003,0.926458,
741,Netherlands,NLD,NL,PPP,TOT,NATUSD,A,2004,0.908546,
742,Netherlands,NLD,NL,PPP,TOT,NATUSD,A,2005,0.8971389999999999,
743,Netherlands,NLD,NL,PPP,TOT,NATUSD,A,2006,0.873084,
744,Netherlands,NLD,NL,PPP,TOT,NATUSD,A,2007,0.861245,
745,Netherlands,NLD,NL,PPP,TOT,NATUSD,A,2008,0.847775,
746,Netherlands,NLD,NL,PPP,TOT,NATUSD,A,2009,0.84772,
747,Netherlands,NLD,NL,PPP,TOT,NATUSD,A,2010,0.8533940000000001,
748,Netherlands,NLD,NL,PPP,TOT,NATUSD,A,2011,0.836065,
749,Netherlands,NLD,NL,PPP,TOT,NATUSD,A,2012,0.824408,
750,Netherlands,NLD,NL,PPP,TOT,NATUSD,A,2013,0.7981659999999999,
751,Netherlands,NLD,NL,PPP,TOT,NATUSD,A,2014,0.8087979999999999,
752,Netherlands,NLD,NL,PPP,TOT,NATUSD,A,2015,0.809978,
753,Netherlands,NLD,NL,PPP,TOT,NATUSD,A,2016,0.7954479999999999,
754,Netherlands,NLD,NL,PPP,TOT,NATUSD,A,2017,0.77966,
755,Netherlands,NLD,NL,PPP,TOT,NATUSD,A,2018,0.752016,
756,Netherlands,NLD,NL,PPP,TOT,NATUSD,A,2019,0.7627689999999999,
757,New Zealand,NZL,NZ,PPP,TOT,NATUSD,A,2000,1.443906,
758,New Zealand,NZL,NZ,PPP,TOT,NATUSD,A,2001,1.4743870000000001,
759,New Zealand,NZL,NZ,PPP,TOT,NATUSD,A,2002,1.468962,
760,New Zealand,NZL,NZ,PPP,TOT,NATUSD,A,2003,1.49747,
761,New Zealand,NZL,NZ,PPP,TOT,NATUSD,A,2004,1.507677,
762,New Zealand,NZL,NZ,PPP,TOT,NATUSD,A,2005,1.535,
763,New Zealand,NZL,NZ,PPP,TOT,NATUSD,A,2006,1.481508,
764,New Zealand,NZL,NZ,PPP,TOT,NATUSD,A,2007,1.505519,
765,New Zealand,NZL,NZ,PPP,TOT,NATUSD,A,2008,1.490709,
766,New Zealand,NZL,NZ,PPP,TOT,NATUSD,A,2009,1.470995,
767,New Zealand,NZL,NZ,PPP,TOT,NATUSD,A,2010,1.496126,
768,New Zealand,NZL,NZ,PPP,TOT,NATUSD,A,2011,1.4859149999999999,
769,New Zealand,NZL,NZ,PPP,TOT,NATUSD,A,2012,1.495622,
770,New Zealand,NZL,NZ,PPP,TOT,NATUSD,A,2013,1.4459790000000001,
771,New Zealand,NZL,NZ,PPP,TOT,NATUSD,A,2014,1.4407299999999998,
772,New Zealand,NZL,NZ,PPP,TOT,NATUSD,A,2015,1.478014,
773,New Zealand,NZL,NZ,PPP,TOT,NATUSD,A,2016,1.441008,
774,New Zealand,NZL,NZ,PPP,TOT,NATUSD,A,2017,1.426552,
775,New Zealand,NZL,NZ,PPP,TOT,NATUSD,A,2018,1.389902,
776,New Zealand,NZL,NZ,PPP,TOT,NATUSD,A,2019,1.407576,
777,Norway,NOR,NO,PPP,TOT,NATUSD,A,2000,9.082606,
778,Norway,NOR,NO,PPP,TOT,NATUSD,A,2001,9.173071,
779,Norway,NOR,NO,PPP,TOT,NATUSD,A,2002,9.05673,
780,Norway,NOR,NO,PPP,TOT,NATUSD,A,2003,9.206974,
781,Norway,NOR,NO,PPP,TOT,NATUSD,A,2004,9.133219,
782,Norway,NOR,NO,PPP,TOT,NATUSD,A,2005,9.005203999999999,
783,Norway,NOR,NO,PPP,TOT,NATUSD,A,2006,8.791878,
784,Norway,NOR,NO,PPP,TOT,NATUSD,A,2007,8.933784,
785,Norway,NOR,NO,PPP,TOT,NATUSD,A,2008,8.859281,
786,Norway,NOR,NO,PPP,TOT,NATUSD,A,2009,9.077231,
787,Norway,NOR,NO,PPP,TOT,NATUSD,A,2010,9.144245,
788,Norway,NOR,NO,PPP,TOT,NATUSD,A,2011,9.082736,
789,Norway,NOR,NO,PPP,TOT,NATUSD,A,2012,9.037085000000001,
790,Norway,NOR,NO,PPP,TOT,NATUSD,A,2013,9.029349,
791,Norway,NOR,NO,PPP,TOT,NATUSD,A,2014,9.278458,
792,Norway,NOR,NO,PPP,TOT,NATUSD,A,2015,9.932516,
793,Norway,NOR,NO,PPP,TOT,NATUSD,A,2016,10.0419,
794,Norway,NOR,NO,PPP,TOT,NATUSD,A,2017,9.718796000000001,
795,Norway,NOR,NO,PPP,TOT,NATUSD,A,2018,9.303837,
796,Norway,NOR,NO,PPP,TOT,NATUSD,A,2019,9.480528,
797,Peru,PER,PE,PPP,TOT,NATUSD,A,2000,1.353251,
798,Peru,PER,PE,PPP,TOT,NATUSD,A,2001,1.330234,
799,Peru,PER,PE,PPP,TOT,NATUSD,A,2002,1.310948,
800,Peru,PER,PE,PPP,TOT,NATUSD,A,2003,1.3102610000000001,
801,Peru,PER,PE,PPP,TOT,NATUSD,A,2004,1.356026,
802,Peru,PER,PE,PPP,TOT,NATUSD,A,2005,1.3611389999999999,
803,Peru,PER,PE,PPP,TOT,NATUSD,A,2006,1.422309,
804,Peru,PER,PE,PPP,TOT,NATUSD,A,2007,1.405748,
805,Peru,PER,PE,PPP,TOT,NATUSD,A,2008,1.39414,
806,Peru,PER,PE,PPP,TOT,NATUSD,A,2009,1.412145,
807,Peru,PER,PE,PPP,TOT,NATUSD,A,2010,1.475595,
808,Peru,PER,PE,PPP,TOT,NATUSD,A,2011,1.542905,
809,Peru,PER,PE,PPP,TOT,NATUSD,A,2012,1.598911,
810,Peru,PER,PE,PPP,TOT,NATUSD,A,2013,1.615967,
811,Peru,PER,PE,PPP,TOT,NATUSD,A,2014,1.64592,
812,Peru,PER,PE,PPP,TOT,NATUSD,A,2015,1.7141389999999999,
813,Peru,PER,PE,PPP,TOT,NATUSD,A,2016,1.743377,
814,Peru,PER,PE,PPP,TOT,NATUSD,A,2017,1.749455,
815,Peru,PER,PE,PPP,TOT,NATUSD,A,2018,1.742287,
816,Poland,POL,PL,PPP,TOT,NATUSD,A,2000,1.832369,
817,Poland,POL,PL,PPP,TOT,NATUSD,A,2001,1.836811,
818,Poland,POL,PL,PPP,TOT,NATUSD,A,2002,1.799795,
819,Poland,POL,PL,PPP,TOT,NATUSD,A,2003,1.806327,
820,Poland,POL,PL,PPP,TOT,NATUSD,A,2004,1.831563,
821,Poland,POL,PL,PPP,TOT,NATUSD,A,2005,1.8675950000000001,
822,Poland,POL,PL,PPP,TOT,NATUSD,A,2006,1.852931,
823,Poland,POL,PL,PPP,TOT,NATUSD,A,2007,1.8561889999999999,
824,Poland,POL,PL,PPP,TOT,NATUSD,A,2008,1.842243,
825,Poland,POL,PL,PPP,TOT,NATUSD,A,2009,1.867782,
826,Poland,POL,PL,PPP,TOT,NATUSD,A,2010,1.803438,
827,Poland,POL,PL,PPP,TOT,NATUSD,A,2011,1.8014240000000001,
828,Poland,POL,PL,PPP,TOT,NATUSD,A,2012,1.796168,
829,Poland,POL,PL,PPP,TOT,NATUSD,A,2013,1.762045,
830,Poland,POL,PL,PPP,TOT,NATUSD,A,2014,1.7671419999999998,
831,Poland,POL,PL,PPP,TOT,NATUSD,A,2015,1.765116,
832,Poland,POL,PL,PPP,TOT,NATUSD,A,2016,1.7328430000000001,
833,Poland,POL,PL,PPP,TOT,NATUSD,A,2017,1.7373319999999999,
834,Poland,POL,PL,PPP,TOT,NATUSD,A,2018,1.693585,
835,Poland,POL,PL,PPP,TOT,NATUSD,A,2019,1.713336,
836,Portugal,PRT,PT,PPP,TOT,NATUSD,A,2000,0.660828,
837,Portugal,PRT,PT,PPP,TOT,NATUSD,A,2001,0.670763,
838,Portugal,PRT,PT,PPP,TOT,NATUSD,A,2002,0.672081,
839,Portugal,PRT,PT,PPP,TOT,NATUSD,A,2003,0.670488,
840,Portugal,PRT,PT,PPP,TOT,NATUSD,A,2004,0.676708,
841,Portugal,PRT,PT,PPP,TOT,NATUSD,A,2005,0.664259,
842,Portugal,PRT,PT,PPP,TOT,NATUSD,A,2006,0.641013,
843,Portugal,PRT,PT,PPP,TOT,NATUSD,A,2007,0.647602,
844,Portugal,PRT,PT,PPP,TOT,NATUSD,A,2008,0.6361479999999999,
845,Portugal,PRT,PT,PPP,TOT,NATUSD,A,2009,0.626868,
846,Portugal,PRT,PT,PPP,TOT,NATUSD,A,2010,0.6226470000000001,
847,Portugal,PRT,PT,PPP,TOT,NATUSD,A,2011,0.6230829999999999,
848,Portugal,PRT,PT,PPP,TOT,NATUSD,A,2012,0.605398,
849,Portugal,PRT,PT,PPP,TOT,NATUSD,A,2013,0.583607,
850,Portugal,PRT,PT,PPP,TOT,NATUSD,A,2014,0.578868,
851,Portugal,PRT,PT,PPP,TOT,NATUSD,A,2015,0.584947,
852,Portugal,PRT,PT,PPP,TOT,NATUSD,A,2016,0.571416,
853,Portugal,PRT,PT,PPP,TOT,NATUSD,A,2017,0.573856,
854,Portugal,PRT,PT,PPP,TOT,NATUSD,A,2018,0.5537,
855,Portugal,PRT,PT,PPP,TOT,NATUSD,A,2019,0.547768,
856,Romania,ROU,RO,PPP,TOT,NATUSD,A,2000,0.6159140000000001,
857,Romania,ROU,RO,PPP,TOT,NATUSD,A,2001,0.813331,
858,Romania,ROU,RO,PPP,TOT,NATUSD,A,2002,0.97835,
859,Romania,ROU,RO,PPP,TOT,NATUSD,A,2003,1.177894,
860,Romania,ROU,RO,PPP,TOT,NATUSD,A,2004,1.269809,
861,Romania,ROU,RO,PPP,TOT,NATUSD,A,2005,1.401281,
862,Romania,ROU,RO,PPP,TOT,NATUSD,A,2006,1.401314,
863,Romania,ROU,RO,PPP,TOT,NATUSD,A,2007,1.489724,
864,Romania,ROU,RO,PPP,TOT,NATUSD,A,2008,1.566236,
865,Romania,ROU,RO,PPP,TOT,NATUSD,A,2009,1.566071,
866,Romania,ROU,RO,PPP,TOT,NATUSD,A,2010,1.536475,
867,Romania,ROU,RO,PPP,TOT,NATUSD,A,2011,1.550043,
868,Romania,ROU,RO,PPP,TOT,NATUSD,A,2012,1.563597,
869,Romania,ROU,RO,PPP,TOT,NATUSD,A,2013,1.606225,
870,Romania,ROU,RO,PPP,TOT,NATUSD,A,2014,1.628363,
871,Romania,ROU,RO,PPP,TOT,NATUSD,A,2015,1.662875,
872,Romania,ROU,RO,PPP,TOT,NATUSD,A,2016,1.596926,
873,Romania,ROU,RO,PPP,TOT,NATUSD,A,2017,1.608435,
874,Romania,ROU,RO,PPP,TOT,NATUSD,A,2018,1.619789,
875,Romania,ROU,RO,PPP,TOT,NATUSD,A,2019,1.64222,
876,Russia,RUS,RU,PPP,TOT,NATUSD,A,2000,7.301404,
877,Russia,RUS,RU,PPP,TOT,NATUSD,A,2001,8.322817,
878,Russia,RUS,RU,PPP,TOT,NATUSD,A,2002,9.273503999999999,
879,Russia,RUS,RU,PPP,TOT,NATUSD,A,2003,9.866787,
880,Russia,RUS,RU,PPP,TOT,NATUSD,A,2004,11.556842999999999,
881,Russia,RUS,RU,PPP,TOT,NATUSD,A,2005,12.736131,
882,Russia,RUS,RU,PPP,TOT,NATUSD,A,2006,12.618288,
883,Russia,RUS,RU,PPP,TOT,NATUSD,A,2007,13.984503,
884,Russia,RUS,RU,PPP,TOT,NATUSD,A,2008,14.341196,
885,Russia,RUS,RU,PPP,TOT,NATUSD,A,2009,14.016913,
886,Russia,RUS,RU,PPP,TOT,NATUSD,A,2010,15.821142000000002,
887,Russia,RUS,RU,PPP,TOT,NATUSD,A,2011,18.443729,
888,Russia,RUS,RU,PPP,TOT,NATUSD,A,2012,19.568260000000002,
889,Russia,RUS,RU,PPP,TOT,NATUSD,A,2013,19.505592,
890,Russia,RUS,RU,PPP,TOT,NATUSD,A,2014,20.998875,
891,Russia,RUS,RU,PPP,TOT,NATUSD,A,2015,23.562632,
892,Russia,RUS,RU,PPP,TOT,NATUSD,A,2016,24.192337,
893,Russia,RUS,RU,PPP,TOT,NATUSD,A,2017,24.0504,
894,Russia,RUS,RU,PPP,TOT,NATUSD,A,2018,24.297159,
895,Russia,RUS,RU,PPP,TOT,NATUSD,A,2019,24.823776000000002,
896,Saudi Arabia,SAU,SA,PPP,TOT,NATUSD,A,2000,0.8623430000000001,
897,Saudi Arabia,SAU,SA,PPP,TOT,NATUSD,A,2001,0.829939,
898,Saudi Arabia,SAU,SA,PPP,TOT,NATUSD,A,2002,0.865684,
899,Saudi Arabia,SAU,SA,PPP,TOT,NATUSD,A,2003,0.869589,
900,Saudi Arabia,SAU,SA,PPP,TOT,NATUSD,A,2004,0.9404170000000001,
901,Saudi Arabia,SAU,SA,PPP,TOT,NATUSD,A,2005,1.095774,
902,Saudi Arabia,SAU,SA,PPP,TOT,NATUSD,A,2006,1.1866700000000001,
903,Saudi Arabia,SAU,SA,PPP,TOT,NATUSD,A,2007,1.253109,
904,Saudi Arabia,SAU,SA,PPP,TOT,NATUSD,A,2008,1.446642,
905,Saudi Arabia,SAU,SA,PPP,TOT,NATUSD,A,2009,1.2101030000000002,
906,Saudi Arabia,SAU,SA,PPP,TOT,NATUSD,A,2010,1.401801,
907,Saudi Arabia,SAU,SA,PPP,TOT,NATUSD,A,2011,1.586354,
908,Saudi Arabia,SAU,SA,PPP,TOT,NATUSD,A,2012,1.6501970000000001,
909,Saudi Arabia,SAU,SA,PPP,TOT,NATUSD,A,2013,1.666466,
910,Saudi Arabia,SAU,SA,PPP,TOT,NATUSD,A,2014,1.646281,
911,Saudi Arabia,SAU,SA,PPP,TOT,NATUSD,A,2015,1.591297,
912,Saudi Arabia,SAU,SA,PPP,TOT,NATUSD,A,2016,1.6389200000000002,
913,Saudi Arabia,SAU,SA,PPP,TOT,NATUSD,A,2017,1.649027,
914,Saudi Arabia,SAU,SA,PPP,TOT,NATUSD,A,2018,1.795077,
915,Saudi Arabia,SAU,SA,PPP,TOT,NATUSD,A,2019,1.7694459999999999,
916,Singapore,SGP,SG,PPP,TOT,NATUSD,A,2000,0.937466,
917,Singapore,SGP,SG,PPP,TOT,NATUSD,A,2001,0.900684,
918,Singapore,SGP,SG,PPP,TOT,NATUSD,A,2002,0.8787799999999999,
919,Singapore,SGP,SG,PPP,TOT,NATUSD,A,2003,0.8473370000000001,
920,Singapore,SGP,SG,PPP,TOT,NATUSD,A,2004,0.858735,
921,Singapore,SGP,SG,PPP,TOT,NATUSD,A,2005,0.8486790000000001,
922,Singapore,SGP,SG,PPP,TOT,NATUSD,A,2006,0.8389540000000001,
923,Singapore,SGP,SG,PPP,TOT,NATUSD,A,2007,0.865344,
924,Singapore,SGP,SG,PPP,TOT,NATUSD,A,2008,0.837067,
925,Singapore,SGP,SG,PPP,TOT,NATUSD,A,2009,0.855332,
926,Singapore,SGP,SG,PPP,TOT,NATUSD,A,2010,0.8548020000000001,
927,Singapore,SGP,SG,PPP,TOT,NATUSD,A,2011,0.8467379999999999,
928,Singapore,SGP,SG,PPP,TOT,NATUSD,A,2012,0.845866,
929,Singapore,SGP,SG,PPP,TOT,NATUSD,A,2013,0.8588020000000001,
930,Singapore,SGP,SG,PPP,TOT,NATUSD,A,2014,0.86406,
931,Singapore,SGP,SG,PPP,TOT,NATUSD,A,2015,0.8796219999999999,
932,Singapore,SGP,SG,PPP,TOT,NATUSD,A,2016,0.878245,
933,Singapore,SGP,SG,PPP,TOT,NATUSD,A,2017,0.8859799999999999,
934,Singapore,SGP,SG,PPP,TOT,NATUSD,A,2018,0.881417,
935,Slovakia,SVK,SK,PPP,TOT,NATUSD,A,2000,0.5162260000000001,
936,Slovakia,SVK,SK,PPP,TOT,NATUSD,A,2001,0.515601,
937,Slovakia,SVK,SK,PPP,TOT,NATUSD,A,2002,0.521518,
938,Slovakia,SVK,SK,PPP,TOT,NATUSD,A,2003,0.544909,
939,Slovakia,SVK,SK,PPP,TOT,NATUSD,A,2004,0.564956,
940,Slovakia,SVK,SK,PPP,TOT,NATUSD,A,2005,0.564715,
941,Slovakia,SVK,SK,PPP,TOT,NATUSD,A,2006,0.555338,
942,Slovakia,SVK,SK,PPP,TOT,NATUSD,A,2007,0.554435,
943,Slovakia,SVK,SK,PPP,TOT,NATUSD,A,2008,0.53743,
944,Slovakia,SVK,SK,PPP,TOT,NATUSD,A,2009,0.515184,
945,Slovakia,SVK,SK,PPP,TOT,NATUSD,A,2010,0.501703,
946,Slovakia,SVK,SK,PPP,TOT,NATUSD,A,2011,0.5064069999999999,
947,Slovakia,SVK,SK,PPP,TOT,NATUSD,A,2012,0.504542,
948,Slovakia,SVK,SK,PPP,TOT,NATUSD,A,2013,0.491124,
949,Slovakia,SVK,SK,PPP,TOT,NATUSD,A,2014,0.485412,
950,Slovakia,SVK,SK,PPP,TOT,NATUSD,A,2015,0.49154799999999993,
951,Slovakia,SVK,SK,PPP,TOT,NATUSD,A,2016,0.5031939999999999,
952,Slovakia,SVK,SK,PPP,TOT,NATUSD,A,2017,0.51479,
953,Slovakia,SVK,SK,PPP,TOT,NATUSD,A,2018,0.504794,
954,Slovakia,SVK,SK,PPP,TOT,NATUSD,A,2019,0.513491,
955,Slovenia,SVN,SI,PPP,TOT,NATUSD,A,2000,0.526349,
956,Slovenia,SVN,SI,PPP,TOT,NATUSD,A,2001,0.560022,
957,Slovenia,SVN,SI,PPP,TOT,NATUSD,A,2002,0.583286,
958,Slovenia,SVN,SI,PPP,TOT,NATUSD,A,2003,0.608518,
959,Slovenia,SVN,SI,PPP,TOT,NATUSD,A,2004,0.608333,
960,Slovenia,SVN,SI,PPP,TOT,NATUSD,A,2005,0.610135,
961,Slovenia,SVN,SI,PPP,TOT,NATUSD,A,2006,0.6105,
962,Slovenia,SVN,SI,PPP,TOT,NATUSD,A,2007,0.631131,
963,Slovenia,SVN,SI,PPP,TOT,NATUSD,A,2008,0.633789,
964,Slovenia,SVN,SI,PPP,TOT,NATUSD,A,2009,0.645,
965,Slovenia,SVN,SI,PPP,TOT,NATUSD,A,2010,0.637413,
966,Slovenia,SVN,SI,PPP,TOT,NATUSD,A,2011,0.62397,
967,Slovenia,SVN,SI,PPP,TOT,NATUSD,A,2012,0.606793,
968,Slovenia,SVN,SI,PPP,TOT,NATUSD,A,2013,0.590407,
969,Slovenia,SVN,SI,PPP,TOT,NATUSD,A,2014,0.591238,
970,Slovenia,SVN,SI,PPP,TOT,NATUSD,A,2015,0.595298,
971,Slovenia,SVN,SI,PPP,TOT,NATUSD,A,2016,0.577106,
972,Slovenia,SVN,SI,PPP,TOT,NATUSD,A,2017,0.568335,
973,Slovenia,SVN,SI,PPP,TOT,NATUSD,A,2018,0.550876,
974,Slovenia,SVN,SI,PPP,TOT,NATUSD,A,2019,0.5462279999999999,
975,South Africa,ZAF,ZA,PPP,TOT,NATUSD,A,2000,2.727774,
976,South Africa,ZAF,ZA,PPP,TOT,NATUSD,A,2001,2.873205,
977,South Africa,ZAF,ZA,PPP,TOT,NATUSD,A,2002,3.1736869999999997,
978,South Africa,ZAF,ZA,PPP,TOT,NATUSD,A,2003,3.2963410000000004,
979,South Africa,ZAF,ZA,PPP,TOT,NATUSD,A,2004,3.419435,
980,South Africa,ZAF,ZA,PPP,TOT,NATUSD,A,2005,3.49684,
981,South Africa,ZAF,ZA,PPP,TOT,NATUSD,A,2006,3.606437,
982,South Africa,ZAF,ZA,PPP,TOT,NATUSD,A,2007,3.822892,
983,South Africa,ZAF,ZA,PPP,TOT,NATUSD,A,2008,4.081128,
984,South Africa,ZAF,ZA,PPP,TOT,NATUSD,A,2009,4.354202,
985,South Africa,ZAF,ZA,PPP,TOT,NATUSD,A,2010,4.577401,
986,South Africa,ZAF,ZA,PPP,TOT,NATUSD,A,2011,4.776628,
987,South Africa,ZAF,ZA,PPP,TOT,NATUSD,A,2012,5.107817,
988,South Africa,ZAF,ZA,PPP,TOT,NATUSD,A,2013,5.295738,
989,South Africa,ZAF,ZA,PPP,TOT,NATUSD,A,2014,5.571891,
990,South Africa,ZAF,ZA,PPP,TOT,NATUSD,A,2015,5.8252559999999995,
991,South Africa,ZAF,ZA,PPP,TOT,NATUSD,A,2016,6.159093,
992,South Africa,ZAF,ZA,PPP,TOT,NATUSD,A,2017,6.426701,
993,South Africa,ZAF,ZA,PPP,TOT,NATUSD,A,2018,6.519588,
994,South Africa,ZAF,ZA,PPP,TOT,NATUSD,A,2019,6.652566,
995,South Korea,KOR,KR,PPP,TOT,NATUSD,A,2000,747.7149559999999,
996,South Korea,KOR,KR,PPP,TOT,NATUSD,A,2001,757.117476,
997,South Korea,KOR,KR,PPP,TOT,NATUSD,A,2002,769.77179,
998,South Korea,KOR,KR,PPP,TOT,NATUSD,A,2003,791.696603,
999,South Korea,KOR,KR,PPP,TOT,NATUSD,A,2004,795.055445,
1000,South Korea,KOR,KR,PPP,TOT,NATUSD,A,2005,788.920135,
1001,South Korea,KOR,KR,PPP,TOT,NATUSD,A,2006,772.4804190000001,
1002,South Korea,KOR,KR,PPP,TOT,NATUSD,A,2007,770.4710259999999,
1003,South Korea,KOR,KR,PPP,TOT,NATUSD,A,2008,785.717886,
1004,South Korea,KOR,KR,PPP,TOT,NATUSD,A,2009,827.8176129999999,
1005,South Korea,KOR,KR,PPP,TOT,NATUSD,A,2010,840.683012,
1006,South Korea,KOR,KR,PPP,TOT,NATUSD,A,2011,854.585723,
1007,South Korea,KOR,KR,PPP,TOT,NATUSD,A,2012,854.887268,
1008,South Korea,KOR,KR,PPP,TOT,NATUSD,A,2013,869.0814220000001,
1009,South Korea,KOR,KR,PPP,TOT,NATUSD,A,2014,871.878106,
1010,South Korea,KOR,KR,PPP,TOT,NATUSD,A,2015,857.4833869999999,
1011,South Korea,KOR,KR,PPP,TOT,NATUSD,A,2016,858.8096869999999,
1012,South Korea,KOR,KR,PPP,TOT,NATUSD,A,2017,869.372342,
1013,South Korea,KOR,KR,PPP,TOT,NATUSD,A,2018,842.106508,
1014,South Korea,KOR,KR,PPP,TOT,NATUSD,A,2019,843.244508,
1015,Spain,ESP,ES,PPP,TOT,NATUSD,A,2000,0.739549,
1016,Spain,ESP,ES,PPP,TOT,NATUSD,A,2001,0.747416,
1017,Spain,ESP,ES,PPP,TOT,NATUSD,A,2002,0.742312,
1018,Spain,ESP,ES,PPP,TOT,NATUSD,A,2003,0.760047,
1019,Spain,ESP,ES,PPP,TOT,NATUSD,A,2004,0.76653,
1020,Spain,ESP,ES,PPP,TOT,NATUSD,A,2005,0.769508,
1021,Spain,ESP,ES,PPP,TOT,NATUSD,A,2006,0.7369829999999999,
1022,Spain,ESP,ES,PPP,TOT,NATUSD,A,2007,0.7333,
1023,Spain,ESP,ES,PPP,TOT,NATUSD,A,2008,0.725862,
1024,Spain,ESP,ES,PPP,TOT,NATUSD,A,2009,0.718152,
1025,Spain,ESP,ES,PPP,TOT,NATUSD,A,2010,0.72637,
1026,Spain,ESP,ES,PPP,TOT,NATUSD,A,2011,0.714129,
1027,Spain,ESP,ES,PPP,TOT,NATUSD,A,2012,0.694976,
1028,Spain,ESP,ES,PPP,TOT,NATUSD,A,2013,0.6748,
1029,Spain,ESP,ES,PPP,TOT,NATUSD,A,2014,0.662359,
1030,Spain,ESP,ES,PPP,TOT,NATUSD,A,2015,0.66474,
1031,Spain,ESP,ES,PPP,TOT,NATUSD,A,2016,0.642644,
1032,Spain,ESP,ES,PPP,TOT,NATUSD,A,2017,0.628831,
1033,Spain,ESP,ES,PPP,TOT,NATUSD,A,2018,0.612611,
1034,Spain,ESP,ES,PPP,TOT,NATUSD,A,2019,0.607903,
1035,Sweden,SWE,SE,PPP,TOT,NATUSD,A,2000,9.160267999999999,
1036,Sweden,SWE,SE,PPP,TOT,NATUSD,A,2001,9.400158,
1037,Sweden,SWE,SE,PPP,TOT,NATUSD,A,2002,9.413655,
1038,Sweden,SWE,SE,PPP,TOT,NATUSD,A,2003,9.495769000000001,
1039,Sweden,SWE,SE,PPP,TOT,NATUSD,A,2004,9.302011,
1040,Sweden,SWE,SE,PPP,TOT,NATUSD,A,2005,9.479182000000002,
1041,Sweden,SWE,SE,PPP,TOT,NATUSD,A,2006,9.123664999999999,
1042,Sweden,SWE,SE,PPP,TOT,NATUSD,A,2007,8.88369,
1043,Sweden,SWE,SE,PPP,TOT,NATUSD,A,2008,8.778986,
1044,Sweden,SWE,SE,PPP,TOT,NATUSD,A,2009,8.914178999999999,
1045,Sweden,SWE,SE,PPP,TOT,NATUSD,A,2010,9.017736,
1046,Sweden,SWE,SE,PPP,TOT,NATUSD,A,2011,8.844042,
1047,Sweden,SWE,SE,PPP,TOT,NATUSD,A,2012,8.654767999999999,
1048,Sweden,SWE,SE,PPP,TOT,NATUSD,A,2013,8.597681,
1049,Sweden,SWE,SE,PPP,TOT,NATUSD,A,2014,8.727131,
1050,Sweden,SWE,SE,PPP,TOT,NATUSD,A,2015,8.854383,
1051,Sweden,SWE,SE,PPP,TOT,NATUSD,A,2016,8.822586,
1052,Sweden,SWE,SE,PPP,TOT,NATUSD,A,2017,8.824069999999999,
1053,Sweden,SWE,SE,PPP,TOT,NATUSD,A,2018,8.589563,
1054,Sweden,SWE,SE,PPP,TOT,NATUSD,A,2019,8.620421,
1055,Switzerland,CHE,CH,PPP,TOT,NATUSD,A,2000,1.788109,
1056,Switzerland,CHE,CH,PPP,TOT,NATUSD,A,2001,1.7683790000000001,
1057,Switzerland,CHE,CH,PPP,TOT,NATUSD,A,2002,1.70976,
1058,Switzerland,CHE,CH,PPP,TOT,NATUSD,A,2003,1.717018,
1059,Switzerland,CHE,CH,PPP,TOT,NATUSD,A,2004,1.693209,
1060,Switzerland,CHE,CH,PPP,TOT,NATUSD,A,2005,1.686548,
1061,Switzerland,CHE,CH,PPP,TOT,NATUSD,A,2006,1.600989,
1062,Switzerland,CHE,CH,PPP,TOT,NATUSD,A,2007,1.533994,
1063,Switzerland,CHE,CH,PPP,TOT,NATUSD,A,2008,1.493049,
1064,Switzerland,CHE,CH,PPP,TOT,NATUSD,A,2009,1.46898,
1065,Switzerland,CHE,CH,PPP,TOT,NATUSD,A,2010,1.464944,
1066,Switzerland,CHE,CH,PPP,TOT,NATUSD,A,2011,1.397498,
1067,Switzerland,CHE,CH,PPP,TOT,NATUSD,A,2012,1.354072,
1068,Switzerland,CHE,CH,PPP,TOT,NATUSD,A,2013,1.3124770000000001,
1069,Switzerland,CHE,CH,PPP,TOT,NATUSD,A,2014,1.2817610000000002,
1070,Switzerland,CHE,CH,PPP,TOT,NATUSD,A,2015,1.2357879999999999,
1071,Switzerland,CHE,CH,PPP,TOT,NATUSD,A,2016,1.201964,
1072,Switzerland,CHE,CH,PPP,TOT,NATUSD,A,2017,1.183945,
1073,Switzerland,CHE,CH,PPP,TOT,NATUSD,A,2018,1.1426209999999999,
1074,Switzerland,CHE,CH,PPP,TOT,NATUSD,A,2019,1.125833,
1075,Turkey,TUR,TR,PPP,TOT,NATUSD,A,2000,0.281508,
1076,Turkey,TUR,TR,PPP,TOT,NATUSD,A,2001,0.414892,
1077,Turkey,TUR,TR,PPP,TOT,NATUSD,A,2002,0.591251,
1078,Turkey,TUR,TR,PPP,TOT,NATUSD,A,2003,0.737306,
1079,Turkey,TUR,TR,PPP,TOT,NATUSD,A,2004,0.79283,
1080,Turkey,TUR,TR,PPP,TOT,NATUSD,A,2005,0.8345889999999999,
1081,Turkey,TUR,TR,PPP,TOT,NATUSD,A,2006,0.842933,
1082,Turkey,TUR,TR,PPP,TOT,NATUSD,A,2007,0.8523440000000001,
1083,Turkey,TUR,TR,PPP,TOT,NATUSD,A,2008,0.8799600000000001,
1084,Turkey,TUR,TR,PPP,TOT,NATUSD,A,2009,0.903963,
1085,Turkey,TUR,TR,PPP,TOT,NATUSD,A,2010,0.919607,
1086,Turkey,TUR,TR,PPP,TOT,NATUSD,A,2011,0.966176,
1087,Turkey,TUR,TR,PPP,TOT,NATUSD,A,2012,1.0198559999999999,
1088,Turkey,TUR,TR,PPP,TOT,NATUSD,A,2013,1.070294,
1089,Turkey,TUR,TR,PPP,TOT,NATUSD,A,2014,1.1045040000000002,
1090,Turkey,TUR,TR,PPP,TOT,NATUSD,A,2015,1.162452,
1091,Turkey,TUR,TR,PPP,TOT,NATUSD,A,2016,1.241052,
1092,Turkey,TUR,TR,PPP,TOT,NATUSD,A,2017,1.379575,
1093,Turkey,TUR,TR,PPP,TOT,NATUSD,A,2018,1.583491,
1094,Turkey,TUR,TR,PPP,TOT,NATUSD,A,2019,1.840625,
1095,United Kingdom,GBR,GB,PPP,TOT,NATUSD,A,2000,0.704306,
1096,United Kingdom,GBR,GB,PPP,TOT,NATUSD,A,2001,0.6943819999999999,
1097,United Kingdom,GBR,GB,PPP,TOT,NATUSD,A,2002,0.6898770000000001,
1098,United Kingdom,GBR,GB,PPP,TOT,NATUSD,A,2003,0.696596,
1099,United Kingdom,GBR,GB,PPP,TOT,NATUSD,A,2004,0.6884100000000001,
1100,United Kingdom,GBR,GB,PPP,TOT,NATUSD,A,2005,0.707619,
1101,United Kingdom,GBR,GB,PPP,TOT,NATUSD,A,2006,0.6974199999999999,
1102,United Kingdom,GBR,GB,PPP,TOT,NATUSD,A,2007,0.7101,
1103,United Kingdom,GBR,GB,PPP,TOT,NATUSD,A,2008,0.701691,
1104,United Kingdom,GBR,GB,PPP,TOT,NATUSD,A,2009,0.709551,
1105,United Kingdom,GBR,GB,PPP,TOT,NATUSD,A,2010,0.701707,
1106,United Kingdom,GBR,GB,PPP,TOT,NATUSD,A,2011,0.706052,
1107,United Kingdom,GBR,GB,PPP,TOT,NATUSD,A,2012,0.701634,
1108,United Kingdom,GBR,GB,PPP,TOT,NATUSD,A,2013,0.695248,
1109,United Kingdom,GBR,GB,PPP,TOT,NATUSD,A,2014,0.698444,
1110,United Kingdom,GBR,GB,PPP,TOT,NATUSD,A,2015,0.692551,
1111,United Kingdom,GBR,GB,PPP,TOT,NATUSD,A,2016,0.688603,
1112,United Kingdom,GBR,GB,PPP,TOT,NATUSD,A,2017,0.682422,
1113,United Kingdom,GBR,GB,PPP,TOT,NATUSD,A,2018,0.662639,
1114,United Kingdom,GBR,GB,PPP,TOT,NATUSD,A,2019,0.664175,
1115,United States,USA,US,PPP,TOT,NATUSD,A,2000,1.0,
1116,United States,USA,US,PPP,TOT,NATUSD,A,2001,1.0,
1117,United States,USA,US,PPP,TOT,NATUSD,A,2002,1.0,
1118,United States,USA,US,PPP,TOT,NATUSD,A,2003,1.0,
1119,United States,USA,US,PPP,TOT,NATUSD,A,2004,1.0,
1120,United States,USA,US,PPP,TOT,NATUSD,A,2005,1.0,
1121,United States,USA,US,PPP,TOT,NATUSD,A,2006,1.0,
1122,United States,USA,US,PPP,TOT,NATUSD,A,2007,1.0,
1123,United States,USA,US,PPP,TOT,NATUSD,A,2008,1.0,
1124,United States,USA,US,PPP,TOT,NATUSD,A,2009,1.0,
1125,United States,USA,US,PPP,TOT,NATUSD,A,2010,1.0,
1126,United States,USA,US,PPP,TOT,NATUSD,A,2011,1.0,
1127,United States,USA,US,PPP,TOT,NATUSD,A,2012,1.0,
1128,United States,USA,US,PPP,TOT,NATUSD,A,2013,1.0,
1129,United States,USA,US,PPP,TOT,NATUSD,A,2014,1.0,
1130,United States,USA,US,PPP,TOT,NATUSD,A,2015,1.0,
1131,United States,USA,US,PPP,TOT,NATUSD,A,2016,1.0,
1132,United States,USA,US,PPP,TOT,NATUSD,A,2017,1.0,
1133,United States,USA,US,PPP,TOT,NATUSD,A,2018,1.0,
1134,United States,USA,US,PPP,TOT,NATUSD,A,2019,1.0,
1135,Zambia,ZMB,ZM,PPP,TOT,NATUSD,A,2000,0.653737,
1136,Zambia,ZMB,ZM,PPP,TOT,NATUSD,A,2001,0.801751,
1137,Zambia,ZMB,ZM,PPP,TOT,NATUSD,A,2002,0.942313,
1138,Zambia,ZMB,ZM,PPP,TOT,NATUSD,A,2003,1.088027,
1139,Zambia,ZMB,ZM,PPP,TOT,NATUSD,A,2004,1.2684030000000002,
1140,Zambia,ZMB,ZM,PPP,TOT,NATUSD,A,2005,1.434898,
1141,Zambia,ZMB,ZM,PPP,TOT,NATUSD,A,2006,1.5952879999999998,
1142,Zambia,ZMB,ZM,PPP,TOT,NATUSD,A,2007,1.755055,
1143,Zambia,ZMB,ZM,PPP,TOT,NATUSD,A,2008,1.9047470000000002,
1144,Zambia,ZMB,ZM,PPP,TOT,NATUSD,A,2009,1.9954330000000002,
1145,Zambia,ZMB,ZM,PPP,TOT,NATUSD,A,2010,2.247623,
1146,Zambia,ZMB,ZM,PPP,TOT,NATUSD,A,2011,2.446346,
1147,Zambia,ZMB,ZM,PPP,TOT,NATUSD,A,2012,2.646239,
1148,Zambia,ZMB,ZM,PPP,TOT,NATUSD,A,2013,2.828945,
1149,Zambia,ZMB,ZM,PPP,TOT,NATUSD,A,2014,3.06475,
1150,Zambia,ZMB,ZM,PPP,TOT,NATUSD,A,2015,3.365914,
1151,Zambia,ZMB,ZM,PPP,TOT,NATUSD,A,2016,3.8776129999999998,
1152,Zambia,ZMB,ZM,PPP,TOT,NATUSD,A,2017,4.19258,
1153,Zambia,ZMB,ZM,PPP,TOT,NATUSD,A,2018,4.4747010000000005,
