,Country,LOCATION,ISO CODE 2 letter,INDICATOR,SUBJECT,MEASURE,FREQUENCY,TIME,Nominal_house_price,Flag Codes
0,Australia,AUS,AU,HOUSECOST,NOMINAL,IDX2015,A,1970,2.552379708,
1,Australia,AUS,AU,HOUSECOST,NOMINAL,IDX2015,A,1971,2.851352119,
2,Australia,AUS,AU,HOUSECOST,NOMINAL,IDX2015,A,1972,3.183667177,
3,Australia,AUS,AU,HOUSECOST,NOMINAL,IDX2015,A,1973,3.837183079,
4,Australia,AUS,AU,HOUSECOST,NOMINAL,IDX2015,A,1974,4.690199158,
5,Australia,AUS,AU,HOUSECOST,NOMINAL,IDX2015,A,1975,5.202008806,
6,Australia,AUS,AU,HOUSECOST,NOMINAL,IDX2015,A,1976,5.793840808,
7,Australia,AUS,AU,HOUSECOST,NOMINAL,IDX2015,A,1977,6.267862121,
8,Australia,AUS,AU,HOUSECOST,NOMINAL,IDX2015,A,1978,6.590174386,
9,Australia,AUS,AU,HOUSECOST,NOMINAL,IDX2015,A,1979,7.4604175,
10,Australia,AUS,AU,HOUSECOST,NOMINAL,IDX2015,A,1980,8.434578533,
11,Australia,AUS,AU,HOUSECOST,NOMINAL,IDX2015,A,1981,9.707711977999999,
12,Australia,AUS,AU,HOUSECOST,NOMINAL,IDX2015,A,1982,10.05503123,
13,Australia,AUS,AU,HOUSECOST,NOMINAL,IDX2015,A,1983,10.6296362,
14,Australia,AUS,AU,HOUSECOST,NOMINAL,IDX2015,A,1984,11.85386709,
15,Australia,AUS,AU,HOUSECOST,NOMINAL,IDX2015,A,1985,13.06198237,
16,Australia,AUS,AU,HOUSECOST,NOMINAL,IDX2015,A,1986,13.97025288,
17,Australia,AUS,AU,HOUSECOST,NOMINAL,IDX2015,A,1987,14.77893221,
18,Australia,AUS,AU,HOUSECOST,NOMINAL,IDX2015,A,1988,18.1088388,
19,Australia,AUS,AU,HOUSECOST,NOMINAL,IDX2015,A,1989,22.58760271,
20,Australia,AUS,AU,HOUSECOST,NOMINAL,IDX2015,A,1990,22.93364407,
21,Australia,AUS,AU,HOUSECOST,NOMINAL,IDX2015,A,1991,23.52883521,
22,Australia,AUS,AU,HOUSECOST,NOMINAL,IDX2015,A,1992,23.88871823,
23,Australia,AUS,AU,HOUSECOST,NOMINAL,IDX2015,A,1993,24.51159268,
24,Australia,AUS,AU,HOUSECOST,NOMINAL,IDX2015,A,1994,25.38954905,
25,Australia,AUS,AU,HOUSECOST,NOMINAL,IDX2015,A,1995,25.69604283,
26,Australia,AUS,AU,HOUSECOST,NOMINAL,IDX2015,A,1996,25.90366764,
27,Australia,AUS,AU,HOUSECOST,NOMINAL,IDX2015,A,1997,26.94179173,
28,Australia,AUS,AU,HOUSECOST,NOMINAL,IDX2015,A,1998,28.92114832,
29,Australia,AUS,AU,HOUSECOST,NOMINAL,IDX2015,A,1999,31.01914766,
30,Australia,AUS,AU,HOUSECOST,NOMINAL,IDX2015,A,2000,33.59567277,
31,Australia,AUS,AU,HOUSECOST,NOMINAL,IDX2015,A,2001,37.3685123,
32,Australia,AUS,AU,HOUSECOST,NOMINAL,IDX2015,A,2002,44.37238946,
33,Australia,AUS,AU,HOUSECOST,NOMINAL,IDX2015,A,2003,52.37565666,
34,Australia,AUS,AU,HOUSECOST,NOMINAL,IDX2015,A,2004,55.647,
35,Australia,AUS,AU,HOUSECOST,NOMINAL,IDX2015,A,2005,56.66475,
36,Australia,AUS,AU,HOUSECOST,NOMINAL,IDX2015,A,2006,60.5795,
37,Australia,AUS,AU,HOUSECOST,NOMINAL,IDX2015,A,2007,66.96025,
38,Australia,AUS,AU,HOUSECOST,NOMINAL,IDX2015,A,2008,69.60275,
39,Australia,AUS,AU,HOUSECOST,NOMINAL,IDX2015,A,2009,72.42125,
40,Australia,AUS,AU,HOUSECOST,NOMINAL,IDX2015,A,2010,80.877,
41,Australia,AUS,AU,HOUSECOST,NOMINAL,IDX2015,A,2011,79.13475,
42,Australia,AUS,AU,HOUSECOST,NOMINAL,IDX2015,A,2012,78.88025,
43,Australia,AUS,AU,HOUSECOST,NOMINAL,IDX2015,A,2013,84.1065,
44,Australia,AUS,AU,HOUSECOST,NOMINAL,IDX2015,A,2014,91.72025,
45,Australia,AUS,AU,HOUSECOST,NOMINAL,IDX2015,A,2015,100.0,
46,Australia,AUS,AU,HOUSECOST,NOMINAL,IDX2015,A,2016,105.5,
47,Australia,AUS,AU,HOUSECOST,NOMINAL,IDX2015,A,2017,114.30825,
48,Australia,AUS,AU,HOUSECOST,NOMINAL,IDX2015,A,2018,112.66375,
49,Australia,AUS,AU,HOUSECOST,NOMINAL,IDX2015,A,2019,108.08375,
50,Austria,AUT,AT,HOUSECOST,NOMINAL,IDX2015,A,2000,58.58386076,
51,Austria,AUT,AT,HOUSECOST,NOMINAL,IDX2015,A,2001,59.08182358,
52,Austria,AUT,AT,HOUSECOST,NOMINAL,IDX2015,A,2002,59.41868078,
53,Austria,AUT,AT,HOUSECOST,NOMINAL,IDX2015,A,2003,59.57978639,
54,Austria,AUT,AT,HOUSECOST,NOMINAL,IDX2015,A,2004,58.43740111,
55,Austria,AUT,AT,HOUSECOST,NOMINAL,IDX2015,A,2005,61.35194818,
56,Austria,AUT,AT,HOUSECOST,NOMINAL,IDX2015,A,2006,63.87105419,
57,Austria,AUT,AT,HOUSECOST,NOMINAL,IDX2015,A,2007,66.85883109,
58,Austria,AUT,AT,HOUSECOST,NOMINAL,IDX2015,A,2008,67.57648339,
59,Austria,AUT,AT,HOUSECOST,NOMINAL,IDX2015,A,2009,70.21275712,
60,Austria,AUT,AT,HOUSECOST,NOMINAL,IDX2015,A,2010,76.7975,
61,Austria,AUT,AT,HOUSECOST,NOMINAL,IDX2015,A,2011,81.5975,
62,Austria,AUT,AT,HOUSECOST,NOMINAL,IDX2015,A,2012,87.57,
63,Austria,AUT,AT,HOUSECOST,NOMINAL,IDX2015,A,2013,92.1,
64,Austria,AUT,AT,HOUSECOST,NOMINAL,IDX2015,A,2014,95.33,
65,Austria,AUT,AT,HOUSECOST,NOMINAL,IDX2015,A,2015,100.0,
66,Austria,AUT,AT,HOUSECOST,NOMINAL,IDX2015,A,2016,108.5325,
67,Austria,AUT,AT,HOUSECOST,NOMINAL,IDX2015,A,2017,114.26,
68,Austria,AUT,AT,HOUSECOST,NOMINAL,IDX2015,A,2018,119.64,
69,Austria,AUT,AT,HOUSECOST,NOMINAL,IDX2015,A,2019,126.6,
70,Belgium,BEL,BE,HOUSECOST,NOMINAL,IDX2015,A,1970,7.735564275,
71,Belgium,BEL,BE,HOUSECOST,NOMINAL,IDX2015,A,1971,7.676965801000001,
72,Belgium,BEL,BE,HOUSECOST,NOMINAL,IDX2015,A,1972,8.350879682,
73,Belgium,BEL,BE,HOUSECOST,NOMINAL,IDX2015,A,1973,9.523478733,
74,Belgium,BEL,BE,HOUSECOST,NOMINAL,IDX2015,A,1974,10.95511279,
75,Belgium,BEL,BE,HOUSECOST,NOMINAL,IDX2015,A,1975,12.64854182,
76,Belgium,BEL,BE,HOUSECOST,NOMINAL,IDX2015,A,1976,15.326905800000002,
77,Belgium,BEL,BE,HOUSECOST,NOMINAL,IDX2015,A,1977,17.8459959,
78,Belgium,BEL,BE,HOUSECOST,NOMINAL,IDX2015,A,1978,19.93120203,
79,Belgium,BEL,BE,HOUSECOST,NOMINAL,IDX2015,A,1979,21.60998519,
80,Belgium,BEL,BE,HOUSECOST,NOMINAL,IDX2015,A,1980,21.77841273,
81,Belgium,BEL,BE,HOUSECOST,NOMINAL,IDX2015,A,1981,20.59758924,
82,Belgium,BEL,BE,HOUSECOST,NOMINAL,IDX2015,A,1982,19.84515753,
83,Belgium,BEL,BE,HOUSECOST,NOMINAL,IDX2015,A,1983,19.52294833,
84,Belgium,BEL,BE,HOUSECOST,NOMINAL,IDX2015,A,1984,19.91838689,
85,Belgium,BEL,BE,HOUSECOST,NOMINAL,IDX2015,A,1985,20.21130435,
86,Belgium,BEL,BE,HOUSECOST,NOMINAL,IDX2015,A,1986,21.15596314,
87,Belgium,BEL,BE,HOUSECOST,NOMINAL,IDX2015,A,1987,22.50887563,
88,Belgium,BEL,BE,HOUSECOST,NOMINAL,IDX2015,A,1988,24.32130238,
89,Belgium,BEL,BE,HOUSECOST,NOMINAL,IDX2015,A,1989,27.69351457,
90,Belgium,BEL,BE,HOUSECOST,NOMINAL,IDX2015,A,1990,30.62635058,
91,Belgium,BEL,BE,HOUSECOST,NOMINAL,IDX2015,A,1991,31.92983325,
92,Belgium,BEL,BE,HOUSECOST,NOMINAL,IDX2015,A,1992,34.05714627,
93,Belgium,BEL,BE,HOUSECOST,NOMINAL,IDX2015,A,1993,35.86774228,
94,Belgium,BEL,BE,HOUSECOST,NOMINAL,IDX2015,A,1994,38.16531356,
95,Belgium,BEL,BE,HOUSECOST,NOMINAL,IDX2015,A,1995,39.88986508,
96,Belgium,BEL,BE,HOUSECOST,NOMINAL,IDX2015,A,1996,40.7558023,
97,Belgium,BEL,BE,HOUSECOST,NOMINAL,IDX2015,A,1997,41.73707577,
98,Belgium,BEL,BE,HOUSECOST,NOMINAL,IDX2015,A,1998,44.386148,
99,Belgium,BEL,BE,HOUSECOST,NOMINAL,IDX2015,A,1999,47.54050284,
100,Belgium,BEL,BE,HOUSECOST,NOMINAL,IDX2015,A,2000,50.11451497,
101,Belgium,BEL,BE,HOUSECOST,NOMINAL,IDX2015,A,2001,52.54206837,
102,Belgium,BEL,BE,HOUSECOST,NOMINAL,IDX2015,A,2002,55.90512689,
103,Belgium,BEL,BE,HOUSECOST,NOMINAL,IDX2015,A,2003,59.76065288,
104,Belgium,BEL,BE,HOUSECOST,NOMINAL,IDX2015,A,2004,64.95261476,
105,Belgium,BEL,BE,HOUSECOST,NOMINAL,IDX2015,A,2005,72.53625,
106,Belgium,BEL,BE,HOUSECOST,NOMINAL,IDX2015,A,2006,79.61525,
107,Belgium,BEL,BE,HOUSECOST,NOMINAL,IDX2015,A,2007,85.81875,
108,Belgium,BEL,BE,HOUSECOST,NOMINAL,IDX2015,A,2008,89.60525,
109,Belgium,BEL,BE,HOUSECOST,NOMINAL,IDX2015,A,2009,89.18299999999999,
110,Belgium,BEL,BE,HOUSECOST,NOMINAL,IDX2015,A,2010,91.9775,
111,Belgium,BEL,BE,HOUSECOST,NOMINAL,IDX2015,A,2011,95.67575,
112,Belgium,BEL,BE,HOUSECOST,NOMINAL,IDX2015,A,2012,97.8135,
113,Belgium,BEL,BE,HOUSECOST,NOMINAL,IDX2015,A,2013,98.962,
114,Belgium,BEL,BE,HOUSECOST,NOMINAL,IDX2015,A,2014,98.417,
115,Belgium,BEL,BE,HOUSECOST,NOMINAL,IDX2015,A,2015,100.0,
116,Belgium,BEL,BE,HOUSECOST,NOMINAL,IDX2015,A,2016,102.6405,
117,Belgium,BEL,BE,HOUSECOST,NOMINAL,IDX2015,A,2017,106.37275,
118,Belgium,BEL,BE,HOUSECOST,NOMINAL,IDX2015,A,2018,109.41525,
119,Belgium,BEL,BE,HOUSECOST,NOMINAL,IDX2015,A,2019,113.77875,
120,Brazil,BRA,BR,HOUSECOST,NOMINAL,IDX2015,A,2008,93.93863944,
121,Brazil,BRA,BR,HOUSECOST,NOMINAL,IDX2015,A,2009,94.80454809999999,
122,Brazil,BRA,BR,HOUSECOST,NOMINAL,IDX2015,A,2010,95.67006153,
123,Brazil,BRA,BR,HOUSECOST,NOMINAL,IDX2015,A,2011,96.53557497,
124,Brazil,BRA,BR,HOUSECOST,NOMINAL,IDX2015,A,2012,97.40306447,
125,Brazil,BRA,BR,HOUSECOST,NOMINAL,IDX2015,A,2013,98.26897312,
126,Brazil,BRA,BR,HOUSECOST,NOMINAL,IDX2015,A,2014,99.13448656,
127,Brazil,BRA,BR,HOUSECOST,NOMINAL,IDX2015,A,2015,100.0,
128,Brazil,BRA,BR,HOUSECOST,NOMINAL,IDX2015,A,2016,100.8674895,
129,Brazil,BRA,BR,HOUSECOST,NOMINAL,IDX2015,A,2017,101.73339809999999,
130,Brazil,BRA,BR,HOUSECOST,NOMINAL,IDX2015,A,2018,102.5989116,
131,Brazil,BRA,BR,HOUSECOST,NOMINAL,IDX2015,A,2019,103.464425,
132,Brazil,BRA,BR,HOUSECOST,NOMINAL,IDX2015,A,2020,104.3319145,
133,Bulgaria,BGR,BG,HOUSECOST,NOMINAL,IDX2015,A,2005,80.085,
134,Bulgaria,BGR,BG,HOUSECOST,NOMINAL,IDX2015,A,2006,91.8575,
135,Bulgaria,BGR,BG,HOUSECOST,NOMINAL,IDX2015,A,2007,118.42,
136,Bulgaria,BGR,BG,HOUSECOST,NOMINAL,IDX2015,A,2008,147.9725,
137,Bulgaria,BGR,BG,HOUSECOST,NOMINAL,IDX2015,A,2009,117.785,
138,Bulgaria,BGR,BG,HOUSECOST,NOMINAL,IDX2015,A,2010,105.8075,
139,Bulgaria,BGR,BG,HOUSECOST,NOMINAL,IDX2015,A,2011,99.975,
140,Bulgaria,BGR,BG,HOUSECOST,NOMINAL,IDX2015,A,2012,98.0725,
141,Bulgaria,BGR,BG,HOUSECOST,NOMINAL,IDX2015,A,2013,95.915,
142,Bulgaria,BGR,BG,HOUSECOST,NOMINAL,IDX2015,A,2014,97.29,
143,Bulgaria,BGR,BG,HOUSECOST,NOMINAL,IDX2015,A,2015,100.0,
144,Bulgaria,BGR,BG,HOUSECOST,NOMINAL,IDX2015,A,2016,107.02,
145,Bulgaria,BGR,BG,HOUSECOST,NOMINAL,IDX2015,A,2017,116.295,
146,Bulgaria,BGR,BG,HOUSECOST,NOMINAL,IDX2015,A,2018,123.955,
147,Bulgaria,BGR,BG,HOUSECOST,NOMINAL,IDX2015,A,2019,131.4175,
148,Canada,CAN,CA,HOUSECOST,NOMINAL,IDX2015,A,1970,5.4313831210000005,
149,Canada,CAN,CA,HOUSECOST,NOMINAL,IDX2015,A,1971,5.724224734,
150,Canada,CAN,CA,HOUSECOST,NOMINAL,IDX2015,A,1972,6.193876378,
151,Canada,CAN,CA,HOUSECOST,NOMINAL,IDX2015,A,1973,7.497850352,
152,Canada,CAN,CA,HOUSECOST,NOMINAL,IDX2015,A,1974,9.558792269,
153,Canada,CAN,CA,HOUSECOST,NOMINAL,IDX2015,A,1975,10.66938027,
154,Canada,CAN,CA,HOUSECOST,NOMINAL,IDX2015,A,1976,11.95677831,
155,Canada,CAN,CA,HOUSECOST,NOMINAL,IDX2015,A,1977,12.54246153,
156,Canada,CAN,CA,HOUSECOST,NOMINAL,IDX2015,A,1978,13.17787258,
157,Canada,CAN,CA,HOUSECOST,NOMINAL,IDX2015,A,1979,14.54815032,
158,Canada,CAN,CA,HOUSECOST,NOMINAL,IDX2015,A,1980,16.41078051,
159,Canada,CAN,CA,HOUSECOST,NOMINAL,IDX2015,A,1981,18.80387403,
160,Canada,CAN,CA,HOUSECOST,NOMINAL,IDX2015,A,1982,17.76597229,
161,Canada,CAN,CA,HOUSECOST,NOMINAL,IDX2015,A,1983,18.77468547,
162,Canada,CAN,CA,HOUSECOST,NOMINAL,IDX2015,A,1984,18.66983575,
163,Canada,CAN,CA,HOUSECOST,NOMINAL,IDX2015,A,1985,19.67496939,
164,Canada,CAN,CA,HOUSECOST,NOMINAL,IDX2015,A,1986,22.8821107,
165,Canada,CAN,CA,HOUSECOST,NOMINAL,IDX2015,A,1987,26.56533026,
166,Canada,CAN,CA,HOUSECOST,NOMINAL,IDX2015,A,1988,31.21134266,
167,Canada,CAN,CA,HOUSECOST,NOMINAL,IDX2015,A,1989,35.26045214,
168,Canada,CAN,CA,HOUSECOST,NOMINAL,IDX2015,A,1990,34.2707821,
169,Canada,CAN,CA,HOUSECOST,NOMINAL,IDX2015,A,1991,35.77516893,
170,Canada,CAN,CA,HOUSECOST,NOMINAL,IDX2015,A,1992,36.71497092,
171,Canada,CAN,CA,HOUSECOST,NOMINAL,IDX2015,A,1993,37.51013922,
172,Canada,CAN,CA,HOUSECOST,NOMINAL,IDX2015,A,1994,38.78208123,
173,Canada,CAN,CA,HOUSECOST,NOMINAL,IDX2015,A,1995,36.97697249,
174,Canada,CAN,CA,HOUSECOST,NOMINAL,IDX2015,A,1996,36.96754297,
175,Canada,CAN,CA,HOUSECOST,NOMINAL,IDX2015,A,1997,37.88492684,
176,Canada,CAN,CA,HOUSECOST,NOMINAL,IDX2015,A,1998,37.39418272,
177,Canada,CAN,CA,HOUSECOST,NOMINAL,IDX2015,A,1999,38.42494461,
178,Canada,CAN,CA,HOUSECOST,NOMINAL,IDX2015,A,2000,40.06742564,
179,Canada,CAN,CA,HOUSECOST,NOMINAL,IDX2015,A,2001,41.96167384,
180,Canada,CAN,CA,HOUSECOST,NOMINAL,IDX2015,A,2002,45.34398588,
181,Canada,CAN,CA,HOUSECOST,NOMINAL,IDX2015,A,2003,49.12528893,
182,Canada,CAN,CA,HOUSECOST,NOMINAL,IDX2015,A,2004,53.15883871,
183,Canada,CAN,CA,HOUSECOST,NOMINAL,IDX2015,A,2005,57.40722979,
184,Canada,CAN,CA,HOUSECOST,NOMINAL,IDX2015,A,2006,64.12245955,
185,Canada,CAN,CA,HOUSECOST,NOMINAL,IDX2015,A,2007,71.53208713,
186,Canada,CAN,CA,HOUSECOST,NOMINAL,IDX2015,A,2008,75.43711576,
187,Canada,CAN,CA,HOUSECOST,NOMINAL,IDX2015,A,2009,73.33378092,
188,Canada,CAN,CA,HOUSECOST,NOMINAL,IDX2015,A,2010,79.86294275,
189,Canada,CAN,CA,HOUSECOST,NOMINAL,IDX2015,A,2011,83.82935461,
190,Canada,CAN,CA,HOUSECOST,NOMINAL,IDX2015,A,2012,87.86434306,
191,Canada,CAN,CA,HOUSECOST,NOMINAL,IDX2015,A,2013,90.12497243,
192,Canada,CAN,CA,HOUSECOST,NOMINAL,IDX2015,A,2014,94.88409119,
193,Canada,CAN,CA,HOUSECOST,NOMINAL,IDX2015,A,2015,100.0,
194,Canada,CAN,CA,HOUSECOST,NOMINAL,IDX2015,A,2016,109.9479202,
195,Canada,CAN,CA,HOUSECOST,NOMINAL,IDX2015,A,2017,123.25897009999998,
196,Canada,CAN,CA,HOUSECOST,NOMINAL,IDX2015,A,2018,128.2430009,
197,Canada,CAN,CA,HOUSECOST,NOMINAL,IDX2015,A,2019,129.7440127,
198,Chile,CHL,CL,HOUSECOST,NOMINAL,IDX2015,A,2002,51.3045,
199,Chile,CHL,CL,HOUSECOST,NOMINAL,IDX2015,A,2003,52.67225,
200,Chile,CHL,CL,HOUSECOST,NOMINAL,IDX2015,A,2004,55.735,
201,Chile,CHL,CL,HOUSECOST,NOMINAL,IDX2015,A,2005,57.83725,
202,Chile,CHL,CL,HOUSECOST,NOMINAL,IDX2015,A,2006,59.358999999999995,
203,Chile,CHL,CL,HOUSECOST,NOMINAL,IDX2015,A,2007,62.037,
204,Chile,CHL,CL,HOUSECOST,NOMINAL,IDX2015,A,2008,62.71075,
205,Chile,CHL,CL,HOUSECOST,NOMINAL,IDX2015,A,2009,64.1765,
206,Chile,CHL,CL,HOUSECOST,NOMINAL,IDX2015,A,2010,68.252,
207,Chile,CHL,CL,HOUSECOST,NOMINAL,IDX2015,A,2011,73.8965,
208,Chile,CHL,CL,HOUSECOST,NOMINAL,IDX2015,A,2012,78.4865,
209,Chile,CHL,CL,HOUSECOST,NOMINAL,IDX2015,A,2013,84.47175,
210,Chile,CHL,CL,HOUSECOST,NOMINAL,IDX2015,A,2014,90.84725,
211,Chile,CHL,CL,HOUSECOST,NOMINAL,IDX2015,A,2015,100.0,
212,Chile,CHL,CL,HOUSECOST,NOMINAL,IDX2015,A,2016,102.87299999999999,
213,Chile,CHL,CL,HOUSECOST,NOMINAL,IDX2015,A,2017,109.32925,
214,Chile,CHL,CL,HOUSECOST,NOMINAL,IDX2015,A,2018,116.81625,
215,Chile,CHL,CL,HOUSECOST,NOMINAL,IDX2015,A,2019,122.46675,
216,China,CHN,CN,HOUSECOST,NOMINAL,IDX2015,A,2010,85.12568981,
217,China,CHN,CN,HOUSECOST,NOMINAL,IDX2015,A,2011,90.76751687,
218,China,CHN,CN,HOUSECOST,NOMINAL,IDX2015,A,2012,90.00638818,
219,China,CHN,CN,HOUSECOST,NOMINAL,IDX2015,A,2013,96.49117340000001,
220,China,CHN,CN,HOUSECOST,NOMINAL,IDX2015,A,2014,101.13195490000001,
221,China,CHN,CN,HOUSECOST,NOMINAL,IDX2015,A,2015,100.0,
222,China,CHN,CN,HOUSECOST,NOMINAL,IDX2015,A,2016,112.229476,
223,China,CHN,CN,HOUSECOST,NOMINAL,IDX2015,A,2017,126.9892959,
224,China,CHN,CN,HOUSECOST,NOMINAL,IDX2015,A,2018,134.26792980000002,
225,China,CHN,CN,HOUSECOST,NOMINAL,IDX2015,A,2019,139.50312399999999,
226,China,CHN,CN,HOUSECOST,NOMINAL,IDX2015,A,2020,144.5770555,
227,Colombia,COL,CO,HOUSECOST,NOMINAL,IDX2015,A,1988,3.623,
228,Colombia,COL,CO,HOUSECOST,NOMINAL,IDX2015,A,1989,4.83025,
229,Colombia,COL,CO,HOUSECOST,NOMINAL,IDX2015,A,1990,6.11325,
230,Colombia,COL,CO,HOUSECOST,NOMINAL,IDX2015,A,1991,7.38725,
231,Colombia,COL,CO,HOUSECOST,NOMINAL,IDX2015,A,1992,8.82025,
232,Colombia,COL,CO,HOUSECOST,NOMINAL,IDX2015,A,1993,10.9485,
233,Colombia,COL,CO,HOUSECOST,NOMINAL,IDX2015,A,1994,14.54425,
234,Colombia,COL,CO,HOUSECOST,NOMINAL,IDX2015,A,1995,18.861,
235,Colombia,COL,CO,HOUSECOST,NOMINAL,IDX2015,A,1996,22.35725,
236,Colombia,COL,CO,HOUSECOST,NOMINAL,IDX2015,A,1997,24.73575,
237,Colombia,COL,CO,HOUSECOST,NOMINAL,IDX2015,A,1998,27.694000000000003,
238,Colombia,COL,CO,HOUSECOST,NOMINAL,IDX2015,A,1999,27.1605,
239,Colombia,COL,CO,HOUSECOST,NOMINAL,IDX2015,A,2000,27.73025,
240,Colombia,COL,CO,HOUSECOST,NOMINAL,IDX2015,A,2001,29.09575,
241,Colombia,COL,CO,HOUSECOST,NOMINAL,IDX2015,A,2002,29.191999999999997,
242,Colombia,COL,CO,HOUSECOST,NOMINAL,IDX2015,A,2003,29.962,
243,Colombia,COL,CO,HOUSECOST,NOMINAL,IDX2015,A,2004,32.83975,
244,Colombia,COL,CO,HOUSECOST,NOMINAL,IDX2015,A,2005,35.607,
245,Colombia,COL,CO,HOUSECOST,NOMINAL,IDX2015,A,2006,40.262,
246,Colombia,COL,CO,HOUSECOST,NOMINAL,IDX2015,A,2007,47.13125,
247,Colombia,COL,CO,HOUSECOST,NOMINAL,IDX2015,A,2008,54.8235,
248,Colombia,COL,CO,HOUSECOST,NOMINAL,IDX2015,A,2009,60.153,
249,Colombia,COL,CO,HOUSECOST,NOMINAL,IDX2015,A,2010,64.83625,
250,Colombia,COL,CO,HOUSECOST,NOMINAL,IDX2015,A,2011,70.082,
251,Colombia,COL,CO,HOUSECOST,NOMINAL,IDX2015,A,2012,77.351,
252,Colombia,COL,CO,HOUSECOST,NOMINAL,IDX2015,A,2013,84.819,
253,Colombia,COL,CO,HOUSECOST,NOMINAL,IDX2015,A,2014,91.56575,
254,Colombia,COL,CO,HOUSECOST,NOMINAL,IDX2015,A,2015,100.0,
255,Colombia,COL,CO,HOUSECOST,NOMINAL,IDX2015,A,2016,111.4595,
256,Colombia,COL,CO,HOUSECOST,NOMINAL,IDX2015,A,2017,119.2445,
257,Colombia,COL,CO,HOUSECOST,NOMINAL,IDX2015,A,2018,126.7495,
258,Colombia,COL,CO,HOUSECOST,NOMINAL,IDX2015,A,2019,134.54975,
259,Czech Republic,CZE,CZ,HOUSECOST,NOMINAL,IDX2015,A,2008,100.8,
260,Czech Republic,CZE,CZ,HOUSECOST,NOMINAL,IDX2015,A,2009,96.925,
261,Czech Republic,CZE,CZ,HOUSECOST,NOMINAL,IDX2015,A,2010,95.225,
262,Czech Republic,CZE,CZ,HOUSECOST,NOMINAL,IDX2015,A,2011,95.25,
263,Czech Republic,CZE,CZ,HOUSECOST,NOMINAL,IDX2015,A,2012,93.85,
264,Czech Republic,CZE,CZ,HOUSECOST,NOMINAL,IDX2015,A,2013,93.875,
265,Czech Republic,CZE,CZ,HOUSECOST,NOMINAL,IDX2015,A,2014,96.175,
266,Czech Republic,CZE,CZ,HOUSECOST,NOMINAL,IDX2015,A,2015,100.0,
267,Czech Republic,CZE,CZ,HOUSECOST,NOMINAL,IDX2015,A,2016,107.15,
268,Czech Republic,CZE,CZ,HOUSECOST,NOMINAL,IDX2015,A,2017,119.7,
269,Czech Republic,CZE,CZ,HOUSECOST,NOMINAL,IDX2015,A,2018,130.0,
270,Czech Republic,CZE,CZ,HOUSECOST,NOMINAL,IDX2015,A,2019,141.9,
271,Denmark,DNK,DK,HOUSECOST,NOMINAL,IDX2015,A,1970,6.872676006,
272,Denmark,DNK,DK,HOUSECOST,NOMINAL,IDX2015,A,1971,7.752671012,
273,Denmark,DNK,DK,HOUSECOST,NOMINAL,IDX2015,A,1972,9.084009793,
274,Denmark,DNK,DK,HOUSECOST,NOMINAL,IDX2015,A,1973,10.48904769,
275,Denmark,DNK,DK,HOUSECOST,NOMINAL,IDX2015,A,1974,11.00018668,
276,Denmark,DNK,DK,HOUSECOST,NOMINAL,IDX2015,A,1975,12.96628878,
277,Denmark,DNK,DK,HOUSECOST,NOMINAL,IDX2015,A,1976,14.20728671,
278,Denmark,DNK,DK,HOUSECOST,NOMINAL,IDX2015,A,1977,16.10444447,
279,Denmark,DNK,DK,HOUSECOST,NOMINAL,IDX2015,A,1978,18.68153597,
280,Denmark,DNK,DK,HOUSECOST,NOMINAL,IDX2015,A,1979,20.53114592,
281,Denmark,DNK,DK,HOUSECOST,NOMINAL,IDX2015,A,1980,20.22446252,
282,Denmark,DNK,DK,HOUSECOST,NOMINAL,IDX2015,A,1981,19.27112886,
283,Denmark,DNK,DK,HOUSECOST,NOMINAL,IDX2015,A,1982,18.83368898,
284,Denmark,DNK,DK,HOUSECOST,NOMINAL,IDX2015,A,1983,22.88000792,
285,Denmark,DNK,DK,HOUSECOST,NOMINAL,IDX2015,A,1984,26.405678299999998,
286,Denmark,DNK,DK,HOUSECOST,NOMINAL,IDX2015,A,1985,30.90132407,
287,Denmark,DNK,DK,HOUSECOST,NOMINAL,IDX2015,A,1986,34.51495791,
288,Denmark,DNK,DK,HOUSECOST,NOMINAL,IDX2015,A,1987,31.95926293,
289,Denmark,DNK,DK,HOUSECOST,NOMINAL,IDX2015,A,1988,32.3230037,
290,Denmark,DNK,DK,HOUSECOST,NOMINAL,IDX2015,A,1989,32.09001941,
291,Denmark,DNK,DK,HOUSECOST,NOMINAL,IDX2015,A,1990,29.67696787,
292,Denmark,DNK,DK,HOUSECOST,NOMINAL,IDX2015,A,1991,30.06210516,
293,Denmark,DNK,DK,HOUSECOST,NOMINAL,IDX2015,A,1992,29.57474007,
294,Denmark,DNK,DK,HOUSECOST,NOMINAL,IDX2015,A,1993,29.28945319,
295,Denmark,DNK,DK,HOUSECOST,NOMINAL,IDX2015,A,1994,32.87931312,
296,Denmark,DNK,DK,HOUSECOST,NOMINAL,IDX2015,A,1995,35.37557334,
297,Denmark,DNK,DK,HOUSECOST,NOMINAL,IDX2015,A,1996,39.15562452,
298,Denmark,DNK,DK,HOUSECOST,NOMINAL,IDX2015,A,1997,43.67266681,
299,Denmark,DNK,DK,HOUSECOST,NOMINAL,IDX2015,A,1998,47.59536144,
300,Denmark,DNK,DK,HOUSECOST,NOMINAL,IDX2015,A,1999,50.80483886,
301,Denmark,DNK,DK,HOUSECOST,NOMINAL,IDX2015,A,2000,54.1094119,
302,Denmark,DNK,DK,HOUSECOST,NOMINAL,IDX2015,A,2001,57.27134151,
303,Denmark,DNK,DK,HOUSECOST,NOMINAL,IDX2015,A,2002,59.3396714,
304,Denmark,DNK,DK,HOUSECOST,NOMINAL,IDX2015,A,2003,62.29090573,
305,Denmark,DNK,DK,HOUSECOST,NOMINAL,IDX2015,A,2004,69.11742279,
306,Denmark,DNK,DK,HOUSECOST,NOMINAL,IDX2015,A,2005,82.97095743,
307,Denmark,DNK,DK,HOUSECOST,NOMINAL,IDX2015,A,2006,102.9257573,
308,Denmark,DNK,DK,HOUSECOST,NOMINAL,IDX2015,A,2007,105.6767642,
309,Denmark,DNK,DK,HOUSECOST,NOMINAL,IDX2015,A,2008,100.2002505,
310,Denmark,DNK,DK,HOUSECOST,NOMINAL,IDX2015,A,2009,88.19722049,
311,Denmark,DNK,DK,HOUSECOST,NOMINAL,IDX2015,A,2010,90.67297668,
312,Denmark,DNK,DK,HOUSECOST,NOMINAL,IDX2015,A,2011,89.12222281,
313,Denmark,DNK,DK,HOUSECOST,NOMINAL,IDX2015,A,2012,86.74696687,
314,Denmark,DNK,DK,HOUSECOST,NOMINAL,IDX2015,A,2013,90.09772524,
315,Denmark,DNK,DK,HOUSECOST,NOMINAL,IDX2015,A,2014,93.49873375,
316,Denmark,DNK,DK,HOUSECOST,NOMINAL,IDX2015,A,2015,100.0,
317,Denmark,DNK,DK,HOUSECOST,NOMINAL,IDX2015,A,2016,104.7265118,
318,Denmark,DNK,DK,HOUSECOST,NOMINAL,IDX2015,A,2017,109.37777340000002,
319,Denmark,DNK,DK,HOUSECOST,NOMINAL,IDX2015,A,2018,114.5287863,
320,Denmark,DNK,DK,HOUSECOST,NOMINAL,IDX2015,A,2019,117.52979380000001,
321,Estonia,EST,EE,HOUSECOST,NOMINAL,IDX2015,A,2005,59.01285247,
322,Estonia,EST,EE,HOUSECOST,NOMINAL,IDX2015,A,2006,88.22152945,
323,Estonia,EST,EE,HOUSECOST,NOMINAL,IDX2015,A,2007,106.53498370000001,
324,Estonia,EST,EE,HOUSECOST,NOMINAL,IDX2015,A,2008,96.29200927,
325,Estonia,EST,EE,HOUSECOST,NOMINAL,IDX2015,A,2009,60.46659883,
326,Estonia,EST,EE,HOUSECOST,NOMINAL,IDX2015,A,2010,63.90109025,
327,Estonia,EST,EE,HOUSECOST,NOMINAL,IDX2015,A,2011,69.32307669,
328,Estonia,EST,EE,HOUSECOST,NOMINAL,IDX2015,A,2012,74.37106407,
329,Estonia,EST,EE,HOUSECOST,NOMINAL,IDX2015,A,2013,82.29329427,
330,Estonia,EST,EE,HOUSECOST,NOMINAL,IDX2015,A,2014,93.57951605,
331,Estonia,EST,EE,HOUSECOST,NOMINAL,IDX2015,A,2015,100.0,
332,Estonia,EST,EE,HOUSECOST,NOMINAL,IDX2015,A,2016,104.7444881,
333,Estonia,EST,EE,HOUSECOST,NOMINAL,IDX2015,A,2017,110.5112237,
334,Estonia,EST,EE,HOUSECOST,NOMINAL,IDX2015,A,2018,117.06595729999998,
335,Estonia,EST,EE,HOUSECOST,NOMINAL,IDX2015,A,2019,125.2671868,
336,Finland,FIN,FI,HOUSECOST,NOMINAL,IDX2015,A,1970,6.722257205,
337,Finland,FIN,FI,HOUSECOST,NOMINAL,IDX2015,A,1971,6.99638737,
338,Finland,FIN,FI,HOUSECOST,NOMINAL,IDX2015,A,1972,7.649839366,
339,Finland,FIN,FI,HOUSECOST,NOMINAL,IDX2015,A,1973,9.659022051,
340,Finland,FIN,FI,HOUSECOST,NOMINAL,IDX2015,A,1974,11.62685375,
341,Finland,FIN,FI,HOUSECOST,NOMINAL,IDX2015,A,1975,12.17889885,
342,Finland,FIN,FI,HOUSECOST,NOMINAL,IDX2015,A,1976,12.94126472,
343,Finland,FIN,FI,HOUSECOST,NOMINAL,IDX2015,A,1977,13.30178781,
344,Finland,FIN,FI,HOUSECOST,NOMINAL,IDX2015,A,1978,13.72282934,
345,Finland,FIN,FI,HOUSECOST,NOMINAL,IDX2015,A,1979,14.52221745,
346,Finland,FIN,FI,HOUSECOST,NOMINAL,IDX2015,A,1980,16.52068775,
347,Finland,FIN,FI,HOUSECOST,NOMINAL,IDX2015,A,1981,18.918852100000002,
348,Finland,FIN,FI,HOUSECOST,NOMINAL,IDX2015,A,1982,22.38286727,
349,Finland,FIN,FI,HOUSECOST,NOMINAL,IDX2015,A,1983,26.77950191,
350,Finland,FIN,FI,HOUSECOST,NOMINAL,IDX2015,A,1984,29.97705438,
351,Finland,FIN,FI,HOUSECOST,NOMINAL,IDX2015,A,1985,31.22529389,
352,Finland,FIN,FI,HOUSECOST,NOMINAL,IDX2015,A,1986,32.33069764,
353,Finland,FIN,FI,HOUSECOST,NOMINAL,IDX2015,A,1987,35.56943614,
354,Finland,FIN,FI,HOUSECOST,NOMINAL,IDX2015,A,1988,47.55881525,
355,Finland,FIN,FI,HOUSECOST,NOMINAL,IDX2015,A,1989,59.26664707,
356,Finland,FIN,FI,HOUSECOST,NOMINAL,IDX2015,A,1990,57.27125159,
357,Finland,FIN,FI,HOUSECOST,NOMINAL,IDX2015,A,1991,50.44609204,
358,Finland,FIN,FI,HOUSECOST,NOMINAL,IDX2015,A,1992,43.13153152,
359,Finland,FIN,FI,HOUSECOST,NOMINAL,IDX2015,A,1993,38.75148727,
360,Finland,FIN,FI,HOUSECOST,NOMINAL,IDX2015,A,1994,40.32361704,
361,Finland,FIN,FI,HOUSECOST,NOMINAL,IDX2015,A,1995,39.59046037,
362,Finland,FIN,FI,HOUSECOST,NOMINAL,IDX2015,A,1996,41.94109671,
363,Finland,FIN,FI,HOUSECOST,NOMINAL,IDX2015,A,1997,48.55840257,
364,Finland,FIN,FI,HOUSECOST,NOMINAL,IDX2015,A,1998,52.849636600000004,
365,Finland,FIN,FI,HOUSECOST,NOMINAL,IDX2015,A,1999,56.57777608,
366,Finland,FIN,FI,HOUSECOST,NOMINAL,IDX2015,A,2000,58.78102526,
367,Finland,FIN,FI,HOUSECOST,NOMINAL,IDX2015,A,2001,57.94394174,
368,Finland,FIN,FI,HOUSECOST,NOMINAL,IDX2015,A,2002,61.42454636,
369,Finland,FIN,FI,HOUSECOST,NOMINAL,IDX2015,A,2003,65.31896879,
370,Finland,FIN,FI,HOUSECOST,NOMINAL,IDX2015,A,2004,70.6494713,
371,Finland,FIN,FI,HOUSECOST,NOMINAL,IDX2015,A,2005,76.248,
372,Finland,FIN,FI,HOUSECOST,NOMINAL,IDX2015,A,2006,81.553,
373,Finland,FIN,FI,HOUSECOST,NOMINAL,IDX2015,A,2007,86.363,
374,Finland,FIN,FI,HOUSECOST,NOMINAL,IDX2015,A,2008,87.05799999999999,
375,Finland,FIN,FI,HOUSECOST,NOMINAL,IDX2015,A,2009,88.3105,
376,Finland,FIN,FI,HOUSECOST,NOMINAL,IDX2015,A,2010,93.8805,
377,Finland,FIN,FI,HOUSECOST,NOMINAL,IDX2015,A,2011,96.863,
378,Finland,FIN,FI,HOUSECOST,NOMINAL,IDX2015,A,2012,99.20299999999999,
379,Finland,FIN,FI,HOUSECOST,NOMINAL,IDX2015,A,2013,100.34975,
380,Finland,FIN,FI,HOUSECOST,NOMINAL,IDX2015,A,2014,99.99225,
381,Finland,FIN,FI,HOUSECOST,NOMINAL,IDX2015,A,2015,100.0,
382,Finland,FIN,FI,HOUSECOST,NOMINAL,IDX2015,A,2016,100.802,
383,Finland,FIN,FI,HOUSECOST,NOMINAL,IDX2015,A,2017,102.37200000000001,
384,Finland,FIN,FI,HOUSECOST,NOMINAL,IDX2015,A,2018,103.43700000000001,
385,Finland,FIN,FI,HOUSECOST,NOMINAL,IDX2015,A,2019,104.48700000000001,
386,France,FRA,FR,HOUSECOST,NOMINAL,IDX2015,A,1970,6.539840312999999,
387,France,FRA,FR,HOUSECOST,NOMINAL,IDX2015,A,1971,6.665601495,
388,France,FRA,FR,HOUSECOST,NOMINAL,IDX2015,A,1972,7.504057308999999,
389,France,FRA,FR,HOUSECOST,NOMINAL,IDX2015,A,1973,8.342484364,
390,France,FRA,FR,HOUSECOST,NOMINAL,IDX2015,A,1974,9.851704828999999,
391,France,FRA,FR,HOUSECOST,NOMINAL,IDX2015,A,1975,10.89975303,
392,France,FRA,FR,HOUSECOST,NOMINAL,IDX2015,A,1976,12.53470592,
393,France,FRA,FR,HOUSECOST,NOMINAL,IDX2015,A,1977,14.33734997,
394,France,FRA,FR,HOUSECOST,NOMINAL,IDX2015,A,1978,15.84654167,
395,France,FRA,FR,HOUSECOST,NOMINAL,IDX2015,A,1979,18.02649803,
396,France,FRA,FR,HOUSECOST,NOMINAL,IDX2015,A,1980,21.67371611,
397,France,FRA,FR,HOUSECOST,NOMINAL,IDX2015,A,1981,24.48250714,
398,France,FRA,FR,HOUSECOST,NOMINAL,IDX2015,A,1982,25.74017648,
399,France,FRA,FR,HOUSECOST,NOMINAL,IDX2015,A,1983,26.57860354,
400,France,FRA,FR,HOUSECOST,NOMINAL,IDX2015,A,1984,27.08167703,
401,France,FRA,FR,HOUSECOST,NOMINAL,IDX2015,A,1985,28.75855989,
402,France,FRA,FR,HOUSECOST,NOMINAL,IDX2015,A,1986,30.98041747,
403,France,FRA,FR,HOUSECOST,NOMINAL,IDX2015,A,1987,34.04073087,
404,France,FRA,FR,HOUSECOST,NOMINAL,IDX2015,A,1988,37.35259538,
405,France,FRA,FR,HOUSECOST,NOMINAL,IDX2015,A,1989,40.58059994,
406,France,FRA,FR,HOUSECOST,NOMINAL,IDX2015,A,1990,43.59898335,
407,France,FRA,FR,HOUSECOST,NOMINAL,IDX2015,A,1991,45.06624508,
408,France,FRA,FR,HOUSECOST,NOMINAL,IDX2015,A,1992,44.18588804,
409,France,FRA,FR,HOUSECOST,NOMINAL,IDX2015,A,1993,43.80860449,
410,France,FRA,FR,HOUSECOST,NOMINAL,IDX2015,A,1994,43.68281455,
411,France,FRA,FR,HOUSECOST,NOMINAL,IDX2015,A,1995,41.96570012,
412,France,FRA,FR,HOUSECOST,NOMINAL,IDX2015,A,1996,41.55,
413,France,FRA,FR,HOUSECOST,NOMINAL,IDX2015,A,1997,41.4,
414,France,FRA,FR,HOUSECOST,NOMINAL,IDX2015,A,1998,42.225,
415,France,FRA,FR,HOUSECOST,NOMINAL,IDX2015,A,1999,45.15,
416,France,FRA,FR,HOUSECOST,NOMINAL,IDX2015,A,2000,49.1,
417,France,FRA,FR,HOUSECOST,NOMINAL,IDX2015,A,2001,52.975,
418,France,FRA,FR,HOUSECOST,NOMINAL,IDX2015,A,2002,57.55,
419,France,FRA,FR,HOUSECOST,NOMINAL,IDX2015,A,2003,64.4,
420,France,FRA,FR,HOUSECOST,NOMINAL,IDX2015,A,2004,74.075,
421,France,FRA,FR,HOUSECOST,NOMINAL,IDX2015,A,2005,85.525,
422,France,FRA,FR,HOUSECOST,NOMINAL,IDX2015,A,2006,95.825,
423,France,FRA,FR,HOUSECOST,NOMINAL,IDX2015,A,2007,102.075,
424,France,FRA,FR,HOUSECOST,NOMINAL,IDX2015,A,2008,103.025,
425,France,FRA,FR,HOUSECOST,NOMINAL,IDX2015,A,2009,95.7,
426,France,FRA,FR,HOUSECOST,NOMINAL,IDX2015,A,2010,100.575,
427,France,FRA,FR,HOUSECOST,NOMINAL,IDX2015,A,2011,106.55,
428,France,FRA,FR,HOUSECOST,NOMINAL,IDX2015,A,2012,105.975,
429,France,FRA,FR,HOUSECOST,NOMINAL,IDX2015,A,2013,103.8,
430,France,FRA,FR,HOUSECOST,NOMINAL,IDX2015,A,2014,101.925,
431,France,FRA,FR,HOUSECOST,NOMINAL,IDX2015,A,2015,100.0,
432,France,FRA,FR,HOUSECOST,NOMINAL,IDX2015,A,2016,100.925,
433,France,FRA,FR,HOUSECOST,NOMINAL,IDX2015,A,2017,103.975,
434,France,FRA,FR,HOUSECOST,NOMINAL,IDX2015,A,2018,107.125,
435,France,FRA,FR,HOUSECOST,NOMINAL,IDX2015,A,2019,110.7,
436,Germany,DEU,DE,HOUSECOST,NOMINAL,IDX2015,A,1970,32.79157518,
437,Germany,DEU,DE,HOUSECOST,NOMINAL,IDX2015,A,1971,36.00152372,
438,Germany,DEU,DE,HOUSECOST,NOMINAL,IDX2015,A,1972,38.32243777,
439,Germany,DEU,DE,HOUSECOST,NOMINAL,IDX2015,A,1973,40.99243814,
440,Germany,DEU,DE,HOUSECOST,NOMINAL,IDX2015,A,1974,43.93586024,
441,Germany,DEU,DE,HOUSECOST,NOMINAL,IDX2015,A,1975,44.77176072,
442,Germany,DEU,DE,HOUSECOST,NOMINAL,IDX2015,A,1976,45.76951926,
443,Germany,DEU,DE,HOUSECOST,NOMINAL,IDX2015,A,1977,48.31698786,
444,Germany,DEU,DE,HOUSECOST,NOMINAL,IDX2015,A,1978,51.81975719,
445,Germany,DEU,DE,HOUSECOST,NOMINAL,IDX2015,A,1979,56.38397178,
446,Germany,DEU,DE,HOUSECOST,NOMINAL,IDX2015,A,1980,60.65098169,
447,Germany,DEU,DE,HOUSECOST,NOMINAL,IDX2015,A,1981,64.85430489,
448,Germany,DEU,DE,HOUSECOST,NOMINAL,IDX2015,A,1982,65.51240094,
449,Germany,DEU,DE,HOUSECOST,NOMINAL,IDX2015,A,1983,65.68223218,
450,Germany,DEU,DE,HOUSECOST,NOMINAL,IDX2015,A,1984,64.25989554,
451,Germany,DEU,DE,HOUSECOST,NOMINAL,IDX2015,A,1985,63.55934168,
452,Germany,DEU,DE,HOUSECOST,NOMINAL,IDX2015,A,1986,63.72917292,
453,Germany,DEU,DE,HOUSECOST,NOMINAL,IDX2015,A,1987,63.19845029,
454,Germany,DEU,DE,HOUSECOST,NOMINAL,IDX2015,A,1988,64.28112445,
455,Germany,DEU,DE,HOUSECOST,NOMINAL,IDX2015,A,1989,66.36155714,
456,Germany,DEU,DE,HOUSECOST,NOMINAL,IDX2015,A,1990,71.58386778,
457,Germany,DEU,DE,HOUSECOST,NOMINAL,IDX2015,A,1991,74.81066135,
458,Germany,DEU,DE,HOUSECOST,NOMINAL,IDX2015,A,1992,78.86538221,
459,Germany,DEU,DE,HOUSECOST,NOMINAL,IDX2015,A,1993,82.66535621,
460,Germany,DEU,DE,HOUSECOST,NOMINAL,IDX2015,A,1994,86.08320992,
461,Germany,DEU,DE,HOUSECOST,NOMINAL,IDX2015,A,1995,87.35694422,
462,Germany,DEU,DE,HOUSECOST,NOMINAL,IDX2015,A,1996,86.18935445,
463,Germany,DEU,DE,HOUSECOST,NOMINAL,IDX2015,A,1997,84.66087328,
464,Germany,DEU,DE,HOUSECOST,NOMINAL,IDX2015,A,1998,83.8966327,
465,Germany,DEU,DE,HOUSECOST,NOMINAL,IDX2015,A,1999,83.98154832,
466,Germany,DEU,DE,HOUSECOST,NOMINAL,IDX2015,A,2000,84.37121093,
467,Germany,DEU,DE,HOUSECOST,NOMINAL,IDX2015,A,2001,84.42121105,
468,Germany,DEU,DE,HOUSECOST,NOMINAL,IDX2015,A,2002,83.3212083,
469,Germany,DEU,DE,HOUSECOST,NOMINAL,IDX2015,A,2003,83.64620912,
470,Germany,DEU,DE,HOUSECOST,NOMINAL,IDX2015,A,2004,82.3207058,
471,Germany,DEU,DE,HOUSECOST,NOMINAL,IDX2015,A,2005,83.34620837,
472,Germany,DEU,DE,HOUSECOST,NOMINAL,IDX2015,A,2006,83.02120755,
473,Germany,DEU,DE,HOUSECOST,NOMINAL,IDX2015,A,2007,81.24520311,
474,Germany,DEU,DE,HOUSECOST,NOMINAL,IDX2015,A,2008,82.34570586,
475,Germany,DEU,DE,HOUSECOST,NOMINAL,IDX2015,A,2009,83.02095755,
476,Germany,DEU,DE,HOUSECOST,NOMINAL,IDX2015,A,2010,83.87120968,
477,Germany,DEU,DE,HOUSECOST,NOMINAL,IDX2015,A,2011,86.79721699,
478,Germany,DEU,DE,HOUSECOST,NOMINAL,IDX2015,A,2012,89.77272443,
479,Germany,DEU,DE,HOUSECOST,NOMINAL,IDX2015,A,2013,92.5982315,
480,Germany,DEU,DE,HOUSECOST,NOMINAL,IDX2015,A,2014,95.49898875,
481,Germany,DEU,DE,HOUSECOST,NOMINAL,IDX2015,A,2015,100.0,
482,Germany,DEU,DE,HOUSECOST,NOMINAL,IDX2015,A,2016,107.5272688,
483,Germany,DEU,DE,HOUSECOST,NOMINAL,IDX2015,A,2017,114.10378529999998,
484,Germany,DEU,DE,HOUSECOST,NOMINAL,IDX2015,A,2018,121.68080420000001,
485,Germany,DEU,DE,HOUSECOST,NOMINAL,IDX2015,A,2019,128.7073218,
486,Greece,GRC,GR,HOUSECOST,NOMINAL,IDX2015,A,1997,64.53125,
487,Greece,GRC,GR,HOUSECOST,NOMINAL,IDX2015,A,1998,73.79475,
488,Greece,GRC,GR,HOUSECOST,NOMINAL,IDX2015,A,1999,80.35925,
489,Greece,GRC,GR,HOUSECOST,NOMINAL,IDX2015,A,2000,88.852,
490,Greece,GRC,GR,HOUSECOST,NOMINAL,IDX2015,A,2001,101.648,
491,Greece,GRC,GR,HOUSECOST,NOMINAL,IDX2015,A,2002,115.73275,
492,Greece,GRC,GR,HOUSECOST,NOMINAL,IDX2015,A,2003,121.97275,
493,Greece,GRC,GR,HOUSECOST,NOMINAL,IDX2015,A,2004,124.796,
494,Greece,GRC,GR,HOUSECOST,NOMINAL,IDX2015,A,2005,138.39175,
495,Greece,GRC,GR,HOUSECOST,NOMINAL,IDX2015,A,2006,156.35975,
496,Greece,GRC,GR,HOUSECOST,NOMINAL,IDX2015,A,2007,166.03775,
497,Greece,GRC,GR,HOUSECOST,NOMINAL,IDX2015,A,2008,168.46425,
498,Greece,GRC,GR,HOUSECOST,NOMINAL,IDX2015,A,2009,161.222,
499,Greece,GRC,GR,HOUSECOST,NOMINAL,IDX2015,A,2010,154.17025,
500,Greece,GRC,GR,HOUSECOST,NOMINAL,IDX2015,A,2011,145.6625,
501,Greece,GRC,GR,HOUSECOST,NOMINAL,IDX2015,A,2012,128.533,
502,Greece,GRC,GR,HOUSECOST,NOMINAL,IDX2015,A,2013,114.501,
503,Greece,GRC,GR,HOUSECOST,NOMINAL,IDX2015,A,2014,105.36575,
504,Greece,GRC,GR,HOUSECOST,NOMINAL,IDX2015,A,2015,100.0,
505,Greece,GRC,GR,HOUSECOST,NOMINAL,IDX2015,A,2016,97.58825,
506,Greece,GRC,GR,HOUSECOST,NOMINAL,IDX2015,A,2017,96.51299999999999,
507,Greece,GRC,GR,HOUSECOST,NOMINAL,IDX2015,A,2018,98.2905,
508,Greece,GRC,GR,HOUSECOST,NOMINAL,IDX2015,A,2019,105.546,
509,Hungary,HUN,HU,HOUSECOST,NOMINAL,IDX2015,A,2007,98.91,
510,Hungary,HUN,HU,HOUSECOST,NOMINAL,IDX2015,A,2008,101.2575,
511,Hungary,HUN,HU,HOUSECOST,NOMINAL,IDX2015,A,2009,95.9525,
512,Hungary,HUN,HU,HOUSECOST,NOMINAL,IDX2015,A,2010,93.66,
513,Hungary,HUN,HU,HOUSECOST,NOMINAL,IDX2015,A,2011,90.4475,
514,Hungary,HUN,HU,HOUSECOST,NOMINAL,IDX2015,A,2012,87.0975,
515,Hungary,HUN,HU,HOUSECOST,NOMINAL,IDX2015,A,2013,84.87,
516,Hungary,HUN,HU,HOUSECOST,NOMINAL,IDX2015,A,2014,88.4275,
517,Hungary,HUN,HU,HOUSECOST,NOMINAL,IDX2015,A,2015,100.0,
518,Hungary,HUN,HU,HOUSECOST,NOMINAL,IDX2015,A,2016,113.3775,
519,Hungary,HUN,HU,HOUSECOST,NOMINAL,IDX2015,A,2017,127.24,
520,Hungary,HUN,HU,HOUSECOST,NOMINAL,IDX2015,A,2018,145.495,
521,Hungary,HUN,HU,HOUSECOST,NOMINAL,IDX2015,A,2019,170.05,
522,Iceland,ISL,IS,HOUSECOST,NOMINAL,IDX2015,A,2001,36.45509113,
523,Iceland,ISL,IS,HOUSECOST,NOMINAL,IDX2015,A,2002,38.21134553,
524,Iceland,ISL,IS,HOUSECOST,NOMINAL,IDX2015,A,2003,42.67410669,
525,Iceland,ISL,IS,HOUSECOST,NOMINAL,IDX2015,A,2004,47.1613679,
526,Iceland,ISL,IS,HOUSECOST,NOMINAL,IDX2015,A,2005,60.599151500000005,
527,Iceland,ISL,IS,HOUSECOST,NOMINAL,IDX2015,A,2006,70.79167698,
528,Iceland,ISL,IS,HOUSECOST,NOMINAL,IDX2015,A,2007,77.43619359,
529,Iceland,ISL,IS,HOUSECOST,NOMINAL,IDX2015,A,2008,82.25645564,
530,Iceland,ISL,IS,HOUSECOST,NOMINAL,IDX2015,A,2009,74.27368568,
531,Iceland,ISL,IS,HOUSECOST,NOMINAL,IDX2015,A,2010,72.01993005,
532,Iceland,ISL,IS,HOUSECOST,NOMINAL,IDX2015,A,2011,75.35643839,
533,Iceland,ISL,IS,HOUSECOST,NOMINAL,IDX2015,A,2012,80.56095140000001,
534,Iceland,ISL,IS,HOUSECOST,NOMINAL,IDX2015,A,2013,85.20746302,
535,Iceland,ISL,IS,HOUSECOST,NOMINAL,IDX2015,A,2014,92.38548096,
536,Iceland,ISL,IS,HOUSECOST,NOMINAL,IDX2015,A,2015,100.0,
537,Iceland,ISL,IS,HOUSECOST,NOMINAL,IDX2015,A,2016,109.76677439999999,
538,Iceland,ISL,IS,HOUSECOST,NOMINAL,IDX2015,A,2017,131.195828,
539,Iceland,ISL,IS,HOUSECOST,NOMINAL,IDX2015,A,2018,142.006355,
540,Iceland,ISL,IS,HOUSECOST,NOMINAL,IDX2015,A,2019,148.2911207,
541,India,IND,IN,HOUSECOST,NOMINAL,IDX2015,A,2009,37.10925,
542,India,IND,IN,HOUSECOST,NOMINAL,IDX2015,A,2010,45.07821883,
543,India,IND,IN,HOUSECOST,NOMINAL,IDX2015,A,2011,53.90275,
544,India,IND,IN,HOUSECOST,NOMINAL,IDX2015,A,2012,66.9665,
545,India,IND,IN,HOUSECOST,NOMINAL,IDX2015,A,2013,76.68625,
546,India,IND,IN,HOUSECOST,NOMINAL,IDX2015,A,2014,88.03200000000001,
547,India,IND,IN,HOUSECOST,NOMINAL,IDX2015,A,2015,100.0,
548,India,IND,IN,HOUSECOST,NOMINAL,IDX2015,A,2016,106.68575,
549,India,IND,IN,HOUSECOST,NOMINAL,IDX2015,A,2017,115.65799999999999,
550,India,IND,IN,HOUSECOST,NOMINAL,IDX2015,A,2018,122.24825,
551,India,IND,IN,HOUSECOST,NOMINAL,IDX2015,A,2019,126.3095,
552,Indonesia,IDN,ID,HOUSECOST,NOMINAL,IDX2015,A,2002,54.55411361,
553,Indonesia,IDN,ID,HOUSECOST,NOMINAL,IDX2015,A,2003,57.75510561,
554,Indonesia,IDN,ID,HOUSECOST,NOMINAL,IDX2015,A,2004,60.02259994,
555,Indonesia,IDN,ID,HOUSECOST,NOMINAL,IDX2015,A,2005,62.55709361,
556,Indonesia,IDN,ID,HOUSECOST,NOMINAL,IDX2015,A,2006,65.75783561,
557,Indonesia,IDN,ID,HOUSECOST,NOMINAL,IDX2015,A,2007,67.22508194,
558,Indonesia,IDN,ID,HOUSECOST,NOMINAL,IDX2015,A,2008,68.82607793,
559,Indonesia,IDN,ID,HOUSECOST,NOMINAL,IDX2015,A,2009,70.1598246,
560,Indonesia,IDN,ID,HOUSECOST,NOMINAL,IDX2015,A,2010,72.29381927,
561,Indonesia,IDN,ID,HOUSECOST,NOMINAL,IDX2015,A,2011,75.62831093,
562,Indonesia,IDN,ID,HOUSECOST,NOMINAL,IDX2015,A,2012,79.01005247,
563,Indonesia,IDN,ID,HOUSECOST,NOMINAL,IDX2015,A,2013,88.51777871,
564,Indonesia,IDN,ID,HOUSECOST,NOMINAL,IDX2015,A,2014,94.73001317,
565,Indonesia,IDN,ID,HOUSECOST,NOMINAL,IDX2015,A,2015,100.0,
566,Indonesia,IDN,ID,HOUSECOST,NOMINAL,IDX2015,A,2016,103.1594921,
567,Indonesia,IDN,ID,HOUSECOST,NOMINAL,IDX2015,A,2017,106.41523400000001,
568,Indonesia,IDN,ID,HOUSECOST,NOMINAL,IDX2015,A,2018,109.8949753,
569,Indonesia,IDN,ID,HOUSECOST,NOMINAL,IDX2015,A,2019,111.9104702,
570,Ireland,IRL,IE,HOUSECOST,NOMINAL,IDX2015,A,1970,2.7577967539999997,
571,Ireland,IRL,IE,HOUSECOST,NOMINAL,IDX2015,A,1971,3.09956203,
572,Ireland,IRL,IE,HOUSECOST,NOMINAL,IDX2015,A,1972,3.397911183,
573,Ireland,IRL,IE,HOUSECOST,NOMINAL,IDX2015,A,1973,3.690485588,
574,Ireland,IRL,IE,HOUSECOST,NOMINAL,IDX2015,A,1974,4.466699875,
575,Ireland,IRL,IE,HOUSECOST,NOMINAL,IDX2015,A,1975,5.463237078,
576,Ireland,IRL,IE,HOUSECOST,NOMINAL,IDX2015,A,1976,6.528710491,
577,Ireland,IRL,IE,HOUSECOST,NOMINAL,IDX2015,A,1977,7.791883818,
578,Ireland,IRL,IE,HOUSECOST,NOMINAL,IDX2015,A,1978,10.41984429,
579,Ireland,IRL,IE,HOUSECOST,NOMINAL,IDX2015,A,1979,13.01320644,
580,Ireland,IRL,IE,HOUSECOST,NOMINAL,IDX2015,A,1980,14.59614576,
581,Ireland,IRL,IE,HOUSECOST,NOMINAL,IDX2015,A,1981,17.71870088,
582,Ireland,IRL,IE,HOUSECOST,NOMINAL,IDX2015,A,1982,18.99533463,
583,Ireland,IRL,IE,HOUSECOST,NOMINAL,IDX2015,A,1983,20.46404025,
584,Ireland,IRL,IE,HOUSECOST,NOMINAL,IDX2015,A,1984,21.33928861,
585,Ireland,IRL,IE,HOUSECOST,NOMINAL,IDX2015,A,1985,21.59092252,
586,Ireland,IRL,IE,HOUSECOST,NOMINAL,IDX2015,A,1986,22.20450548,
587,Ireland,IRL,IE,HOUSECOST,NOMINAL,IDX2015,A,1987,21.98318551,
588,Ireland,IRL,IE,HOUSECOST,NOMINAL,IDX2015,A,1988,23.94613059,
589,Ireland,IRL,IE,HOUSECOST,NOMINAL,IDX2015,A,1989,25.87070519,
590,Ireland,IRL,IE,HOUSECOST,NOMINAL,IDX2015,A,1990,29.44878444,
591,Ireland,IRL,IE,HOUSECOST,NOMINAL,IDX2015,A,1991,30.2809287,
592,Ireland,IRL,IE,HOUSECOST,NOMINAL,IDX2015,A,1992,30.85510667,
593,Ireland,IRL,IE,HOUSECOST,NOMINAL,IDX2015,A,1993,31.4913232,
594,Ireland,IRL,IE,HOUSECOST,NOMINAL,IDX2015,A,1994,32.99319547,
595,Ireland,IRL,IE,HOUSECOST,NOMINAL,IDX2015,A,1995,35.06579739,
596,Ireland,IRL,IE,HOUSECOST,NOMINAL,IDX2015,A,1996,38.07552948,
597,Ireland,IRL,IE,HOUSECOST,NOMINAL,IDX2015,A,1997,43.67266751,
598,Ireland,IRL,IE,HOUSECOST,NOMINAL,IDX2015,A,1998,54.21229418,
599,Ireland,IRL,IE,HOUSECOST,NOMINAL,IDX2015,A,1999,65.87033903,
600,Ireland,IRL,IE,HOUSECOST,NOMINAL,IDX2015,A,2000,79.46860135,
601,Ireland,IRL,IE,HOUSECOST,NOMINAL,IDX2015,A,2001,89.31389148,
602,Ireland,IRL,IE,HOUSECOST,NOMINAL,IDX2015,A,2002,95.54602346,
603,Ireland,IRL,IE,HOUSECOST,NOMINAL,IDX2015,A,2003,109.13368999999999,
604,Ireland,IRL,IE,HOUSECOST,NOMINAL,IDX2015,A,2004,121.3163509,
605,Ireland,IRL,IE,HOUSECOST,NOMINAL,IDX2015,A,2005,131.7751706,
606,Ireland,IRL,IE,HOUSECOST,NOMINAL,IDX2015,A,2006,151.38412150000002,
607,Ireland,IRL,IE,HOUSECOST,NOMINAL,IDX2015,A,2007,162.67684330000003,
608,Ireland,IRL,IE,HOUSECOST,NOMINAL,IDX2015,A,2008,151.38412150000002,
609,Ireland,IRL,IE,HOUSECOST,NOMINAL,IDX2015,A,2009,122.38744399999999,
610,Ireland,IRL,IE,HOUSECOST,NOMINAL,IDX2015,A,2010,105.96373510000001,
611,Ireland,IRL,IE,HOUSECOST,NOMINAL,IDX2015,A,2011,87.84328039,
612,Ireland,IRL,IE,HOUSECOST,NOMINAL,IDX2015,A,2012,76.01955995,
613,Ireland,IRL,IE,HOUSECOST,NOMINAL,IDX2015,A,2013,76.96680758,
614,Ireland,IRL,IE,HOUSECOST,NOMINAL,IDX2015,A,2014,89.71677571,
615,Ireland,IRL,IE,HOUSECOST,NOMINAL,IDX2015,A,2015,100.0,
616,Ireland,IRL,IE,HOUSECOST,NOMINAL,IDX2015,A,2016,107.45198140000001,
617,Ireland,IRL,IE,HOUSECOST,NOMINAL,IDX2015,A,2017,119.1402021,
618,Ireland,IRL,IE,HOUSECOST,NOMINAL,IDX2015,A,2018,131.3069217,
619,Ireland,IRL,IE,HOUSECOST,NOMINAL,IDX2015,A,2019,134.39816399999998,
620,Israel,ISR,IL,HOUSECOST,NOMINAL,IDX2015,A,1994,35.1015,
621,Israel,ISR,IL,HOUSECOST,NOMINAL,IDX2015,A,1995,40.400999999999996,
622,Israel,ISR,IL,HOUSECOST,NOMINAL,IDX2015,A,1996,46.848,
623,Israel,ISR,IL,HOUSECOST,NOMINAL,IDX2015,A,1997,51.1495,
624,Israel,ISR,IL,HOUSECOST,NOMINAL,IDX2015,A,1998,53.07025,
625,Israel,ISR,IL,HOUSECOST,NOMINAL,IDX2015,A,1999,55.2905,
626,Israel,ISR,IL,HOUSECOST,NOMINAL,IDX2015,A,2000,52.63275,
627,Israel,ISR,IL,HOUSECOST,NOMINAL,IDX2015,A,2001,50.79825,
628,Israel,ISR,IL,HOUSECOST,NOMINAL,IDX2015,A,2002,53.474,
629,Israel,ISR,IL,HOUSECOST,NOMINAL,IDX2015,A,2003,50.44425,
630,Israel,ISR,IL,HOUSECOST,NOMINAL,IDX2015,A,2004,50.06825,
631,Israel,ISR,IL,HOUSECOST,NOMINAL,IDX2015,A,2005,50.177,
632,Israel,ISR,IL,HOUSECOST,NOMINAL,IDX2015,A,2006,50.406000000000006,
633,Israel,ISR,IL,HOUSECOST,NOMINAL,IDX2015,A,2007,49.62325,
634,Israel,ISR,IL,HOUSECOST,NOMINAL,IDX2015,A,2008,53.381,
635,Israel,ISR,IL,HOUSECOST,NOMINAL,IDX2015,A,2009,60.69,
636,Israel,ISR,IL,HOUSECOST,NOMINAL,IDX2015,A,2010,71.3705,
637,Israel,ISR,IL,HOUSECOST,NOMINAL,IDX2015,A,2011,78.8795,
638,Israel,ISR,IL,HOUSECOST,NOMINAL,IDX2015,A,2012,81.43225,
639,Israel,ISR,IL,HOUSECOST,NOMINAL,IDX2015,A,2013,88.82275,
640,Israel,ISR,IL,HOUSECOST,NOMINAL,IDX2015,A,2014,94.46675,
641,Israel,ISR,IL,HOUSECOST,NOMINAL,IDX2015,A,2015,100.0,
642,Israel,ISR,IL,HOUSECOST,NOMINAL,IDX2015,A,2016,107.4585,
643,Israel,ISR,IL,HOUSECOST,NOMINAL,IDX2015,A,2017,111.64925,
644,Israel,ISR,IL,HOUSECOST,NOMINAL,IDX2015,A,2018,110.72399999999999,
645,Israel,ISR,IL,HOUSECOST,NOMINAL,IDX2015,A,2019,112.81225,
646,Italy,ITA,IT,HOUSECOST,NOMINAL,IDX2015,A,1970,3.041313759,
647,Italy,ITA,IT,HOUSECOST,NOMINAL,IDX2015,A,1971,3.211168947,
648,Italy,ITA,IT,HOUSECOST,NOMINAL,IDX2015,A,1972,3.377179315,
649,Italy,ITA,IT,HOUSECOST,NOMINAL,IDX2015,A,1973,3.8308100460000003,
650,Italy,ITA,IT,HOUSECOST,NOMINAL,IDX2015,A,1974,6.536280913,
651,Italy,ITA,IT,HOUSECOST,NOMINAL,IDX2015,A,1975,7.21872299,
652,Italy,ITA,IT,HOUSECOST,NOMINAL,IDX2015,A,1976,8.98028606,
653,Italy,ITA,IT,HOUSECOST,NOMINAL,IDX2015,A,1977,10.47570672,
654,Italy,ITA,IT,HOUSECOST,NOMINAL,IDX2015,A,1978,12.03585566,
655,Italy,ITA,IT,HOUSECOST,NOMINAL,IDX2015,A,1979,14.71955015,
656,Italy,ITA,IT,HOUSECOST,NOMINAL,IDX2015,A,1980,18.36739503,
657,Italy,ITA,IT,HOUSECOST,NOMINAL,IDX2015,A,1981,25.00006845,
658,Italy,ITA,IT,HOUSECOST,NOMINAL,IDX2015,A,1982,28.29220579,
659,Italy,ITA,IT,HOUSECOST,NOMINAL,IDX2015,A,1983,29.20052945,
660,Italy,ITA,IT,HOUSECOST,NOMINAL,IDX2015,A,1984,28.86330116,
661,Italy,ITA,IT,HOUSECOST,NOMINAL,IDX2015,A,1985,28.25266779,
662,Italy,ITA,IT,HOUSECOST,NOMINAL,IDX2015,A,1986,29.25240025,
663,Italy,ITA,IT,HOUSECOST,NOMINAL,IDX2015,A,1987,31.70723189,
664,Italy,ITA,IT,HOUSECOST,NOMINAL,IDX2015,A,1988,35.17054811,
665,Italy,ITA,IT,HOUSECOST,NOMINAL,IDX2015,A,1989,46.26297751,
666,Italy,ITA,IT,HOUSECOST,NOMINAL,IDX2015,A,1990,56.21642287,
667,Italy,ITA,IT,HOUSECOST,NOMINAL,IDX2015,A,1991,62.43734245,
668,Italy,ITA,IT,HOUSECOST,NOMINAL,IDX2015,A,1992,66.30445673,
669,Italy,ITA,IT,HOUSECOST,NOMINAL,IDX2015,A,1993,66.45414011,
670,Italy,ITA,IT,HOUSECOST,NOMINAL,IDX2015,A,1994,64.5597648,
671,Italy,ITA,IT,HOUSECOST,NOMINAL,IDX2015,A,1995,65.05489396,
672,Italy,ITA,IT,HOUSECOST,NOMINAL,IDX2015,A,1996,62.90972560000001,
673,Italy,ITA,IT,HOUSECOST,NOMINAL,IDX2015,A,1997,60.00381345,
674,Italy,ITA,IT,HOUSECOST,NOMINAL,IDX2015,A,1998,61.25557744,
675,Italy,ITA,IT,HOUSECOST,NOMINAL,IDX2015,A,1999,64.66879887,
676,Italy,ITA,IT,HOUSECOST,NOMINAL,IDX2015,A,2000,70.01322947,
677,Italy,ITA,IT,HOUSECOST,NOMINAL,IDX2015,A,2001,75.75490803,
678,Italy,ITA,IT,HOUSECOST,NOMINAL,IDX2015,A,2002,83.011764,
679,Italy,ITA,IT,HOUSECOST,NOMINAL,IDX2015,A,2003,91.54459745,
680,Italy,ITA,IT,HOUSECOST,NOMINAL,IDX2015,A,2004,100.6366891,
681,Italy,ITA,IT,HOUSECOST,NOMINAL,IDX2015,A,2005,108.22578349999999,
682,Italy,ITA,IT,HOUSECOST,NOMINAL,IDX2015,A,2006,115.1911971,
683,Italy,ITA,IT,HOUSECOST,NOMINAL,IDX2015,A,2007,121.13025230000001,
684,Italy,ITA,IT,HOUSECOST,NOMINAL,IDX2015,A,2008,123.17709920000001,
685,Italy,ITA,IT,HOUSECOST,NOMINAL,IDX2015,A,2009,118.64653529999998,
686,Italy,ITA,IT,HOUSECOST,NOMINAL,IDX2015,A,2010,118.1,
687,Italy,ITA,IT,HOUSECOST,NOMINAL,IDX2015,A,2011,119.7,
688,Italy,ITA,IT,HOUSECOST,NOMINAL,IDX2015,A,2012,116.65,
689,Italy,ITA,IT,HOUSECOST,NOMINAL,IDX2015,A,2013,109.1,
690,Italy,ITA,IT,HOUSECOST,NOMINAL,IDX2015,A,2014,103.95,
691,Italy,ITA,IT,HOUSECOST,NOMINAL,IDX2015,A,2015,100.0,
692,Italy,ITA,IT,HOUSECOST,NOMINAL,IDX2015,A,2016,100.25,
693,Italy,ITA,IT,HOUSECOST,NOMINAL,IDX2015,A,2017,99.175,
694,Italy,ITA,IT,HOUSECOST,NOMINAL,IDX2015,A,2018,98.625,
695,Italy,ITA,IT,HOUSECOST,NOMINAL,IDX2015,A,2019,98.525,
696,Japan,JPN,JP,HOUSECOST,NOMINAL,IDX2015,A,1960,6.374582673,
697,Japan,JPN,JP,HOUSECOST,NOMINAL,IDX2015,A,1961,8.781190873,
698,Japan,JPN,JP,HOUSECOST,NOMINAL,IDX2015,A,1962,10.58166377,
699,Japan,JPN,JP,HOUSECOST,NOMINAL,IDX2015,A,1963,12.0366276,
700,Japan,JPN,JP,HOUSECOST,NOMINAL,IDX2015,A,1964,13.75221765,
701,Japan,JPN,JP,HOUSECOST,NOMINAL,IDX2015,A,1965,15.27771793,
702,Japan,JPN,JP,HOUSECOST,NOMINAL,IDX2015,A,1966,16.35130668,
703,Japan,JPN,JP,HOUSECOST,NOMINAL,IDX2015,A,1967,18.51283059,
704,Japan,JPN,JP,HOUSECOST,NOMINAL,IDX2015,A,1968,21.77304945,
705,Japan,JPN,JP,HOUSECOST,NOMINAL,IDX2015,A,1969,26.37943861,
706,Japan,JPN,JP,HOUSECOST,NOMINAL,IDX2015,A,1970,31.83704737,
707,Japan,JPN,JP,HOUSECOST,NOMINAL,IDX2015,A,1971,37.01370584,
708,Japan,JPN,JP,HOUSECOST,NOMINAL,IDX2015,A,1972,43.43730538,
709,Japan,JPN,JP,HOUSECOST,NOMINAL,IDX2015,A,1973,57.72751293,
710,Japan,JPN,JP,HOUSECOST,NOMINAL,IDX2015,A,1974,65.55825496,
711,Japan,JPN,JP,HOUSECOST,NOMINAL,IDX2015,A,1975,62.95916593,
712,Japan,JPN,JP,HOUSECOST,NOMINAL,IDX2015,A,1976,64.46912428,
713,Japan,JPN,JP,HOUSECOST,NOMINAL,IDX2015,A,1977,67.25710755,
714,Japan,JPN,JP,HOUSECOST,NOMINAL,IDX2015,A,1978,71.03379672,
715,Japan,JPN,JP,HOUSECOST,NOMINAL,IDX2015,A,1979,77.7514974,
716,Japan,JPN,JP,HOUSECOST,NOMINAL,IDX2015,A,1980,87.95417717,
717,Japan,JPN,JP,HOUSECOST,NOMINAL,IDX2015,A,1981,97.58658764,
718,Japan,JPN,JP,HOUSECOST,NOMINAL,IDX2015,A,1982,105.22484879999999,
719,Japan,JPN,JP,HOUSECOST,NOMINAL,IDX2015,A,1983,110.29630039999999,
720,Japan,JPN,JP,HOUSECOST,NOMINAL,IDX2015,A,1984,113.86138020000001,
721,Japan,JPN,JP,HOUSECOST,NOMINAL,IDX2015,A,1985,116.6374081,
722,Japan,JPN,JP,HOUSECOST,NOMINAL,IDX2015,A,1986,119.68482209999999,
723,Japan,JPN,JP,HOUSECOST,NOMINAL,IDX2015,A,1987,128.6381697,
724,Japan,JPN,JP,HOUSECOST,NOMINAL,IDX2015,A,1988,136.15687759999997,
725,Japan,JPN,JP,HOUSECOST,NOMINAL,IDX2015,A,1989,146.77201630000002,
726,Japan,JPN,JP,HOUSECOST,NOMINAL,IDX2015,A,1990,166.7613303,
727,Japan,JPN,JP,HOUSECOST,NOMINAL,IDX2015,A,1991,173.9154006,
728,Japan,JPN,JP,HOUSECOST,NOMINAL,IDX2015,A,1992,167.2311749,
729,Japan,JPN,JP,HOUSECOST,NOMINAL,IDX2015,A,1993,160.075909,
730,Japan,JPN,JP,HOUSECOST,NOMINAL,IDX2015,A,1994,156.34943230000002,
731,Japan,JPN,JP,HOUSECOST,NOMINAL,IDX2015,A,1995,153.8555501,
732,Japan,JPN,JP,HOUSECOST,NOMINAL,IDX2015,A,1996,151.01735449999998,
733,Japan,JPN,JP,HOUSECOST,NOMINAL,IDX2015,A,1997,148.9036519,
734,Japan,JPN,JP,HOUSECOST,NOMINAL,IDX2015,A,1998,146.38944569999998,
735,Japan,JPN,JP,HOUSECOST,NOMINAL,IDX2015,A,1999,141.8045761,
736,Japan,JPN,JP,HOUSECOST,NOMINAL,IDX2015,A,2000,136.4701073,
737,Japan,JPN,JP,HOUSECOST,NOMINAL,IDX2015,A,2001,130.4565756,
738,Japan,JPN,JP,HOUSECOST,NOMINAL,IDX2015,A,2002,123.49618170000001,
739,Japan,JPN,JP,HOUSECOST,NOMINAL,IDX2015,A,2003,115.85552949999999,
740,Japan,JPN,JP,HOUSECOST,NOMINAL,IDX2015,A,2004,108.78992859999998,
741,Japan,JPN,JP,HOUSECOST,NOMINAL,IDX2015,A,2005,103.49013029999999,
742,Japan,JPN,JP,HOUSECOST,NOMINAL,IDX2015,A,2006,100.4068503,
743,Japan,JPN,JP,HOUSECOST,NOMINAL,IDX2015,A,2007,99.40499353,
744,Japan,JPN,JP,HOUSECOST,NOMINAL,IDX2015,A,2008,99.85293949,
745,Japan,JPN,JP,HOUSECOST,NOMINAL,IDX2015,A,2009,93.97925,
746,Japan,JPN,JP,HOUSECOST,NOMINAL,IDX2015,A,2010,95.34200000000001,
747,Japan,JPN,JP,HOUSECOST,NOMINAL,IDX2015,A,2011,95.4215,
748,Japan,JPN,JP,HOUSECOST,NOMINAL,IDX2015,A,2012,94.589,
749,Japan,JPN,JP,HOUSECOST,NOMINAL,IDX2015,A,2013,96.149,
750,Japan,JPN,JP,HOUSECOST,NOMINAL,IDX2015,A,2014,97.6485,
751,Japan,JPN,JP,HOUSECOST,NOMINAL,IDX2015,A,2015,100.0,
752,Japan,JPN,JP,HOUSECOST,NOMINAL,IDX2015,A,2016,102.2115,
753,Japan,JPN,JP,HOUSECOST,NOMINAL,IDX2015,A,2017,104.80225,
754,Japan,JPN,JP,HOUSECOST,NOMINAL,IDX2015,A,2018,106.84225,
755,Japan,JPN,JP,HOUSECOST,NOMINAL,IDX2015,A,2019,108.54825,
756,Latvia,LVA,LV,HOUSECOST,NOMINAL,IDX2015,A,2006,104.475,
757,Latvia,LVA,LV,HOUSECOST,NOMINAL,IDX2015,A,2007,142.3675,
758,Latvia,LVA,LV,HOUSECOST,NOMINAL,IDX2015,A,2008,143.9425,
759,Latvia,LVA,LV,HOUSECOST,NOMINAL,IDX2015,A,2009,90.24,
760,Latvia,LVA,LV,HOUSECOST,NOMINAL,IDX2015,A,2010,80.35,
761,Latvia,LVA,LV,HOUSECOST,NOMINAL,IDX2015,A,2011,88.725,
762,Latvia,LVA,LV,HOUSECOST,NOMINAL,IDX2015,A,2012,91.3625,
763,Latvia,LVA,LV,HOUSECOST,NOMINAL,IDX2015,A,2013,97.6225,
764,Latvia,LVA,LV,HOUSECOST,NOMINAL,IDX2015,A,2014,103.475,
765,Latvia,LVA,LV,HOUSECOST,NOMINAL,IDX2015,A,2015,100.0,
766,Latvia,LVA,LV,HOUSECOST,NOMINAL,IDX2015,A,2016,108.4875,
767,Latvia,LVA,LV,HOUSECOST,NOMINAL,IDX2015,A,2017,118.0125,
768,Latvia,LVA,LV,HOUSECOST,NOMINAL,IDX2015,A,2018,129.3,
769,Latvia,LVA,LV,HOUSECOST,NOMINAL,IDX2015,A,2019,140.875,
770,Lithuania,LTU,LT,HOUSECOST,NOMINAL,IDX2015,A,2006,94.24749999,
771,Lithuania,LTU,LT,HOUSECOST,NOMINAL,IDX2015,A,2007,119.055,
772,Lithuania,LTU,LT,HOUSECOST,NOMINAL,IDX2015,A,2008,129.755,
773,Lithuania,LTU,LT,HOUSECOST,NOMINAL,IDX2015,A,2009,90.9225,
774,Lithuania,LTU,LT,HOUSECOST,NOMINAL,IDX2015,A,2010,84.2025,
775,Lithuania,LTU,LT,HOUSECOST,NOMINAL,IDX2015,A,2011,89.765,
776,Lithuania,LTU,LT,HOUSECOST,NOMINAL,IDX2015,A,2012,89.5575,
777,Lithuania,LTU,LT,HOUSECOST,NOMINAL,IDX2015,A,2013,90.645,
778,Lithuania,LTU,LT,HOUSECOST,NOMINAL,IDX2015,A,2014,96.47,
779,Lithuania,LTU,LT,HOUSECOST,NOMINAL,IDX2015,A,2015,100.0,
780,Lithuania,LTU,LT,HOUSECOST,NOMINAL,IDX2015,A,2016,105.4,
781,Lithuania,LTU,LT,HOUSECOST,NOMINAL,IDX2015,A,2017,114.7975,
782,Lithuania,LTU,LT,HOUSECOST,NOMINAL,IDX2015,A,2018,123.18,
783,Lithuania,LTU,LT,HOUSECOST,NOMINAL,IDX2015,A,2019,131.61,
784,Luxembourg,LUX,LU,HOUSECOST,NOMINAL,IDX2015,A,2007,74.42018605,
785,Luxembourg,LUX,LU,HOUSECOST,NOMINAL,IDX2015,A,2008,76.90769227,
786,Luxembourg,LUX,LU,HOUSECOST,NOMINAL,IDX2015,A,2009,76.02019005,
787,Luxembourg,LUX,LU,HOUSECOST,NOMINAL,IDX2015,A,2010,80.14020035,
788,Luxembourg,LUX,LU,HOUSECOST,NOMINAL,IDX2015,A,2011,83.08745772,
789,Luxembourg,LUX,LU,HOUSECOST,NOMINAL,IDX2015,A,2012,86.57546644,
790,Luxembourg,LUX,LU,HOUSECOST,NOMINAL,IDX2015,A,2013,90.89472724,
791,Luxembourg,LUX,LU,HOUSECOST,NOMINAL,IDX2015,A,2014,94.87773719,
792,Luxembourg,LUX,LU,HOUSECOST,NOMINAL,IDX2015,A,2015,100.0,
793,Luxembourg,LUX,LU,HOUSECOST,NOMINAL,IDX2015,A,2016,106.00626499999998,
794,Luxembourg,LUX,LU,HOUSECOST,NOMINAL,IDX2015,A,2017,111.95977990000002,
795,Luxembourg,LUX,LU,HOUSECOST,NOMINAL,IDX2015,A,2018,119.86179969999999,
796,Luxembourg,LUX,LU,HOUSECOST,NOMINAL,IDX2015,A,2019,131.98683,
797,Mexico,MEX,MX,HOUSECOST,NOMINAL,IDX2015,A,2005,58.04885488,
798,Mexico,MEX,MX,HOUSECOST,NOMINAL,IDX2015,A,2006,61.99084502,
799,Mexico,MEX,MX,HOUSECOST,NOMINAL,IDX2015,A,2007,66.75708311,
800,Mexico,MEX,MX,HOUSECOST,NOMINAL,IDX2015,A,2008,71.36107159999999,
801,Mexico,MEX,MX,HOUSECOST,NOMINAL,IDX2015,A,2009,75.08656228,
802,Mexico,MEX,MX,HOUSECOST,NOMINAL,IDX2015,A,2010,77.28155679999999,
803,Mexico,MEX,MX,HOUSECOST,NOMINAL,IDX2015,A,2011,81.76454559,
804,Mexico,MEX,MX,HOUSECOST,NOMINAL,IDX2015,A,2012,84.36753908,
805,Mexico,MEX,MX,HOUSECOST,NOMINAL,IDX2015,A,2013,88.68852828,
806,Mexico,MEX,MX,HOUSECOST,NOMINAL,IDX2015,A,2014,92.46551884,
807,Mexico,MEX,MX,HOUSECOST,NOMINAL,IDX2015,A,2015,100.0,
808,Mexico,MEX,MX,HOUSECOST,NOMINAL,IDX2015,A,2016,107.2824818,
809,Mexico,MEX,MX,HOUSECOST,NOMINAL,IDX2015,A,2017,115.6867108,
810,Mexico,MEX,MX,HOUSECOST,NOMINAL,IDX2015,A,2018,125.9514351,
811,Mexico,MEX,MX,HOUSECOST,NOMINAL,IDX2015,A,2019,136.7389082,
812,Netherlands,NLD,NL,HOUSECOST,NOMINAL,IDX2015,A,1970,9.650302392999999,
813,Netherlands,NLD,NL,HOUSECOST,NOMINAL,IDX2015,A,1971,10.85837577,
814,Netherlands,NLD,NL,HOUSECOST,NOMINAL,IDX2015,A,1972,11.96849726,
815,Netherlands,NLD,NL,HOUSECOST,NOMINAL,IDX2015,A,1973,13.45614167,
816,Netherlands,NLD,NL,HOUSECOST,NOMINAL,IDX2015,A,1974,15.01112802,
817,Netherlands,NLD,NL,HOUSECOST,NOMINAL,IDX2015,A,1975,16.92527131,
818,Netherlands,NLD,NL,HOUSECOST,NOMINAL,IDX2015,A,1976,22.14912805,
819,Netherlands,NLD,NL,HOUSECOST,NOMINAL,IDX2015,A,1977,30.68176036,
820,Netherlands,NLD,NL,HOUSECOST,NOMINAL,IDX2015,A,1978,33.21710304,
821,Netherlands,NLD,NL,HOUSECOST,NOMINAL,IDX2015,A,1979,31.48612957,
822,Netherlands,NLD,NL,HOUSECOST,NOMINAL,IDX2015,A,1980,28.87811038,
823,Netherlands,NLD,NL,HOUSECOST,NOMINAL,IDX2015,A,1981,25.97606252,
824,Netherlands,NLD,NL,HOUSECOST,NOMINAL,IDX2015,A,1982,23.11867368,
825,Netherlands,NLD,NL,HOUSECOST,NOMINAL,IDX2015,A,1983,23.53488111,
826,Netherlands,NLD,NL,HOUSECOST,NOMINAL,IDX2015,A,1984,23.3680715,
827,Netherlands,NLD,NL,HOUSECOST,NOMINAL,IDX2015,A,1985,23.40771835,
828,Netherlands,NLD,NL,HOUSECOST,NOMINAL,IDX2015,A,1986,24.52427832,
829,Netherlands,NLD,NL,HOUSECOST,NOMINAL,IDX2015,A,1987,25.67876748,
830,Netherlands,NLD,NL,HOUSECOST,NOMINAL,IDX2015,A,1988,26.86301994,
831,Netherlands,NLD,NL,HOUSECOST,NOMINAL,IDX2015,A,1989,28.65019733,
832,Netherlands,NLD,NL,HOUSECOST,NOMINAL,IDX2015,A,1990,29.21674177,
833,Netherlands,NLD,NL,HOUSECOST,NOMINAL,IDX2015,A,1991,29.96986292,
834,Netherlands,NLD,NL,HOUSECOST,NOMINAL,IDX2015,A,1992,32.48208766,
835,Netherlands,NLD,NL,HOUSECOST,NOMINAL,IDX2015,A,1993,35.16115016,
836,Netherlands,NLD,NL,HOUSECOST,NOMINAL,IDX2015,A,1994,39.49417326,
837,Netherlands,NLD,NL,HOUSECOST,NOMINAL,IDX2015,A,1995,42.34066485,
838,Netherlands,NLD,NL,HOUSECOST,NOMINAL,IDX2015,A,1996,46.90230497,
839,Netherlands,NLD,NL,HOUSECOST,NOMINAL,IDX2015,A,1997,52.48704775,
840,Netherlands,NLD,NL,HOUSECOST,NOMINAL,IDX2015,A,1998,58.19380032,
841,Netherlands,NLD,NL,HOUSECOST,NOMINAL,IDX2015,A,1999,67.7112682,
842,Netherlands,NLD,NL,HOUSECOST,NOMINAL,IDX2015,A,2000,80.06334489,
843,Netherlands,NLD,NL,HOUSECOST,NOMINAL,IDX2015,A,2001,88.94257737,
844,Netherlands,NLD,NL,HOUSECOST,NOMINAL,IDX2015,A,2002,94.65873481,
845,Netherlands,NLD,NL,HOUSECOST,NOMINAL,IDX2015,A,2003,98.03772748,
846,Netherlands,NLD,NL,HOUSECOST,NOMINAL,IDX2015,A,2004,102.2895984,
847,Netherlands,NLD,NL,HOUSECOST,NOMINAL,IDX2015,A,2005,106.2215,
848,Netherlands,NLD,NL,HOUSECOST,NOMINAL,IDX2015,A,2006,110.76025,
849,Netherlands,NLD,NL,HOUSECOST,NOMINAL,IDX2015,A,2007,116.124,
850,Netherlands,NLD,NL,HOUSECOST,NOMINAL,IDX2015,A,2008,118.66975,
851,Netherlands,NLD,NL,HOUSECOST,NOMINAL,IDX2015,A,2009,113.37825,
852,Netherlands,NLD,NL,HOUSECOST,NOMINAL,IDX2015,A,2010,111.428,
853,Netherlands,NLD,NL,HOUSECOST,NOMINAL,IDX2015,A,2011,109.21725,
854,Netherlands,NLD,NL,HOUSECOST,NOMINAL,IDX2015,A,2012,101.8855,
855,Netherlands,NLD,NL,HOUSECOST,NOMINAL,IDX2015,A,2013,95.7715,
856,Netherlands,NLD,NL,HOUSECOST,NOMINAL,IDX2015,A,2014,96.5565,
857,Netherlands,NLD,NL,HOUSECOST,NOMINAL,IDX2015,A,2015,100.0,
858,Netherlands,NLD,NL,HOUSECOST,NOMINAL,IDX2015,A,2016,105.0515,
859,Netherlands,NLD,NL,HOUSECOST,NOMINAL,IDX2015,A,2017,112.97825,
860,Netherlands,NLD,NL,HOUSECOST,NOMINAL,IDX2015,A,2018,123.65575,
861,Netherlands,NLD,NL,HOUSECOST,NOMINAL,IDX2015,A,2019,132.658,
862,New Zealand,NZL,NZ,HOUSECOST,NOMINAL,IDX2015,A,1970,1.890739481,
863,New Zealand,NZL,NZ,HOUSECOST,NOMINAL,IDX2015,A,1971,2.102257345,
864,New Zealand,NZL,NZ,HOUSECOST,NOMINAL,IDX2015,A,1972,2.391149928,
865,New Zealand,NZL,NZ,HOUSECOST,NOMINAL,IDX2015,A,1973,3.010224203,
866,New Zealand,NZL,NZ,HOUSECOST,NOMINAL,IDX2015,A,1974,4.204503758,
867,New Zealand,NZL,NZ,HOUSECOST,NOMINAL,IDX2015,A,1975,4.596580853,
868,New Zealand,NZL,NZ,HOUSECOST,NOMINAL,IDX2015,A,1976,4.924171727,
869,New Zealand,NZL,NZ,HOUSECOST,NOMINAL,IDX2015,A,1977,5.2466028289999995,
870,New Zealand,NZL,NZ,HOUSECOST,NOMINAL,IDX2015,A,1978,5.357526999,
871,New Zealand,NZL,NZ,HOUSECOST,NOMINAL,IDX2015,A,1979,5.643839696000001,
872,New Zealand,NZL,NZ,HOUSECOST,NOMINAL,IDX2015,A,1980,6.186484534,
873,New Zealand,NZL,NZ,HOUSECOST,NOMINAL,IDX2015,A,1981,7.62398094,
874,New Zealand,NZL,NZ,HOUSECOST,NOMINAL,IDX2015,A,1982,10.00997498,
875,New Zealand,NZL,NZ,HOUSECOST,NOMINAL,IDX2015,A,1983,11.00772248,
876,New Zealand,NZL,NZ,HOUSECOST,NOMINAL,IDX2015,A,1984,12.42371894,
877,New Zealand,NZL,NZ,HOUSECOST,NOMINAL,IDX2015,A,1985,14.18471454,
878,New Zealand,NZL,NZ,HOUSECOST,NOMINAL,IDX2015,A,1986,15.639710899999999,
879,New Zealand,NZL,NZ,HOUSECOST,NOMINAL,IDX2015,A,1987,18.31220422,
880,New Zealand,NZL,NZ,HOUSECOST,NOMINAL,IDX2015,A,1988,20.70469824,
881,New Zealand,NZL,NZ,HOUSECOST,NOMINAL,IDX2015,A,1989,22.000945,
882,New Zealand,NZL,NZ,HOUSECOST,NOMINAL,IDX2015,A,1990,23.200442000000002,
883,New Zealand,NZL,NZ,HOUSECOST,NOMINAL,IDX2015,A,1991,22.65894335,
884,New Zealand,NZL,NZ,HOUSECOST,NOMINAL,IDX2015,A,1992,22.81919295,
885,New Zealand,NZL,NZ,HOUSECOST,NOMINAL,IDX2015,A,1993,23.758940600000003,
886,New Zealand,NZL,NZ,HOUSECOST,NOMINAL,IDX2015,A,1994,27.0014325,
887,New Zealand,NZL,NZ,HOUSECOST,NOMINAL,IDX2015,A,1995,29.49067627,
888,New Zealand,NZL,NZ,HOUSECOST,NOMINAL,IDX2015,A,1996,32.438918900000004,
889,New Zealand,NZL,NZ,HOUSECOST,NOMINAL,IDX2015,A,1997,34.40566399,
890,New Zealand,NZL,NZ,HOUSECOST,NOMINAL,IDX2015,A,1998,33.78791553,
891,New Zealand,NZL,NZ,HOUSECOST,NOMINAL,IDX2015,A,1999,34.49891375,
892,New Zealand,NZL,NZ,HOUSECOST,NOMINAL,IDX2015,A,2000,34.37641406,
893,New Zealand,NZL,NZ,HOUSECOST,NOMINAL,IDX2015,A,2001,35.01841245,
894,New Zealand,NZL,NZ,HOUSECOST,NOMINAL,IDX2015,A,2002,38.70015325,
895,New Zealand,NZL,NZ,HOUSECOST,NOMINAL,IDX2015,A,2003,46.26363434,
896,New Zealand,NZL,NZ,HOUSECOST,NOMINAL,IDX2015,A,2004,54.52311369,
897,New Zealand,NZL,NZ,HOUSECOST,NOMINAL,IDX2015,A,2005,62.24309439,
898,New Zealand,NZL,NZ,HOUSECOST,NOMINAL,IDX2015,A,2006,68.53582866,
899,New Zealand,NZL,NZ,HOUSECOST,NOMINAL,IDX2015,A,2007,75.99306002,
900,New Zealand,NZL,NZ,HOUSECOST,NOMINAL,IDX2015,A,2008,72.66106835,
901,New Zealand,NZL,NZ,HOUSECOST,NOMINAL,IDX2015,A,2009,71.51032122,
902,New Zealand,NZL,NZ,HOUSECOST,NOMINAL,IDX2015,A,2010,72.89881775,
903,New Zealand,NZL,NZ,HOUSECOST,NOMINAL,IDX2015,A,2011,73.44556639,
904,New Zealand,NZL,NZ,HOUSECOST,NOMINAL,IDX2015,A,2012,76.72705818,
905,New Zealand,NZL,NZ,HOUSECOST,NOMINAL,IDX2015,A,2013,83.53379117,
906,New Zealand,NZL,NZ,HOUSECOST,NOMINAL,IDX2015,A,2014,88.95877759999999,
907,New Zealand,NZL,NZ,HOUSECOST,NOMINAL,IDX2015,A,2015,100.0,
908,New Zealand,NZL,NZ,HOUSECOST,NOMINAL,IDX2015,A,2016,114.17821459999999,
909,New Zealand,NZL,NZ,HOUSECOST,NOMINAL,IDX2015,A,2017,121.59619599999999,
910,New Zealand,NZL,NZ,HOUSECOST,NOMINAL,IDX2015,A,2018,125.9656851,
911,New Zealand,NZL,NZ,HOUSECOST,NOMINAL,IDX2015,A,2019,129.8999253,
912,Norway,NOR,NO,HOUSECOST,NOMINAL,IDX2015,A,1970,4.250488102,
913,Norway,NOR,NO,HOUSECOST,NOMINAL,IDX2015,A,1971,4.3963410110000005,
914,Norway,NOR,NO,HOUSECOST,NOMINAL,IDX2015,A,1972,4.627514987,
915,Norway,NOR,NO,HOUSECOST,NOMINAL,IDX2015,A,1973,5.046625912,
916,Norway,NOR,NO,HOUSECOST,NOMINAL,IDX2015,A,1974,5.827774885,
917,Norway,NOR,NO,HOUSECOST,NOMINAL,IDX2015,A,1975,6.5114964220000005,
918,Norway,NOR,NO,HOUSECOST,NOMINAL,IDX2015,A,1976,7.107590915,
919,Norway,NOR,NO,HOUSECOST,NOMINAL,IDX2015,A,1977,7.835125973999999,
920,Norway,NOR,NO,HOUSECOST,NOMINAL,IDX2015,A,1978,8.196011034,
921,Norway,NOR,NO,HOUSECOST,NOMINAL,IDX2015,A,1979,8.524035954,
922,Norway,NOR,NO,HOUSECOST,NOMINAL,IDX2015,A,1980,9.402612363,
923,Norway,NOR,NO,HOUSECOST,NOMINAL,IDX2015,A,1981,10.34690906,
924,Norway,NOR,NO,HOUSECOST,NOMINAL,IDX2015,A,1982,11.30561809,
925,Norway,NOR,NO,HOUSECOST,NOMINAL,IDX2015,A,1983,12.08215511,
926,Norway,NOR,NO,HOUSECOST,NOMINAL,IDX2015,A,1984,13.78511752,
927,Norway,NOR,NO,HOUSECOST,NOMINAL,IDX2015,A,1985,16.6364554,
928,Norway,NOR,NO,HOUSECOST,NOMINAL,IDX2015,A,1986,21.81509837,
929,Norway,NOR,NO,HOUSECOST,NOMINAL,IDX2015,A,1987,23.43043374,
930,Norway,NOR,NO,HOUSECOST,NOMINAL,IDX2015,A,1988,24.313622100000003,
931,Norway,NOR,NO,HOUSECOST,NOMINAL,IDX2015,A,1989,22.75017116,
932,Norway,NOR,NO,HOUSECOST,NOMINAL,IDX2015,A,1990,21.10082267,
933,Norway,NOR,NO,HOUSECOST,NOMINAL,IDX2015,A,1991,19.79794689,
934,Norway,NOR,NO,HOUSECOST,NOMINAL,IDX2015,A,1992,18.8,
935,Norway,NOR,NO,HOUSECOST,NOMINAL,IDX2015,A,1993,18.975,
936,Norway,NOR,NO,HOUSECOST,NOMINAL,IDX2015,A,1994,21.475,
937,Norway,NOR,NO,HOUSECOST,NOMINAL,IDX2015,A,1995,23.05,
938,Norway,NOR,NO,HOUSECOST,NOMINAL,IDX2015,A,1996,25.125,
939,Norway,NOR,NO,HOUSECOST,NOMINAL,IDX2015,A,1997,28.125,
940,Norway,NOR,NO,HOUSECOST,NOMINAL,IDX2015,A,1998,31.25,
941,Norway,NOR,NO,HOUSECOST,NOMINAL,IDX2015,A,1999,34.725,
942,Norway,NOR,NO,HOUSECOST,NOMINAL,IDX2015,A,2000,40.25,
943,Norway,NOR,NO,HOUSECOST,NOMINAL,IDX2015,A,2001,43.025,
944,Norway,NOR,NO,HOUSECOST,NOMINAL,IDX2015,A,2002,45.175,
945,Norway,NOR,NO,HOUSECOST,NOMINAL,IDX2015,A,2003,45.925,
946,Norway,NOR,NO,HOUSECOST,NOMINAL,IDX2015,A,2004,50.6,
947,Norway,NOR,NO,HOUSECOST,NOMINAL,IDX2015,A,2005,54.775,
948,Norway,NOR,NO,HOUSECOST,NOMINAL,IDX2015,A,2006,62.275,
949,Norway,NOR,NO,HOUSECOST,NOMINAL,IDX2015,A,2007,70.1,
950,Norway,NOR,NO,HOUSECOST,NOMINAL,IDX2015,A,2008,69.35,
951,Norway,NOR,NO,HOUSECOST,NOMINAL,IDX2015,A,2009,70.675,
952,Norway,NOR,NO,HOUSECOST,NOMINAL,IDX2015,A,2010,76.475,
953,Norway,NOR,NO,HOUSECOST,NOMINAL,IDX2015,A,2011,82.6,
954,Norway,NOR,NO,HOUSECOST,NOMINAL,IDX2015,A,2012,88.2,
955,Norway,NOR,NO,HOUSECOST,NOMINAL,IDX2015,A,2013,91.75,
956,Norway,NOR,NO,HOUSECOST,NOMINAL,IDX2015,A,2014,94.25,
957,Norway,NOR,NO,HOUSECOST,NOMINAL,IDX2015,A,2015,100.0,
958,Norway,NOR,NO,HOUSECOST,NOMINAL,IDX2015,A,2016,107.025,
959,Norway,NOR,NO,HOUSECOST,NOMINAL,IDX2015,A,2017,112.35,
960,Norway,NOR,NO,HOUSECOST,NOMINAL,IDX2015,A,2018,113.975,
961,Norway,NOR,NO,HOUSECOST,NOMINAL,IDX2015,A,2019,116.8,
962,Poland,POL,PL,HOUSECOST,NOMINAL,IDX2015,A,2005,56.005,
963,Poland,POL,PL,HOUSECOST,NOMINAL,IDX2015,A,2006,76.515,
964,Poland,POL,PL,HOUSECOST,NOMINAL,IDX2015,A,2007,113.8175,
965,Poland,POL,PL,HOUSECOST,NOMINAL,IDX2015,A,2008,112.9175,
966,Poland,POL,PL,HOUSECOST,NOMINAL,IDX2015,A,2009,109.77,
967,Poland,POL,PL,HOUSECOST,NOMINAL,IDX2015,A,2010,105.61,
968,Poland,POL,PL,HOUSECOST,NOMINAL,IDX2015,A,2011,105.695,
969,Poland,POL,PL,HOUSECOST,NOMINAL,IDX2015,A,2012,102.005,
970,Poland,POL,PL,HOUSECOST,NOMINAL,IDX2015,A,2013,97.535,
971,Poland,POL,PL,HOUSECOST,NOMINAL,IDX2015,A,2014,98.5,
972,Poland,POL,PL,HOUSECOST,NOMINAL,IDX2015,A,2015,100.0,
973,Poland,POL,PL,HOUSECOST,NOMINAL,IDX2015,A,2016,101.8575,
974,Poland,POL,PL,HOUSECOST,NOMINAL,IDX2015,A,2017,105.7825,
975,Poland,POL,PL,HOUSECOST,NOMINAL,IDX2015,A,2018,112.7425,
976,Poland,POL,PL,HOUSECOST,NOMINAL,IDX2015,A,2019,122.5225,
977,Portugal,PRT,PT,HOUSECOST,NOMINAL,IDX2015,A,1988,40.470146299999996,
978,Portugal,PRT,PT,HOUSECOST,NOMINAL,IDX2015,A,1989,47.7943152,
979,Portugal,PRT,PT,HOUSECOST,NOMINAL,IDX2015,A,1990,54.9766528,
980,Portugal,PRT,PT,HOUSECOST,NOMINAL,IDX2015,A,1991,65.62818426,
981,Portugal,PRT,PT,HOUSECOST,NOMINAL,IDX2015,A,1992,73.7891579,
982,Portugal,PRT,PT,HOUSECOST,NOMINAL,IDX2015,A,1993,74.72240792,
983,Portugal,PRT,PT,HOUSECOST,NOMINAL,IDX2015,A,1994,76.42722028,
984,Portugal,PRT,PT,HOUSECOST,NOMINAL,IDX2015,A,1995,77.59874691,
985,Portugal,PRT,PT,HOUSECOST,NOMINAL,IDX2015,A,1996,78.86388221,
986,Portugal,PRT,PT,HOUSECOST,NOMINAL,IDX2015,A,1997,81.72603807,
987,Portugal,PRT,PT,HOUSECOST,NOMINAL,IDX2015,A,1998,85.36826613,
988,Portugal,PRT,PT,HOUSECOST,NOMINAL,IDX2015,A,1999,93.03283018,
989,Portugal,PRT,PT,HOUSECOST,NOMINAL,IDX2015,A,2000,100.2406974,
990,Portugal,PRT,PT,HOUSECOST,NOMINAL,IDX2015,A,2001,105.6728366,
991,Portugal,PRT,PT,HOUSECOST,NOMINAL,IDX2015,A,2002,106.33093390000002,
992,Portugal,PRT,PT,HOUSECOST,NOMINAL,IDX2015,A,2003,107.47976750000001,
993,Portugal,PRT,PT,HOUSECOST,NOMINAL,IDX2015,A,2004,108.1662311,
994,Portugal,PRT,PT,HOUSECOST,NOMINAL,IDX2015,A,2005,110.62274939999999,
995,Portugal,PRT,PT,HOUSECOST,NOMINAL,IDX2015,A,2006,112.9544561,
996,Portugal,PRT,PT,HOUSECOST,NOMINAL,IDX2015,A,2007,113.4678855,
997,Portugal,PRT,PT,HOUSECOST,NOMINAL,IDX2015,A,2008,106.3082409,
998,Portugal,PRT,PT,HOUSECOST,NOMINAL,IDX2015,A,2009,106.5375,
999,Portugal,PRT,PT,HOUSECOST,NOMINAL,IDX2015,A,2010,107.3575,
1000,Portugal,PRT,PT,HOUSECOST,NOMINAL,IDX2015,A,2011,102.0925,
1001,Portugal,PRT,PT,HOUSECOST,NOMINAL,IDX2015,A,2012,94.8725,
1002,Portugal,PRT,PT,HOUSECOST,NOMINAL,IDX2015,A,2013,93.085,
1003,Portugal,PRT,PT,HOUSECOST,NOMINAL,IDX2015,A,2014,97.0375,
1004,Portugal,PRT,PT,HOUSECOST,NOMINAL,IDX2015,A,2015,100.0,
1005,Portugal,PRT,PT,HOUSECOST,NOMINAL,IDX2015,A,2016,107.115,
1006,Portugal,PRT,PT,HOUSECOST,NOMINAL,IDX2015,A,2017,117.015,
1007,Portugal,PRT,PT,HOUSECOST,NOMINAL,IDX2015,A,2018,129.0325,
1008,Portugal,PRT,PT,HOUSECOST,NOMINAL,IDX2015,A,2019,141.4625,
1009,Romania,ROU,RO,HOUSECOST,NOMINAL,IDX2015,A,2009,129.2775,
1010,Romania,ROU,RO,HOUSECOST,NOMINAL,IDX2015,A,2010,119.5425,
1011,Romania,ROU,RO,HOUSECOST,NOMINAL,IDX2015,A,2011,104.8275,
1012,Romania,ROU,RO,HOUSECOST,NOMINAL,IDX2015,A,2012,99.51,
1013,Romania,ROU,RO,HOUSECOST,NOMINAL,IDX2015,A,2013,99.26,
1014,Romania,ROU,RO,HOUSECOST,NOMINAL,IDX2015,A,2014,97.22,
1015,Romania,ROU,RO,HOUSECOST,NOMINAL,IDX2015,A,2015,100.0,
1016,Romania,ROU,RO,HOUSECOST,NOMINAL,IDX2015,A,2016,105.95,
1017,Romania,ROU,RO,HOUSECOST,NOMINAL,IDX2015,A,2017,112.355,
1018,Romania,ROU,RO,HOUSECOST,NOMINAL,IDX2015,A,2018,118.6175,
1019,Romania,ROU,RO,HOUSECOST,NOMINAL,IDX2015,A,2019,122.69,
1020,Russia,RUS,RU,HOUSECOST,NOMINAL,IDX2015,A,2001,18.69825,
1021,Russia,RUS,RU,HOUSECOST,NOMINAL,IDX2015,A,2002,23.4905,
1022,Russia,RUS,RU,HOUSECOST,NOMINAL,IDX2015,A,2003,29.37025,
1023,Russia,RUS,RU,HOUSECOST,NOMINAL,IDX2015,A,2004,37.8025,
1024,Russia,RUS,RU,HOUSECOST,NOMINAL,IDX2015,A,2005,45.7065,
1025,Russia,RUS,RU,HOUSECOST,NOMINAL,IDX2015,A,2006,60.51525,
1026,Russia,RUS,RU,HOUSECOST,NOMINAL,IDX2015,A,2007,84.37575,
1027,Russia,RUS,RU,HOUSECOST,NOMINAL,IDX2015,A,2008,98.69975,
1028,Russia,RUS,RU,HOUSECOST,NOMINAL,IDX2015,A,2009,93.955,
1029,Russia,RUS,RU,HOUSECOST,NOMINAL,IDX2015,A,2010,92.5275,
1030,Russia,RUS,RU,HOUSECOST,NOMINAL,IDX2015,A,2011,81.87275,
1031,Russia,RUS,RU,HOUSECOST,NOMINAL,IDX2015,A,2012,89.869,
1032,Russia,RUS,RU,HOUSECOST,NOMINAL,IDX2015,A,2013,95.574,
1033,Russia,RUS,RU,HOUSECOST,NOMINAL,IDX2015,A,2014,97.9095,
1034,Russia,RUS,RU,HOUSECOST,NOMINAL,IDX2015,A,2015,100.0,
1035,Russia,RUS,RU,HOUSECOST,NOMINAL,IDX2015,A,2016,102.8555,
1036,Russia,RUS,RU,HOUSECOST,NOMINAL,IDX2015,A,2017,108.78200000000001,
1037,Russia,RUS,RU,HOUSECOST,NOMINAL,IDX2015,A,2018,116.1475,
1038,Russia,RUS,RU,HOUSECOST,NOMINAL,IDX2015,A,2019,119.822,
1039,Saudi Arabia,SAU,SA,HOUSECOST,NOMINAL,IDX2015,A,2014,101.189,
1040,Saudi Arabia,SAU,SA,HOUSECOST,NOMINAL,IDX2015,A,2015,100.0,
1041,Saudi Arabia,SAU,SA,HOUSECOST,NOMINAL,IDX2015,A,2016,95.09100000000001,
1042,Saudi Arabia,SAU,SA,HOUSECOST,NOMINAL,IDX2015,A,2017,88.9675,
1043,Saudi Arabia,SAU,SA,HOUSECOST,NOMINAL,IDX2015,A,2018,86.4625,
1044,Saudi Arabia,SAU,SA,HOUSECOST,NOMINAL,IDX2015,A,2019,83.50225,
1045,Slovakia,SVK,SK,HOUSECOST,NOMINAL,IDX2015,A,2005,65.09653625,
1046,Slovakia,SVK,SK,HOUSECOST,NOMINAL,IDX2015,A,2006,75.98681003,
1047,Slovakia,SVK,SK,HOUSECOST,NOMINAL,IDX2015,A,2007,98.00475499,
1048,Slovakia,SVK,SK,HOUSECOST,NOMINAL,IDX2015,A,2008,115.55271110000001,
1049,Slovakia,SVK,SK,HOUSECOST,NOMINAL,IDX2015,A,2009,100.81724799999999,
1050,Slovakia,SVK,SK,HOUSECOST,NOMINAL,IDX2015,A,2010,96.78425804,
1051,Slovakia,SVK,SK,HOUSECOST,NOMINAL,IDX2015,A,2011,95.32926168,
1052,Slovakia,SVK,SK,HOUSECOST,NOMINAL,IDX2015,A,2012,92.75426811,
1053,Slovakia,SVK,SK,HOUSECOST,NOMINAL,IDX2015,A,2013,93.58676603,
1054,Slovakia,SVK,SK,HOUSECOST,NOMINAL,IDX2015,A,2014,94.90676273,
1055,Slovakia,SVK,SK,HOUSECOST,NOMINAL,IDX2015,A,2015,100.0,
1056,Slovakia,SVK,SK,HOUSECOST,NOMINAL,IDX2015,A,2016,106.7027332,
1057,Slovakia,SVK,SK,HOUSECOST,NOMINAL,IDX2015,A,2017,112.9902175,
1058,Slovakia,SVK,SK,HOUSECOST,NOMINAL,IDX2015,A,2018,121.3201967,
1059,Slovakia,SVK,SK,HOUSECOST,NOMINAL,IDX2015,A,2019,132.39516899999998,
1060,Slovenia,SVN,SI,HOUSECOST,NOMINAL,IDX2015,A,2007,120.845,
1061,Slovenia,SVN,SI,HOUSECOST,NOMINAL,IDX2015,A,2008,129.3075,
1062,Slovenia,SVN,SI,HOUSECOST,NOMINAL,IDX2015,A,2009,117.055,
1063,Slovenia,SVN,SI,HOUSECOST,NOMINAL,IDX2015,A,2010,117.205,
1064,Slovenia,SVN,SI,HOUSECOST,NOMINAL,IDX2015,A,2011,120.385,
1065,Slovenia,SVN,SI,HOUSECOST,NOMINAL,IDX2015,A,2012,112.09,
1066,Slovenia,SVN,SI,HOUSECOST,NOMINAL,IDX2015,A,2013,106.21,
1067,Slovenia,SVN,SI,HOUSECOST,NOMINAL,IDX2015,A,2014,99.2025,
1068,Slovenia,SVN,SI,HOUSECOST,NOMINAL,IDX2015,A,2015,100.0,
1069,Slovenia,SVN,SI,HOUSECOST,NOMINAL,IDX2015,A,2016,103.2525,
1070,Slovenia,SVN,SI,HOUSECOST,NOMINAL,IDX2015,A,2017,111.785,
1071,Slovenia,SVN,SI,HOUSECOST,NOMINAL,IDX2015,A,2018,121.5475,
1072,Slovenia,SVN,SI,HOUSECOST,NOMINAL,IDX2015,A,2019,129.69,
1073,South Africa,ZAF,ZA,HOUSECOST,NOMINAL,IDX2015,A,1966,0.726805395,
1074,South Africa,ZAF,ZA,HOUSECOST,NOMINAL,IDX2015,A,1967,0.868128667,
1075,South Africa,ZAF,ZA,HOUSECOST,NOMINAL,IDX2015,A,1968,0.928695783,
1076,South Africa,ZAF,ZA,HOUSECOST,NOMINAL,IDX2015,A,1969,1.0296409770000001,
1077,South Africa,ZAF,ZA,HOUSECOST,NOMINAL,IDX2015,A,1970,1.1911532870000001,
1078,South Africa,ZAF,ZA,HOUSECOST,NOMINAL,IDX2015,A,1971,1.2719094420000001,
1079,South Africa,ZAF,ZA,HOUSECOST,NOMINAL,IDX2015,A,1972,1.332476558,
1080,South Africa,ZAF,ZA,HOUSECOST,NOMINAL,IDX2015,A,1973,1.5141779069999999,
1081,South Africa,ZAF,ZA,HOUSECOST,NOMINAL,IDX2015,A,1974,1.6756902169999999,
1082,South Africa,ZAF,ZA,HOUSECOST,NOMINAL,IDX2015,A,1975,1.79682445,
1083,South Africa,ZAF,ZA,HOUSECOST,NOMINAL,IDX2015,A,1976,1.9179586819999999,
1084,South Africa,ZAF,ZA,HOUSECOST,NOMINAL,IDX2015,A,1977,1.938147721,
1085,South Africa,ZAF,ZA,HOUSECOST,NOMINAL,IDX2015,A,1978,2.039092915,
1086,South Africa,ZAF,ZA,HOUSECOST,NOMINAL,IDX2015,A,1979,2.3015504190000002,
1087,South Africa,ZAF,ZA,HOUSECOST,NOMINAL,IDX2015,A,1980,2.826465427,
1088,South Africa,ZAF,ZA,HOUSECOST,NOMINAL,IDX2015,A,1981,3.8964844810000003,
1089,South Africa,ZAF,ZA,HOUSECOST,NOMINAL,IDX2015,A,1982,4.683856993,
1090,South Africa,ZAF,ZA,HOUSECOST,NOMINAL,IDX2015,A,1983,5.652930854,
1091,South Africa,ZAF,ZA,HOUSECOST,NOMINAL,IDX2015,A,1984,6.137467784,
1092,South Africa,ZAF,ZA,HOUSECOST,NOMINAL,IDX2015,A,1985,5.693308931,
1093,South Africa,ZAF,ZA,HOUSECOST,NOMINAL,IDX2015,A,1986,5.451040466,
1094,South Africa,ZAF,ZA,HOUSECOST,NOMINAL,IDX2015,A,1987,5.996144512000001,
1095,South Africa,ZAF,ZA,HOUSECOST,NOMINAL,IDX2015,A,1988,6.924840296,
1096,South Africa,ZAF,ZA,HOUSECOST,NOMINAL,IDX2015,A,1989,7.893914156,
1097,South Africa,ZAF,ZA,HOUSECOST,NOMINAL,IDX2015,A,1990,9.085067443,
1098,South Africa,ZAF,ZA,HOUSECOST,NOMINAL,IDX2015,A,1991,10.27622073,
1099,South Africa,ZAF,ZA,HOUSECOST,NOMINAL,IDX2015,A,1992,10.72037958,
1100,South Africa,ZAF,ZA,HOUSECOST,NOMINAL,IDX2015,A,1993,11.28567267,
1101,South Africa,ZAF,ZA,HOUSECOST,NOMINAL,IDX2015,A,1994,12.45663692,
1102,South Africa,ZAF,ZA,HOUSECOST,NOMINAL,IDX2015,A,1995,13.40552174,
1103,South Africa,ZAF,ZA,HOUSECOST,NOMINAL,IDX2015,A,1996,13.91024771,
1104,South Africa,ZAF,ZA,HOUSECOST,NOMINAL,IDX2015,A,1997,15.14177907,
1105,South Africa,ZAF,ZA,HOUSECOST,NOMINAL,IDX2015,A,1998,17.2414391,
1106,South Africa,ZAF,ZA,HOUSECOST,NOMINAL,IDX2015,A,1999,18.08937873,
1107,South Africa,ZAF,ZA,HOUSECOST,NOMINAL,IDX2015,A,2000,21.1984907,
1108,South Africa,ZAF,ZA,HOUSECOST,NOMINAL,IDX2015,A,2001,23.94619013,
1109,South Africa,ZAF,ZA,HOUSECOST,NOMINAL,IDX2015,A,2002,27.14993213,
1110,South Africa,ZAF,ZA,HOUSECOST,NOMINAL,IDX2015,A,2003,32.42791893,
1111,South Africa,ZAF,ZA,HOUSECOST,NOMINAL,IDX2015,A,2004,43.36764158,
1112,South Africa,ZAF,ZA,HOUSECOST,NOMINAL,IDX2015,A,2005,55.78461054,
1113,South Africa,ZAF,ZA,HOUSECOST,NOMINAL,IDX2015,A,2006,65.10533724,
1114,South Africa,ZAF,ZA,HOUSECOST,NOMINAL,IDX2015,A,2007,74.51731371,
1115,South Africa,ZAF,ZA,HOUSECOST,NOMINAL,IDX2015,A,2008,73.73931565,
1116,South Africa,ZAF,ZA,HOUSECOST,NOMINAL,IDX2015,A,2009,72.59081852,
1117,South Africa,ZAF,ZA,HOUSECOST,NOMINAL,IDX2015,A,2010,75.7188107,
1118,South Africa,ZAF,ZA,HOUSECOST,NOMINAL,IDX2015,A,2011,78.14480464,
1119,South Africa,ZAF,ZA,HOUSECOST,NOMINAL,IDX2015,A,2012,82.15129462,
1120,South Africa,ZAF,ZA,HOUSECOST,NOMINAL,IDX2015,A,2013,87.44853138,
1121,South Africa,ZAF,ZA,HOUSECOST,NOMINAL,IDX2015,A,2014,94.15126462,
1122,South Africa,ZAF,ZA,HOUSECOST,NOMINAL,IDX2015,A,2015,100.0,
1123,South Africa,ZAF,ZA,HOUSECOST,NOMINAL,IDX2015,A,2016,105.60973600000001,
1124,South Africa,ZAF,ZA,HOUSECOST,NOMINAL,IDX2015,A,2017,110.08347479999999,
1125,South Africa,ZAF,ZA,HOUSECOST,NOMINAL,IDX2015,A,2018,114.26196429999999,
1126,South Africa,ZAF,ZA,HOUSECOST,NOMINAL,IDX2015,A,2019,118.2977043,
1127,South Korea,KOR,KR,HOUSECOST,NOMINAL,IDX2015,A,1986,36.43045524,
1128,South Korea,KOR,KR,HOUSECOST,NOMINAL,IDX2015,A,1987,36.56342098,
1129,South Korea,KOR,KR,HOUSECOST,NOMINAL,IDX2015,A,1988,42.28059602,
1130,South Korea,KOR,KR,HOUSECOST,NOMINAL,IDX2015,A,1989,48.23242616,
1131,South Korea,KOR,KR,HOUSECOST,NOMINAL,IDX2015,A,1990,56.52275934,
1132,South Korea,KOR,KR,HOUSECOST,NOMINAL,IDX2015,A,1991,62.37290013,
1133,South Korea,KOR,KR,HOUSECOST,NOMINAL,IDX2015,A,1992,58.29814649,
1134,South Korea,KOR,KR,HOUSECOST,NOMINAL,IDX2015,A,1993,56.28029102,
1135,South Korea,KOR,KR,HOUSECOST,NOMINAL,IDX2015,A,1994,55.36525113,
1136,South Korea,KOR,KR,HOUSECOST,NOMINAL,IDX2015,A,1995,55.29483818,
1137,South Korea,KOR,KR,HOUSECOST,NOMINAL,IDX2015,A,1996,55.68589871,
1138,South Korea,KOR,KR,HOUSECOST,NOMINAL,IDX2015,A,1997,57.33613335,
1139,South Korea,KOR,KR,HOUSECOST,NOMINAL,IDX2015,A,1998,52.056921700000004,
1140,South Korea,KOR,KR,HOUSECOST,NOMINAL,IDX2015,A,1999,51.39216337,
1141,South Korea,KOR,KR,HOUSECOST,NOMINAL,IDX2015,A,2000,52.33066642,
1142,South Korea,KOR,KR,HOUSECOST,NOMINAL,IDX2015,A,2001,54.39540129,
1143,South Korea,KOR,KR,HOUSECOST,NOMINAL,IDX2015,A,2002,63.44439239,
1144,South Korea,KOR,KR,HOUSECOST,NOMINAL,IDX2015,A,2003,69.17724083,
1145,South Korea,KOR,KR,HOUSECOST,NOMINAL,IDX2015,A,2004,69.64914414,
1146,South Korea,KOR,KR,HOUSECOST,NOMINAL,IDX2015,A,2005,70.37861633,
1147,South Korea,KOR,KR,HOUSECOST,NOMINAL,IDX2015,A,2006,75.07737978,
1148,South Korea,KOR,KR,HOUSECOST,NOMINAL,IDX2015,A,2007,82.57903882,
1149,South Korea,KOR,KR,HOUSECOST,NOMINAL,IDX2015,A,2008,88.43330648,
1150,South Korea,KOR,KR,HOUSECOST,NOMINAL,IDX2015,A,2009,89.21799567,
1151,South Korea,KOR,KR,HOUSECOST,NOMINAL,IDX2015,A,2010,91.17946536,
1152,South Korea,KOR,KR,HOUSECOST,NOMINAL,IDX2015,A,2011,95.64115034,
1153,South Korea,KOR,KR,HOUSECOST,NOMINAL,IDX2015,A,2012,96.81843741,
1154,South Korea,KOR,KR,HOUSECOST,NOMINAL,IDX2015,A,2013,95.76956784,
1155,South Korea,KOR,KR,HOUSECOST,NOMINAL,IDX2015,A,2014,97.27157135,
1156,South Korea,KOR,KR,HOUSECOST,NOMINAL,IDX2015,A,2015,100.0,
1157,South Korea,KOR,KR,HOUSECOST,NOMINAL,IDX2015,A,2016,101.6215559,
1158,South Korea,KOR,KR,HOUSECOST,NOMINAL,IDX2015,A,2017,102.85355340000001,
1159,South Korea,KOR,KR,HOUSECOST,NOMINAL,IDX2015,A,2018,104.27526429999999,
1160,South Korea,KOR,KR,HOUSECOST,NOMINAL,IDX2015,A,2019,103.96827809999999,
1161,Spain,ESP,ES,HOUSECOST,NOMINAL,IDX2015,A,1971,1.8555543069999998,
1162,Spain,ESP,ES,HOUSECOST,NOMINAL,IDX2015,A,1972,1.968021941,
1163,Spain,ESP,ES,HOUSECOST,NOMINAL,IDX2015,A,1973,2.389738264,
1164,Spain,ESP,ES,HOUSECOST,NOMINAL,IDX2015,A,1974,3.261287817,
1165,Spain,ESP,ES,HOUSECOST,NOMINAL,IDX2015,A,1975,3.514315124,
1166,Spain,ESP,ES,HOUSECOST,NOMINAL,IDX2015,A,1976,4.107928848999999,
1167,Spain,ESP,ES,HOUSECOST,NOMINAL,IDX2015,A,1977,5.613445675,
1168,Spain,ESP,ES,HOUSECOST,NOMINAL,IDX2015,A,1978,7.450184907000001,
1169,Spain,ESP,ES,HOUSECOST,NOMINAL,IDX2015,A,1979,7.841620526,
1170,Spain,ESP,ES,HOUSECOST,NOMINAL,IDX2015,A,1980,8.233056143999999,
1171,Spain,ESP,ES,HOUSECOST,NOMINAL,IDX2015,A,1981,8.735256842,
1172,Spain,ESP,ES,HOUSECOST,NOMINAL,IDX2015,A,1982,9.026432069,
1173,Spain,ESP,ES,HOUSECOST,NOMINAL,IDX2015,A,1983,10.77348344,
1174,Spain,ESP,ES,HOUSECOST,NOMINAL,IDX2015,A,1984,11.58965643,
1175,Spain,ESP,ES,HOUSECOST,NOMINAL,IDX2015,A,1985,12.75435734,
1176,Spain,ESP,ES,HOUSECOST,NOMINAL,IDX2015,A,1986,14.71317251,
1177,Spain,ESP,ES,HOUSECOST,NOMINAL,IDX2015,A,1987,20.70687639,
1178,Spain,ESP,ES,HOUSECOST,NOMINAL,IDX2015,A,1988,26.22194886,
1179,Spain,ESP,ES,HOUSECOST,NOMINAL,IDX2015,A,1989,32.40848228,
1180,Spain,ESP,ES,HOUSECOST,NOMINAL,IDX2015,A,1990,37.46192534,
1181,Spain,ESP,ES,HOUSECOST,NOMINAL,IDX2015,A,1991,42.67274207,
1182,Spain,ESP,ES,HOUSECOST,NOMINAL,IDX2015,A,1992,42.38597229,
1183,Spain,ESP,ES,HOUSECOST,NOMINAL,IDX2015,A,1993,42.26007336,
1184,Spain,ESP,ES,HOUSECOST,NOMINAL,IDX2015,A,1994,42.89306519,
1185,Spain,ESP,ES,HOUSECOST,NOMINAL,IDX2015,A,1995,44.39336075,
1186,Spain,ESP,ES,HOUSECOST,NOMINAL,IDX2015,A,1996,45.5229539,
1187,Spain,ESP,ES,HOUSECOST,NOMINAL,IDX2015,A,1997,47.4638957,
1188,Spain,ESP,ES,HOUSECOST,NOMINAL,IDX2015,A,1998,49.77204271,
1189,Spain,ESP,ES,HOUSECOST,NOMINAL,IDX2015,A,1999,53.24475479,
1190,Spain,ESP,ES,HOUSECOST,NOMINAL,IDX2015,A,2000,57.23854855,
1191,Spain,ESP,ES,HOUSECOST,NOMINAL,IDX2015,A,2001,62.67668279,
1192,Spain,ESP,ES,HOUSECOST,NOMINAL,IDX2015,A,2002,73.30814778,
1193,Spain,ESP,ES,HOUSECOST,NOMINAL,IDX2015,A,2003,87.95089250000001,
1194,Spain,ESP,ES,HOUSECOST,NOMINAL,IDX2015,A,2004,104.0764468,
1195,Spain,ESP,ES,HOUSECOST,NOMINAL,IDX2015,A,2005,119.27174790000001,
1196,Spain,ESP,ES,HOUSECOST,NOMINAL,IDX2015,A,2006,135.5004112,
1197,Spain,ESP,ES,HOUSECOST,NOMINAL,IDX2015,A,2007,148.79112800000001,
1198,Spain,ESP,ES,HOUSECOST,NOMINAL,IDX2015,A,2008,146.6661333,
1199,Spain,ESP,ES,HOUSECOST,NOMINAL,IDX2015,A,2009,136.9751576,
1200,Spain,ESP,ES,HOUSECOST,NOMINAL,IDX2015,A,2010,134.5551636,
1201,Spain,ESP,ES,HOUSECOST,NOMINAL,IDX2015,A,2011,124.2701893,
1202,Spain,ESP,ES,HOUSECOST,NOMINAL,IDX2015,A,2012,105.90523519999999,
1203,Spain,ESP,ES,HOUSECOST,NOMINAL,IDX2015,A,2013,96.23925940000001,
1204,Spain,ESP,ES,HOUSECOST,NOMINAL,IDX2015,A,2014,96.53925865,
1205,Spain,ESP,ES,HOUSECOST,NOMINAL,IDX2015,A,2015,100.0,
1206,Spain,ESP,ES,HOUSECOST,NOMINAL,IDX2015,A,2016,104.6227384,
1207,Spain,ESP,ES,HOUSECOST,NOMINAL,IDX2015,A,2017,111.1052222,
1208,Spain,ESP,ES,HOUSECOST,NOMINAL,IDX2015,A,2018,118.5802035,
1209,Spain,ESP,ES,HOUSECOST,NOMINAL,IDX2015,A,2019,124.7151882,
1210,Sweden,SWE,SE,HOUSECOST,NOMINAL,IDX2015,A,1970,5.467099189,
1211,Sweden,SWE,SE,HOUSECOST,NOMINAL,IDX2015,A,1971,5.753276372999999,
1212,Sweden,SWE,SE,HOUSECOST,NOMINAL,IDX2015,A,1972,6.1844004429999995,
1213,Sweden,SWE,SE,HOUSECOST,NOMINAL,IDX2015,A,1973,6.630390858999999,
1214,Sweden,SWE,SE,HOUSECOST,NOMINAL,IDX2015,A,1974,7.232477921,
1215,Sweden,SWE,SE,HOUSECOST,NOMINAL,IDX2015,A,1975,8.529566716,
1216,Sweden,SWE,SE,HOUSECOST,NOMINAL,IDX2015,A,1976,9.881220721,
1217,Sweden,SWE,SE,HOUSECOST,NOMINAL,IDX2015,A,1977,11.44845495,
1218,Sweden,SWE,SE,HOUSECOST,NOMINAL,IDX2015,A,1978,13.0348018,
1219,Sweden,SWE,SE,HOUSECOST,NOMINAL,IDX2015,A,1979,14.46824775,
1220,Sweden,SWE,SE,HOUSECOST,NOMINAL,IDX2015,A,1980,15.27097748,
1221,Sweden,SWE,SE,HOUSECOST,NOMINAL,IDX2015,A,1981,15.34742793,
1222,Sweden,SWE,SE,HOUSECOST,NOMINAL,IDX2015,A,1982,15.38565315,
1223,Sweden,SWE,SE,HOUSECOST,NOMINAL,IDX2015,A,1983,15.44299099,
1224,Sweden,SWE,SE,HOUSECOST,NOMINAL,IDX2015,A,1984,15.82524324,
1225,Sweden,SWE,SE,HOUSECOST,NOMINAL,IDX2015,A,1985,16.43684685,
1226,Sweden,SWE,SE,HOUSECOST,NOMINAL,IDX2015,A,1986,17.54575,
1227,Sweden,SWE,SE,HOUSECOST,NOMINAL,IDX2015,A,1987,19.80125,
1228,Sweden,SWE,SE,HOUSECOST,NOMINAL,IDX2015,A,1988,23.3945,
1229,Sweden,SWE,SE,HOUSECOST,NOMINAL,IDX2015,A,1989,27.7905,
1230,Sweden,SWE,SE,HOUSECOST,NOMINAL,IDX2015,A,1990,31.078000000000003,
1231,Sweden,SWE,SE,HOUSECOST,NOMINAL,IDX2015,A,1991,33.2185,
1232,Sweden,SWE,SE,HOUSECOST,NOMINAL,IDX2015,A,1992,30.084,
1233,Sweden,SWE,SE,HOUSECOST,NOMINAL,IDX2015,A,1993,26.75825,
1234,Sweden,SWE,SE,HOUSECOST,NOMINAL,IDX2015,A,1994,27.98175,
1235,Sweden,SWE,SE,HOUSECOST,NOMINAL,IDX2015,A,1995,28.05825,
1236,Sweden,SWE,SE,HOUSECOST,NOMINAL,IDX2015,A,1996,28.2875,
1237,Sweden,SWE,SE,HOUSECOST,NOMINAL,IDX2015,A,1997,30.1605,
1238,Sweden,SWE,SE,HOUSECOST,NOMINAL,IDX2015,A,1998,33.0275,
1239,Sweden,SWE,SE,HOUSECOST,NOMINAL,IDX2015,A,1999,36.124,
1240,Sweden,SWE,SE,HOUSECOST,NOMINAL,IDX2015,A,2000,40.1755,
1241,Sweden,SWE,SE,HOUSECOST,NOMINAL,IDX2015,A,2001,43.34875,
1242,Sweden,SWE,SE,HOUSECOST,NOMINAL,IDX2015,A,2002,46.10125,
1243,Sweden,SWE,SE,HOUSECOST,NOMINAL,IDX2015,A,2003,49.159,
1244,Sweden,SWE,SE,HOUSECOST,NOMINAL,IDX2015,A,2004,53.74625,
1245,Sweden,SWE,SE,HOUSECOST,NOMINAL,IDX2015,A,2005,58.60075,
1246,Sweden,SWE,SE,HOUSECOST,NOMINAL,IDX2015,A,2006,65.74925,
1247,Sweden,SWE,SE,HOUSECOST,NOMINAL,IDX2015,A,2007,72.5915,
1248,Sweden,SWE,SE,HOUSECOST,NOMINAL,IDX2015,A,2008,74.96175,
1249,Sweden,SWE,SE,HOUSECOST,NOMINAL,IDX2015,A,2009,76.14675,
1250,Sweden,SWE,SE,HOUSECOST,NOMINAL,IDX2015,A,2010,82.11025,
1251,Sweden,SWE,SE,HOUSECOST,NOMINAL,IDX2015,A,2011,82.7215,
1252,Sweden,SWE,SE,HOUSECOST,NOMINAL,IDX2015,A,2012,81.575,
1253,Sweden,SWE,SE,HOUSECOST,NOMINAL,IDX2015,A,2013,84.13600000000001,
1254,Sweden,SWE,SE,HOUSECOST,NOMINAL,IDX2015,A,2014,90.25225,
1255,Sweden,SWE,SE,HOUSECOST,NOMINAL,IDX2015,A,2015,100.0,
1256,Sweden,SWE,SE,HOUSECOST,NOMINAL,IDX2015,A,2016,108.48625,
1257,Sweden,SWE,SE,HOUSECOST,NOMINAL,IDX2015,A,2017,117.43125,
1258,Sweden,SWE,SE,HOUSECOST,NOMINAL,IDX2015,A,2018,117.73700000000001,
1259,Sweden,SWE,SE,HOUSECOST,NOMINAL,IDX2015,A,2019,120.33625,
1260,Switzerland,CHE,CH,HOUSECOST,NOMINAL,IDX2015,A,1970,22.85900827,
1261,Switzerland,CHE,CH,HOUSECOST,NOMINAL,IDX2015,A,1971,26.18244398,
1262,Switzerland,CHE,CH,HOUSECOST,NOMINAL,IDX2015,A,1972,31.56010417,
1263,Switzerland,CHE,CH,HOUSECOST,NOMINAL,IDX2015,A,1973,37.23112431,
1264,Switzerland,CHE,CH,HOUSECOST,NOMINAL,IDX2015,A,1974,37.34379178,
1265,Switzerland,CHE,CH,HOUSECOST,NOMINAL,IDX2015,A,1975,34.4453964,
1266,Switzerland,CHE,CH,HOUSECOST,NOMINAL,IDX2015,A,1976,33.00909077,
1267,Switzerland,CHE,CH,HOUSECOST,NOMINAL,IDX2015,A,1977,33.21409809,
1268,Switzerland,CHE,CH,HOUSECOST,NOMINAL,IDX2015,A,1978,34.66941459,
1269,Switzerland,CHE,CH,HOUSECOST,NOMINAL,IDX2015,A,1979,37.55689268,
1270,Switzerland,CHE,CH,HOUSECOST,NOMINAL,IDX2015,A,1980,41.25903584,
1271,Switzerland,CHE,CH,HOUSECOST,NOMINAL,IDX2015,A,1981,45.45134342,
1272,Switzerland,CHE,CH,HOUSECOST,NOMINAL,IDX2015,A,1982,47.70834339,
1273,Switzerland,CHE,CH,HOUSECOST,NOMINAL,IDX2015,A,1983,49.66876725,
1274,Switzerland,CHE,CH,HOUSECOST,NOMINAL,IDX2015,A,1984,52.47109882,
1275,Switzerland,CHE,CH,HOUSECOST,NOMINAL,IDX2015,A,1985,55.03953609,
1276,Switzerland,CHE,CH,HOUSECOST,NOMINAL,IDX2015,A,1986,58.33095097,
1277,Switzerland,CHE,CH,HOUSECOST,NOMINAL,IDX2015,A,1987,62.27563049,
1278,Switzerland,CHE,CH,HOUSECOST,NOMINAL,IDX2015,A,1988,71.59410502,
1279,Switzerland,CHE,CH,HOUSECOST,NOMINAL,IDX2015,A,1989,80.71560786,
1280,Switzerland,CHE,CH,HOUSECOST,NOMINAL,IDX2015,A,1990,80.52564667,
1281,Switzerland,CHE,CH,HOUSECOST,NOMINAL,IDX2015,A,1991,79.17186577,
1282,Switzerland,CHE,CH,HOUSECOST,NOMINAL,IDX2015,A,1992,75.71745232,
1283,Switzerland,CHE,CH,HOUSECOST,NOMINAL,IDX2015,A,1993,71.79680792,
1284,Switzerland,CHE,CH,HOUSECOST,NOMINAL,IDX2015,A,1994,71.73674834,
1285,Switzerland,CHE,CH,HOUSECOST,NOMINAL,IDX2015,A,1995,68.96013335,
1286,Switzerland,CHE,CH,HOUSECOST,NOMINAL,IDX2015,A,1996,65.31536082,
1287,Switzerland,CHE,CH,HOUSECOST,NOMINAL,IDX2015,A,1997,63.04643864,
1288,Switzerland,CHE,CH,HOUSECOST,NOMINAL,IDX2015,A,1998,62.49570345,
1289,Switzerland,CHE,CH,HOUSECOST,NOMINAL,IDX2015,A,1999,62.40922366,
1290,Switzerland,CHE,CH,HOUSECOST,NOMINAL,IDX2015,A,2000,62.43190608,
1291,Switzerland,CHE,CH,HOUSECOST,NOMINAL,IDX2015,A,2001,62.99365748,
1292,Switzerland,CHE,CH,HOUSECOST,NOMINAL,IDX2015,A,2002,62.90090725,
1293,Switzerland,CHE,CH,HOUSECOST,NOMINAL,IDX2015,A,2003,63.79565949,
1294,Switzerland,CHE,CH,HOUSECOST,NOMINAL,IDX2015,A,2004,66.13316533,
1295,Switzerland,CHE,CH,HOUSECOST,NOMINAL,IDX2015,A,2005,68.57617144,
1296,Switzerland,CHE,CH,HOUSECOST,NOMINAL,IDX2015,A,2006,72.81843205,
1297,Switzerland,CHE,CH,HOUSECOST,NOMINAL,IDX2015,A,2007,77.09794274,
1298,Switzerland,CHE,CH,HOUSECOST,NOMINAL,IDX2015,A,2008,80.00370001,
1299,Switzerland,CHE,CH,HOUSECOST,NOMINAL,IDX2015,A,2009,80.38445096,
1300,Switzerland,CHE,CH,HOUSECOST,NOMINAL,IDX2015,A,2010,82.60120649999999,
1301,Switzerland,CHE,CH,HOUSECOST,NOMINAL,IDX2015,A,2011,87.86471966,
1302,Switzerland,CHE,CH,HOUSECOST,NOMINAL,IDX2015,A,2012,92.11398028,
1303,Switzerland,CHE,CH,HOUSECOST,NOMINAL,IDX2015,A,2013,94.86423716,
1304,Switzerland,CHE,CH,HOUSECOST,NOMINAL,IDX2015,A,2014,97.45274363,
1305,Switzerland,CHE,CH,HOUSECOST,NOMINAL,IDX2015,A,2015,100.0,
1306,Switzerland,CHE,CH,HOUSECOST,NOMINAL,IDX2015,A,2016,101.619754,
1307,Switzerland,CHE,CH,HOUSECOST,NOMINAL,IDX2015,A,2017,103.585259,
1308,Switzerland,CHE,CH,HOUSECOST,NOMINAL,IDX2015,A,2018,106.7220168,
1309,Switzerland,CHE,CH,HOUSECOST,NOMINAL,IDX2015,A,2019,110.55677639999999,
1310,Turkey,TUR,TR,HOUSECOST,NOMINAL,IDX2015,A,2010,58.464,
1311,Turkey,TUR,TR,HOUSECOST,NOMINAL,IDX2015,A,2011,62.54975,
1312,Turkey,TUR,TR,HOUSECOST,NOMINAL,IDX2015,A,2012,68.32775,
1313,Turkey,TUR,TR,HOUSECOST,NOMINAL,IDX2015,A,2013,75.946,
1314,Turkey,TUR,TR,HOUSECOST,NOMINAL,IDX2015,A,2014,86.1545,
1315,Turkey,TUR,TR,HOUSECOST,NOMINAL,IDX2015,A,2015,100.0,
1316,Turkey,TUR,TR,HOUSECOST,NOMINAL,IDX2015,A,2016,113.6155,
1317,Turkey,TUR,TR,HOUSECOST,NOMINAL,IDX2015,A,2017,125.39175,
1318,Turkey,TUR,TR,HOUSECOST,NOMINAL,IDX2015,A,2018,134.8905,
1319,Turkey,TUR,TR,HOUSECOST,NOMINAL,IDX2015,A,2019,141.02425,
1320,United Kingdom,GBR,GB,HOUSECOST,NOMINAL,IDX2015,A,1969,1.943194452,
1321,United Kingdom,GBR,GB,HOUSECOST,NOMINAL,IDX2015,A,1970,2.056440221,
1322,United Kingdom,GBR,GB,HOUSECOST,NOMINAL,IDX2015,A,1971,2.3009481330000003,
1323,United Kingdom,GBR,GB,HOUSECOST,NOMINAL,IDX2015,A,1972,3.0756521460000004,
1324,United Kingdom,GBR,GB,HOUSECOST,NOMINAL,IDX2015,A,1973,4.2312737469999995,
1325,United Kingdom,GBR,GB,HOUSECOST,NOMINAL,IDX2015,A,1974,4.563289752,
1326,United Kingdom,GBR,GB,HOUSECOST,NOMINAL,IDX2015,A,1975,4.8309615710000005,
1327,United Kingdom,GBR,GB,HOUSECOST,NOMINAL,IDX2015,A,1976,5.258206974,
1328,United Kingdom,GBR,GB,HOUSECOST,NOMINAL,IDX2015,A,1977,5.644272097000001,
1329,United Kingdom,GBR,GB,HOUSECOST,NOMINAL,IDX2015,A,1978,6.568254624,
1330,United Kingdom,GBR,GB,HOUSECOST,NOMINAL,IDX2015,A,1979,8.498580237999999,
1331,United Kingdom,GBR,GB,HOUSECOST,NOMINAL,IDX2015,A,1980,10.274479800000002,
1332,United Kingdom,GBR,GB,HOUSECOST,NOMINAL,IDX2015,A,1981,10.86387256,
1333,United Kingdom,GBR,GB,HOUSECOST,NOMINAL,IDX2015,A,1982,11.12124931,
1334,United Kingdom,GBR,GB,HOUSECOST,NOMINAL,IDX2015,A,1983,12.43129696,
1335,United Kingdom,GBR,GB,HOUSECOST,NOMINAL,IDX2015,A,1984,13.58949233,
1336,United Kingdom,GBR,GB,HOUSECOST,NOMINAL,IDX2015,A,1985,14.77342537,
1337,United Kingdom,GBR,GB,HOUSECOST,NOMINAL,IDX2015,A,1986,16.78096401,
1338,United Kingdom,GBR,GB,HOUSECOST,NOMINAL,IDX2015,A,1987,19.59896387,
1339,United Kingdom,GBR,GB,HOUSECOST,NOMINAL,IDX2015,A,1988,25.0016787,
1340,United Kingdom,GBR,GB,HOUSECOST,NOMINAL,IDX2015,A,1989,29.84667856,
1341,United Kingdom,GBR,GB,HOUSECOST,NOMINAL,IDX2015,A,1990,29.48453793,
1342,United Kingdom,GBR,GB,HOUSECOST,NOMINAL,IDX2015,A,1991,29.06417308,
1343,United Kingdom,GBR,GB,HOUSECOST,NOMINAL,IDX2015,A,1992,27.90808817,
1344,United Kingdom,GBR,GB,HOUSECOST,NOMINAL,IDX2015,A,1993,27.4359908,
1345,United Kingdom,GBR,GB,HOUSECOST,NOMINAL,IDX2015,A,1994,28.16468412,
1346,United Kingdom,GBR,GB,HOUSECOST,NOMINAL,IDX2015,A,1995,28.35716914,
1347,United Kingdom,GBR,GB,HOUSECOST,NOMINAL,IDX2015,A,1996,29.395213399999996,
1348,United Kingdom,GBR,GB,HOUSECOST,NOMINAL,IDX2015,A,1997,31.98001233,
1349,United Kingdom,GBR,GB,HOUSECOST,NOMINAL,IDX2015,A,1998,35.6441023,
1350,United Kingdom,GBR,GB,HOUSECOST,NOMINAL,IDX2015,A,1999,39.521300700000005,
1351,United Kingdom,GBR,GB,HOUSECOST,NOMINAL,IDX2015,A,2000,45.41959189,
1352,United Kingdom,GBR,GB,HOUSECOST,NOMINAL,IDX2015,A,2001,49.11805419,
1353,United Kingdom,GBR,GB,HOUSECOST,NOMINAL,IDX2015,A,2002,57.052905700000004,
1354,United Kingdom,GBR,GB,HOUSECOST,NOMINAL,IDX2015,A,2003,65.98905744,
1355,United Kingdom,GBR,GB,HOUSECOST,NOMINAL,IDX2015,A,2004,73.82261371,
1356,United Kingdom,GBR,GB,HOUSECOST,NOMINAL,IDX2015,A,2005,78.92775,
1357,United Kingdom,GBR,GB,HOUSECOST,NOMINAL,IDX2015,A,2006,85.125,
1358,United Kingdom,GBR,GB,HOUSECOST,NOMINAL,IDX2015,A,2007,93.5535,
1359,United Kingdom,GBR,GB,HOUSECOST,NOMINAL,IDX2015,A,2008,89.37525,
1360,United Kingdom,GBR,GB,HOUSECOST,NOMINAL,IDX2015,A,2009,81.413,
1361,United Kingdom,GBR,GB,HOUSECOST,NOMINAL,IDX2015,A,2010,86.07799999999999,
1362,United Kingdom,GBR,GB,HOUSECOST,NOMINAL,IDX2015,A,2011,84.8325,
1363,United Kingdom,GBR,GB,HOUSECOST,NOMINAL,IDX2015,A,2012,85.166,
1364,United Kingdom,GBR,GB,HOUSECOST,NOMINAL,IDX2015,A,2013,87.3505,
1365,United Kingdom,GBR,GB,HOUSECOST,NOMINAL,IDX2015,A,2014,94.33875,
1366,United Kingdom,GBR,GB,HOUSECOST,NOMINAL,IDX2015,A,2015,100.0,
1367,United Kingdom,GBR,GB,HOUSECOST,NOMINAL,IDX2015,A,2016,106.975,
1368,United Kingdom,GBR,GB,HOUSECOST,NOMINAL,IDX2015,A,2017,111.8335,
1369,United Kingdom,GBR,GB,HOUSECOST,NOMINAL,IDX2015,A,2018,115.49600000000001,
1370,United Kingdom,GBR,GB,HOUSECOST,NOMINAL,IDX2015,A,2019,116.605,
1371,United States,USA,US,HOUSECOST,NOMINAL,IDX2015,A,1970,11.24133841,
1372,United States,USA,US,HOUSECOST,NOMINAL,IDX2015,A,1971,12.14861248,
1373,United States,USA,US,HOUSECOST,NOMINAL,IDX2015,A,1972,13.020843600000001,
1374,United States,USA,US,HOUSECOST,NOMINAL,IDX2015,A,1973,14.56544732,
1375,United States,USA,US,HOUSECOST,NOMINAL,IDX2015,A,1974,15.89740763,
1376,United States,USA,US,HOUSECOST,NOMINAL,IDX2015,A,1975,16.88949436,
1377,United States,USA,US,HOUSECOST,NOMINAL,IDX2015,A,1976,17.93272837,
1378,United States,USA,US,HOUSECOST,NOMINAL,IDX2015,A,1977,19.88130922,
1379,United States,USA,US,HOUSECOST,NOMINAL,IDX2015,A,1978,22.53748657,
1380,United States,USA,US,HOUSECOST,NOMINAL,IDX2015,A,1979,25.5286288,
1381,United States,USA,US,HOUSECOST,NOMINAL,IDX2015,A,1980,27.56330504,
1382,United States,USA,US,HOUSECOST,NOMINAL,IDX2015,A,1981,29.05315888,
1383,United States,USA,US,HOUSECOST,NOMINAL,IDX2015,A,1982,29.924202100000002,
1384,United States,USA,US,HOUSECOST,NOMINAL,IDX2015,A,1983,31.04411481,
1385,United States,USA,US,HOUSECOST,NOMINAL,IDX2015,A,1984,32.49293882,
1386,United States,USA,US,HOUSECOST,NOMINAL,IDX2015,A,1985,34.43008513,
1387,United States,USA,US,HOUSECOST,NOMINAL,IDX2015,A,1986,37.09769702,
1388,United States,USA,US,HOUSECOST,NOMINAL,IDX2015,A,1987,40.01485103,
1389,United States,USA,US,HOUSECOST,NOMINAL,IDX2015,A,1988,42.55870079,
1390,United States,USA,US,HOUSECOST,NOMINAL,IDX2015,A,1989,44.98887774,
1391,United States,USA,US,HOUSECOST,NOMINAL,IDX2015,A,1990,46.15385601,
1392,United States,USA,US,HOUSECOST,NOMINAL,IDX2015,A,1991,46.57279829,
1393,United States,USA,US,HOUSECOST,NOMINAL,IDX2015,A,1992,47.73125631,
1394,United States,USA,US,HOUSECOST,NOMINAL,IDX2015,A,1993,48.87810654,
1395,United States,USA,US,HOUSECOST,NOMINAL,IDX2015,A,1994,50.51016263,
1396,United States,USA,US,HOUSECOST,NOMINAL,IDX2015,A,1995,51.81023575,
1397,United States,USA,US,HOUSECOST,NOMINAL,IDX2015,A,1996,53.31344531,
1398,United States,USA,US,HOUSECOST,NOMINAL,IDX2015,A,1997,54.82129798,
1399,United States,USA,US,HOUSECOST,NOMINAL,IDX2015,A,1998,57.45742841,
1400,United States,USA,US,HOUSECOST,NOMINAL,IDX2015,A,1999,60.96414352,
1401,United States,USA,US,HOUSECOST,NOMINAL,IDX2015,A,2000,65.04544452,
1402,United States,USA,US,HOUSECOST,NOMINAL,IDX2015,A,2001,69.53766149,
1403,United States,USA,US,HOUSECOST,NOMINAL,IDX2015,A,2002,74.43266898,
1404,United States,USA,US,HOUSECOST,NOMINAL,IDX2015,A,2003,80.13673983,
1405,United States,USA,US,HOUSECOST,NOMINAL,IDX2015,A,2004,87.70850503,
1406,United States,USA,US,HOUSECOST,NOMINAL,IDX2015,A,2005,96.89491462,
1407,United States,USA,US,HOUSECOST,NOMINAL,IDX2015,A,2006,102.5676444,
1408,United States,USA,US,HOUSECOST,NOMINAL,IDX2015,A,2007,102.5386249,
1409,United States,USA,US,HOUSECOST,NOMINAL,IDX2015,A,2008,94.18333353,
1410,United States,USA,US,HOUSECOST,NOMINAL,IDX2015,A,2009,88.57792894,
1411,United States,USA,US,HOUSECOST,NOMINAL,IDX2015,A,2010,85.93831617,
1412,United States,USA,US,HOUSECOST,NOMINAL,IDX2015,A,2011,82.30971921,
1413,United States,USA,US,HOUSECOST,NOMINAL,IDX2015,A,2012,84.61386667,
1414,United States,USA,US,HOUSECOST,NOMINAL,IDX2015,A,2013,90.52223473,
1415,United States,USA,US,HOUSECOST,NOMINAL,IDX2015,A,2014,95.03070262,
1416,United States,USA,US,HOUSECOST,NOMINAL,IDX2015,A,2015,100.0,
1417,United States,USA,US,HOUSECOST,NOMINAL,IDX2015,A,2016,105.7307688,
1418,United States,USA,US,HOUSECOST,NOMINAL,IDX2015,A,2017,112.3820358,
1419,United States,USA,US,HOUSECOST,NOMINAL,IDX2015,A,2018,119.53475949999999,
1420,United States,USA,US,HOUSECOST,NOMINAL,IDX2015,A,2019,125.7611812,
