,Country,LOCATION,ISO CODE 2 letter,INDICATOR,SUBJECT,MEASURE,FREQUENCY,TIME,Unemployment_%,Flag Codes
0,Australia,AUS,AU,HUR,TOT,PC_LF,A,1967,1.875,
1,Australia,AUS,AU,HUR,TOT,PC_LF,A,1968,1.85,
2,Australia,AUS,AU,HUR,TOT,PC_LF,A,1969,1.8,
3,Australia,AUS,AU,HUR,TOT,PC_LF,A,1970,1.625,
4,Australia,AUS,AU,HUR,TOT,PC_LF,A,1971,1.925,
5,Australia,AUS,AU,HUR,TOT,PC_LF,A,1972,2.625,
6,Australia,AUS,AU,HUR,TOT,PC_LF,A,1973,2.325,
7,Australia,AUS,AU,HUR,TOT,PC_LF,A,1974,2.7,
8,Australia,AUS,AU,HUR,TOT,PC_LF,A,1975,4.925,
9,Australia,AUS,AU,HUR,TOT,PC_LF,A,1976,4.75,
10,Australia,AUS,AU,HUR,TOT,PC_LF,A,1977,5.65,B
11,Australia,AUS,AU,HUR,TOT,PC_LF,A,1978,6.442533,
12,Australia,AUS,AU,HUR,TOT,PC_LF,A,1979,6.265499,
13,Australia,AUS,AU,HUR,TOT,PC_LF,A,1980,6.106246,
14,Australia,AUS,AU,HUR,TOT,PC_LF,A,1981,5.783571,
15,Australia,AUS,AU,HUR,TOT,PC_LF,A,1982,7.156132,
16,Australia,AUS,AU,HUR,TOT,PC_LF,A,1983,9.961594,
17,Australia,AUS,AU,HUR,TOT,PC_LF,A,1984,8.98968,
18,Australia,AUS,AU,HUR,TOT,PC_LF,A,1985,8.262986,
19,Australia,AUS,AU,HUR,TOT,PC_LF,A,1986,8.081038000000001,
20,Australia,AUS,AU,HUR,TOT,PC_LF,A,1987,8.108039999999999,
21,Australia,AUS,AU,HUR,TOT,PC_LF,A,1988,7.2279539999999995,
22,Australia,AUS,AU,HUR,TOT,PC_LF,A,1989,6.179825,
23,Australia,AUS,AU,HUR,TOT,PC_LF,A,1990,6.922999999999999,
24,Australia,AUS,AU,HUR,TOT,PC_LF,A,1991,9.576522,
25,Australia,AUS,AU,HUR,TOT,PC_LF,A,1992,10.72814,
26,Australia,AUS,AU,HUR,TOT,PC_LF,A,1993,10.87467,
27,Australia,AUS,AU,HUR,TOT,PC_LF,A,1994,9.72219,
28,Australia,AUS,AU,HUR,TOT,PC_LF,A,1995,8.472281,
29,Australia,AUS,AU,HUR,TOT,PC_LF,A,1996,8.506114,
30,Australia,AUS,AU,HUR,TOT,PC_LF,A,1997,8.362488,
31,Australia,AUS,AU,HUR,TOT,PC_LF,A,1998,7.677428999999999,
32,Australia,AUS,AU,HUR,TOT,PC_LF,A,1999,6.873791000000001,
33,Australia,AUS,AU,HUR,TOT,PC_LF,A,2000,6.285546,
34,Australia,AUS,AU,HUR,TOT,PC_LF,A,2001,6.742172999999999,
35,Australia,AUS,AU,HUR,TOT,PC_LF,A,2002,6.368911,
36,Australia,AUS,AU,HUR,TOT,PC_LF,A,2003,5.92842,
37,Australia,AUS,AU,HUR,TOT,PC_LF,A,2004,5.3967339999999995,
38,Australia,AUS,AU,HUR,TOT,PC_LF,A,2005,5.033881,
39,Australia,AUS,AU,HUR,TOT,PC_LF,A,2006,4.78524,
40,Australia,AUS,AU,HUR,TOT,PC_LF,A,2007,4.379151,
41,Australia,AUS,AU,HUR,TOT,PC_LF,A,2008,4.23433,
42,Australia,AUS,AU,HUR,TOT,PC_LF,A,2009,5.560385,
43,Australia,AUS,AU,HUR,TOT,PC_LF,A,2010,5.2133400000000005,
44,Australia,AUS,AU,HUR,TOT,PC_LF,A,2011,5.081195,
45,Australia,AUS,AU,HUR,TOT,PC_LF,A,2012,5.223376,
46,Australia,AUS,AU,HUR,TOT,PC_LF,A,2013,5.66194,
47,Australia,AUS,AU,HUR,TOT,PC_LF,A,2014,6.077244,
48,Australia,AUS,AU,HUR,TOT,PC_LF,A,2015,6.056423000000001,
49,Australia,AUS,AU,HUR,TOT,PC_LF,A,2016,5.710301,
50,Australia,AUS,AU,HUR,TOT,PC_LF,A,2017,5.59376,
51,Australia,AUS,AU,HUR,TOT,PC_LF,A,2018,5.299855,
52,Australia,AUS,AU,HUR,TOT,PC_LF,A,2019,5.159244999999999,
53,Austria,AUT,AT,HUR,TOT,PC_LF,A,1993,3.958333,
54,Austria,AUT,AT,HUR,TOT,PC_LF,A,1994,4.241667,
55,Austria,AUT,AT,HUR,TOT,PC_LF,A,1995,4.241667,
56,Austria,AUT,AT,HUR,TOT,PC_LF,A,1996,4.733333,
57,Austria,AUT,AT,HUR,TOT,PC_LF,A,1997,4.733333,
58,Austria,AUT,AT,HUR,TOT,PC_LF,A,1998,4.725,
59,Austria,AUT,AT,HUR,TOT,PC_LF,A,1999,4.15,
60,Austria,AUT,AT,HUR,TOT,PC_LF,A,2000,3.933333,
61,Austria,AUT,AT,HUR,TOT,PC_LF,A,2001,3.983333,
62,Austria,AUT,AT,HUR,TOT,PC_LF,A,2002,4.383333,
63,Austria,AUT,AT,HUR,TOT,PC_LF,A,2003,4.758333,
64,Austria,AUT,AT,HUR,TOT,PC_LF,A,2004,5.508333,
65,Austria,AUT,AT,HUR,TOT,PC_LF,A,2005,5.633333,
66,Austria,AUT,AT,HUR,TOT,PC_LF,A,2006,5.25,
67,Austria,AUT,AT,HUR,TOT,PC_LF,A,2007,4.866667,
68,Austria,AUT,AT,HUR,TOT,PC_LF,A,2008,4.141667,
69,Austria,AUT,AT,HUR,TOT,PC_LF,A,2009,5.325,
70,Austria,AUT,AT,HUR,TOT,PC_LF,A,2010,4.841667,
71,Austria,AUT,AT,HUR,TOT,PC_LF,A,2011,4.575,
72,Austria,AUT,AT,HUR,TOT,PC_LF,A,2012,4.883333,
73,Austria,AUT,AT,HUR,TOT,PC_LF,A,2013,5.358333,
74,Austria,AUT,AT,HUR,TOT,PC_LF,A,2014,5.641667,
75,Austria,AUT,AT,HUR,TOT,PC_LF,A,2015,5.733333,
76,Austria,AUT,AT,HUR,TOT,PC_LF,A,2016,6.033333,
77,Austria,AUT,AT,HUR,TOT,PC_LF,A,2017,5.516667,
78,Austria,AUT,AT,HUR,TOT,PC_LF,A,2018,4.858333,
79,Austria,AUT,AT,HUR,TOT,PC_LF,A,2019,4.508333,
80,Belgium,BEL,BE,HUR,TOT,PC_LF,A,1983,10.74167,
81,Belgium,BEL,BE,HUR,TOT,PC_LF,A,1984,10.8,
82,Belgium,BEL,BE,HUR,TOT,PC_LF,A,1985,10.10833,
83,Belgium,BEL,BE,HUR,TOT,PC_LF,A,1986,10.03333,
84,Belgium,BEL,BE,HUR,TOT,PC_LF,A,1987,9.8,
85,Belgium,BEL,BE,HUR,TOT,PC_LF,A,1988,8.8,
86,Belgium,BEL,BE,HUR,TOT,PC_LF,A,1989,7.383333,
87,Belgium,BEL,BE,HUR,TOT,PC_LF,A,1990,6.55,
88,Belgium,BEL,BE,HUR,TOT,PC_LF,A,1991,6.441667,
89,Belgium,BEL,BE,HUR,TOT,PC_LF,A,1992,7.091667,
90,Belgium,BEL,BE,HUR,TOT,PC_LF,A,1993,8.625,
91,Belgium,BEL,BE,HUR,TOT,PC_LF,A,1994,9.75,
92,Belgium,BEL,BE,HUR,TOT,PC_LF,A,1995,9.675,
93,Belgium,BEL,BE,HUR,TOT,PC_LF,A,1996,9.541667,
94,Belgium,BEL,BE,HUR,TOT,PC_LF,A,1997,9.216666,
95,Belgium,BEL,BE,HUR,TOT,PC_LF,A,1998,9.341666,
96,Belgium,BEL,BE,HUR,TOT,PC_LF,A,1999,8.4,
97,Belgium,BEL,BE,HUR,TOT,PC_LF,A,2000,6.875,
98,Belgium,BEL,BE,HUR,TOT,PC_LF,A,2001,6.591667,
99,Belgium,BEL,BE,HUR,TOT,PC_LF,A,2002,7.525,
100,Belgium,BEL,BE,HUR,TOT,PC_LF,A,2003,8.175,
101,Belgium,BEL,BE,HUR,TOT,PC_LF,A,2004,8.391666,
102,Belgium,BEL,BE,HUR,TOT,PC_LF,A,2005,8.433333,
103,Belgium,BEL,BE,HUR,TOT,PC_LF,A,2006,8.25,
104,Belgium,BEL,BE,HUR,TOT,PC_LF,A,2007,7.483333,
105,Belgium,BEL,BE,HUR,TOT,PC_LF,A,2008,6.975,
106,Belgium,BEL,BE,HUR,TOT,PC_LF,A,2009,7.891667,
107,Belgium,BEL,BE,HUR,TOT,PC_LF,A,2010,8.316667,
108,Belgium,BEL,BE,HUR,TOT,PC_LF,A,2011,7.1666669999999995,
109,Belgium,BEL,BE,HUR,TOT,PC_LF,A,2012,7.566667,
110,Belgium,BEL,BE,HUR,TOT,PC_LF,A,2013,8.45,
111,Belgium,BEL,BE,HUR,TOT,PC_LF,A,2014,8.533334,
112,Belgium,BEL,BE,HUR,TOT,PC_LF,A,2015,8.5,
113,Belgium,BEL,BE,HUR,TOT,PC_LF,A,2016,7.858333,
114,Belgium,BEL,BE,HUR,TOT,PC_LF,A,2017,7.1,
115,Belgium,BEL,BE,HUR,TOT,PC_LF,A,2018,5.9583330000000005,
116,Belgium,BEL,BE,HUR,TOT,PC_LF,A,2019,5.366667,
117,Canada,CAN,CA,HUR,TOT,PC_LF,A,1955,4.408333,
118,Canada,CAN,CA,HUR,TOT,PC_LF,A,1956,3.433333,
119,Canada,CAN,CA,HUR,TOT,PC_LF,A,1957,4.65,
120,Canada,CAN,CA,HUR,TOT,PC_LF,A,1958,7.066667,
121,Canada,CAN,CA,HUR,TOT,PC_LF,A,1959,5.991667,
122,Canada,CAN,CA,HUR,TOT,PC_LF,A,1960,6.991667,
123,Canada,CAN,CA,HUR,TOT,PC_LF,A,1961,7.183333,
124,Canada,CAN,CA,HUR,TOT,PC_LF,A,1962,5.9583330000000005,
125,Canada,CAN,CA,HUR,TOT,PC_LF,A,1963,5.5833330000000005,
126,Canada,CAN,CA,HUR,TOT,PC_LF,A,1964,4.7083330000000005,
127,Canada,CAN,CA,HUR,TOT,PC_LF,A,1965,3.95,
128,Canada,CAN,CA,HUR,TOT,PC_LF,A,1966,3.375,
129,Canada,CAN,CA,HUR,TOT,PC_LF,A,1967,3.833333,
130,Canada,CAN,CA,HUR,TOT,PC_LF,A,1968,4.525,
131,Canada,CAN,CA,HUR,TOT,PC_LF,A,1969,4.425,
132,Canada,CAN,CA,HUR,TOT,PC_LF,A,1970,5.675,
133,Canada,CAN,CA,HUR,TOT,PC_LF,A,1971,6.2,
134,Canada,CAN,CA,HUR,TOT,PC_LF,A,1972,6.233333,
135,Canada,CAN,CA,HUR,TOT,PC_LF,A,1973,5.566667,
136,Canada,CAN,CA,HUR,TOT,PC_LF,A,1974,5.3333330000000005,
137,Canada,CAN,CA,HUR,TOT,PC_LF,A,1975,6.9166669999999995,B
138,Canada,CAN,CA,HUR,TOT,PC_LF,A,1976,7.0833330000000005,
139,Canada,CAN,CA,HUR,TOT,PC_LF,A,1977,8.058333,
140,Canada,CAN,CA,HUR,TOT,PC_LF,A,1978,8.383333,
141,Canada,CAN,CA,HUR,TOT,PC_LF,A,1979,7.55,
142,Canada,CAN,CA,HUR,TOT,PC_LF,A,1980,7.55,
143,Canada,CAN,CA,HUR,TOT,PC_LF,A,1981,7.633333,
144,Canada,CAN,CA,HUR,TOT,PC_LF,A,1982,11.03333,
145,Canada,CAN,CA,HUR,TOT,PC_LF,A,1983,12.03333,
146,Canada,CAN,CA,HUR,TOT,PC_LF,A,1984,11.35,
147,Canada,CAN,CA,HUR,TOT,PC_LF,A,1985,10.66667,
148,Canada,CAN,CA,HUR,TOT,PC_LF,A,1986,9.675,
149,Canada,CAN,CA,HUR,TOT,PC_LF,A,1987,8.833333,
150,Canada,CAN,CA,HUR,TOT,PC_LF,A,1988,7.766667,
151,Canada,CAN,CA,HUR,TOT,PC_LF,A,1989,7.566667,
152,Canada,CAN,CA,HUR,TOT,PC_LF,A,1990,8.15,
153,Canada,CAN,CA,HUR,TOT,PC_LF,A,1991,10.325,
154,Canada,CAN,CA,HUR,TOT,PC_LF,A,1992,11.19167,
155,Canada,CAN,CA,HUR,TOT,PC_LF,A,1993,11.4,
156,Canada,CAN,CA,HUR,TOT,PC_LF,A,1994,10.41667,
157,Canada,CAN,CA,HUR,TOT,PC_LF,A,1995,9.508333,
158,Canada,CAN,CA,HUR,TOT,PC_LF,A,1996,9.608334,
159,Canada,CAN,CA,HUR,TOT,PC_LF,A,1997,9.116667,
160,Canada,CAN,CA,HUR,TOT,PC_LF,A,1998,8.283334,
161,Canada,CAN,CA,HUR,TOT,PC_LF,A,1999,7.591667,
162,Canada,CAN,CA,HUR,TOT,PC_LF,A,2000,6.816667,
163,Canada,CAN,CA,HUR,TOT,PC_LF,A,2001,7.216667,
164,Canada,CAN,CA,HUR,TOT,PC_LF,A,2002,7.675,
165,Canada,CAN,CA,HUR,TOT,PC_LF,A,2003,7.575,
166,Canada,CAN,CA,HUR,TOT,PC_LF,A,2004,7.191667,
167,Canada,CAN,CA,HUR,TOT,PC_LF,A,2005,6.758333,
168,Canada,CAN,CA,HUR,TOT,PC_LF,A,2006,6.3333330000000005,
169,Canada,CAN,CA,HUR,TOT,PC_LF,A,2007,6.05,
170,Canada,CAN,CA,HUR,TOT,PC_LF,A,2008,6.141667,
171,Canada,CAN,CA,HUR,TOT,PC_LF,A,2009,8.35,
172,Canada,CAN,CA,HUR,TOT,PC_LF,A,2010,8.058333,
173,Canada,CAN,CA,HUR,TOT,PC_LF,A,2011,7.525,
174,Canada,CAN,CA,HUR,TOT,PC_LF,A,2012,7.2916669999999995,
175,Canada,CAN,CA,HUR,TOT,PC_LF,A,2013,7.0833330000000005,
176,Canada,CAN,CA,HUR,TOT,PC_LF,A,2014,6.908333,
177,Canada,CAN,CA,HUR,TOT,PC_LF,A,2015,6.908333,
178,Canada,CAN,CA,HUR,TOT,PC_LF,A,2016,6.991667,
179,Canada,CAN,CA,HUR,TOT,PC_LF,A,2017,6.341667,
180,Canada,CAN,CA,HUR,TOT,PC_LF,A,2018,5.8333330000000005,
181,Canada,CAN,CA,HUR,TOT,PC_LF,A,2019,5.658333,
182,Chile,CHL,CL,HUR,TOT,PC_LF,A,1986,12.115,
183,Chile,CHL,CL,HUR,TOT,PC_LF,A,1987,10.9275,
184,Chile,CHL,CL,HUR,TOT,PC_LF,A,1988,9.7525,
185,Chile,CHL,CL,HUR,TOT,PC_LF,A,1989,7.9025,
186,Chile,CHL,CL,HUR,TOT,PC_LF,A,1990,7.7575,
187,Chile,CHL,CL,HUR,TOT,PC_LF,A,1991,8.155,
188,Chile,CHL,CL,HUR,TOT,PC_LF,A,1992,6.665,
189,Chile,CHL,CL,HUR,TOT,PC_LF,A,1993,6.5425,
190,Chile,CHL,CL,HUR,TOT,PC_LF,A,1994,7.815,
191,Chile,CHL,CL,HUR,TOT,PC_LF,A,1995,7.3025,
192,Chile,CHL,CL,HUR,TOT,PC_LF,A,1996,6.325,
193,Chile,CHL,CL,HUR,TOT,PC_LF,A,1997,6.115,
194,Chile,CHL,CL,HUR,TOT,PC_LF,A,1998,6.395,
195,Chile,CHL,CL,HUR,TOT,PC_LF,A,1999,10.1375,
196,Chile,CHL,CL,HUR,TOT,PC_LF,A,2000,9.6675,
197,Chile,CHL,CL,HUR,TOT,PC_LF,A,2001,9.8525,
198,Chile,CHL,CL,HUR,TOT,PC_LF,A,2002,9.805,
199,Chile,CHL,CL,HUR,TOT,PC_LF,A,2003,9.54,
200,Chile,CHL,CL,HUR,TOT,PC_LF,A,2004,10.0075,
201,Chile,CHL,CL,HUR,TOT,PC_LF,A,2005,9.235,
202,Chile,CHL,CL,HUR,TOT,PC_LF,A,2006,7.8,
203,Chile,CHL,CL,HUR,TOT,PC_LF,A,2007,7.13,
204,Chile,CHL,CL,HUR,TOT,PC_LF,A,2008,7.7925,
205,Chile,CHL,CL,HUR,TOT,PC_LF,A,2009,9.675,
206,Chile,CHL,CL,HUR,TOT,PC_LF,A,2010,8.15,
207,Chile,CHL,CL,HUR,TOT,PC_LF,A,2011,7.125,
208,Chile,CHL,CL,HUR,TOT,PC_LF,A,2012,6.545561,
209,Chile,CHL,CL,HUR,TOT,PC_LF,A,2013,6.0822199999999995,
210,Chile,CHL,CL,HUR,TOT,PC_LF,A,2014,6.495096,
211,Chile,CHL,CL,HUR,TOT,PC_LF,A,2015,6.328377,
212,Chile,CHL,CL,HUR,TOT,PC_LF,A,2016,6.684913000000001,
213,Chile,CHL,CL,HUR,TOT,PC_LF,A,2017,6.965175,
214,Chile,CHL,CL,HUR,TOT,PC_LF,A,2018,7.376639,
215,Chile,CHL,CL,HUR,TOT,PC_LF,A,2019,7.222639999999999,
216,Colombia,COL,CO,HUR,TOT,PC_LF,A,2007,11.2225,
217,Colombia,COL,CO,HUR,TOT,PC_LF,A,2008,11.2775,
218,Colombia,COL,CO,HUR,TOT,PC_LF,A,2009,12.08,
219,Colombia,COL,CO,HUR,TOT,PC_LF,A,2010,11.84167,
220,Colombia,COL,CO,HUR,TOT,PC_LF,A,2011,10.895,
221,Colombia,COL,CO,HUR,TOT,PC_LF,A,2012,10.43417,
222,Colombia,COL,CO,HUR,TOT,PC_LF,A,2013,9.705833,
223,Colombia,COL,CO,HUR,TOT,PC_LF,A,2014,9.166667,
224,Colombia,COL,CO,HUR,TOT,PC_LF,A,2015,8.960834,
225,Colombia,COL,CO,HUR,TOT,PC_LF,A,2016,9.274167,
226,Colombia,COL,CO,HUR,TOT,PC_LF,A,2017,9.425834,
227,Colombia,COL,CO,HUR,TOT,PC_LF,A,2018,9.719167,
228,Colombia,COL,CO,HUR,TOT,PC_LF,A,2019,10.545,
229,Czech Republic,CZE,CZ,HUR,TOT,PC_LF,A,1993,4.308333,
230,Czech Republic,CZE,CZ,HUR,TOT,PC_LF,A,1994,4.2916669999999995,
231,Czech Republic,CZE,CZ,HUR,TOT,PC_LF,A,1995,4.008333,
232,Czech Republic,CZE,CZ,HUR,TOT,PC_LF,A,1996,3.891667,
233,Czech Republic,CZE,CZ,HUR,TOT,PC_LF,A,1997,4.775,
234,Czech Republic,CZE,CZ,HUR,TOT,PC_LF,A,1998,6.466667,
235,Czech Republic,CZE,CZ,HUR,TOT,PC_LF,A,1999,8.7,
236,Czech Republic,CZE,CZ,HUR,TOT,PC_LF,A,2000,8.775,
237,Czech Republic,CZE,CZ,HUR,TOT,PC_LF,A,2001,8.125,
238,Czech Republic,CZE,CZ,HUR,TOT,PC_LF,A,2002,7.2916669999999995,
239,Czech Republic,CZE,CZ,HUR,TOT,PC_LF,A,2003,7.775,
240,Czech Republic,CZE,CZ,HUR,TOT,PC_LF,A,2004,8.291667,
241,Czech Republic,CZE,CZ,HUR,TOT,PC_LF,A,2005,7.941667,
242,Czech Republic,CZE,CZ,HUR,TOT,PC_LF,A,2006,7.133333,
243,Czech Republic,CZE,CZ,HUR,TOT,PC_LF,A,2007,5.325,
244,Czech Republic,CZE,CZ,HUR,TOT,PC_LF,A,2008,4.408333,
245,Czech Republic,CZE,CZ,HUR,TOT,PC_LF,A,2009,6.683333,
246,Czech Republic,CZE,CZ,HUR,TOT,PC_LF,A,2010,7.2916669999999995,
247,Czech Republic,CZE,CZ,HUR,TOT,PC_LF,A,2011,6.716667,
248,Czech Republic,CZE,CZ,HUR,TOT,PC_LF,A,2012,6.975,
249,Czech Republic,CZE,CZ,HUR,TOT,PC_LF,A,2013,6.966667,
250,Czech Republic,CZE,CZ,HUR,TOT,PC_LF,A,2014,6.116667,
251,Czech Republic,CZE,CZ,HUR,TOT,PC_LF,A,2015,5.058333,
252,Czech Republic,CZE,CZ,HUR,TOT,PC_LF,A,2016,3.9666669999999997,
253,Czech Republic,CZE,CZ,HUR,TOT,PC_LF,A,2017,2.9083330000000003,
254,Czech Republic,CZE,CZ,HUR,TOT,PC_LF,A,2018,2.266667,
255,Czech Republic,CZE,CZ,HUR,TOT,PC_LF,A,2019,2.016667,
256,Denmark,DNK,DK,HUR,TOT,PC_LF,A,1983,8.366667,
257,Denmark,DNK,DK,HUR,TOT,PC_LF,A,1984,7.9166669999999995,
258,Denmark,DNK,DK,HUR,TOT,PC_LF,A,1985,6.658333,
259,Denmark,DNK,DK,HUR,TOT,PC_LF,A,1986,4.991667,
260,Denmark,DNK,DK,HUR,TOT,PC_LF,A,1987,5.033333,
261,Denmark,DNK,DK,HUR,TOT,PC_LF,A,1988,5.658333,
262,Denmark,DNK,DK,HUR,TOT,PC_LF,A,1989,6.816667,
263,Denmark,DNK,DK,HUR,TOT,PC_LF,A,1990,7.175,
264,Denmark,DNK,DK,HUR,TOT,PC_LF,A,1991,7.85,
265,Denmark,DNK,DK,HUR,TOT,PC_LF,A,1992,8.6,
266,Denmark,DNK,DK,HUR,TOT,PC_LF,A,1993,9.55,
267,Denmark,DNK,DK,HUR,TOT,PC_LF,A,1994,7.7,
268,Denmark,DNK,DK,HUR,TOT,PC_LF,A,1995,6.716667,
269,Denmark,DNK,DK,HUR,TOT,PC_LF,A,1996,6.3333330000000005,
270,Denmark,DNK,DK,HUR,TOT,PC_LF,A,1997,5.241667,
271,Denmark,DNK,DK,HUR,TOT,PC_LF,A,1998,4.866667,
272,Denmark,DNK,DK,HUR,TOT,PC_LF,A,1999,5.1666669999999995,
273,Denmark,DNK,DK,HUR,TOT,PC_LF,A,2000,4.325,
274,Denmark,DNK,DK,HUR,TOT,PC_LF,A,2001,4.525,
275,Denmark,DNK,DK,HUR,TOT,PC_LF,A,2002,4.5833330000000005,
276,Denmark,DNK,DK,HUR,TOT,PC_LF,A,2003,5.408333,
277,Denmark,DNK,DK,HUR,TOT,PC_LF,A,2004,5.5,
278,Denmark,DNK,DK,HUR,TOT,PC_LF,A,2005,4.841667,
279,Denmark,DNK,DK,HUR,TOT,PC_LF,A,2006,3.9083330000000003,
280,Denmark,DNK,DK,HUR,TOT,PC_LF,A,2007,3.75,
281,Denmark,DNK,DK,HUR,TOT,PC_LF,A,2008,3.708333,
282,Denmark,DNK,DK,HUR,TOT,PC_LF,A,2009,6.408333,
283,Denmark,DNK,DK,HUR,TOT,PC_LF,A,2010,7.766667,
284,Denmark,DNK,DK,HUR,TOT,PC_LF,A,2011,7.758333,
285,Denmark,DNK,DK,HUR,TOT,PC_LF,A,2012,7.8,
286,Denmark,DNK,DK,HUR,TOT,PC_LF,A,2013,7.391667,
287,Denmark,DNK,DK,HUR,TOT,PC_LF,A,2014,6.883333,
288,Denmark,DNK,DK,HUR,TOT,PC_LF,A,2015,6.3,
289,Denmark,DNK,DK,HUR,TOT,PC_LF,A,2016,6.008333,
290,Denmark,DNK,DK,HUR,TOT,PC_LF,A,2017,5.816667,
291,Denmark,DNK,DK,HUR,TOT,PC_LF,A,2018,5.116667,
292,Denmark,DNK,DK,HUR,TOT,PC_LF,A,2019,5.058333,
293,Estonia,EST,EE,HUR,TOT,PC_LF,A,1997,9.625,
294,Estonia,EST,EE,HUR,TOT,PC_LF,A,1998,9.15,
295,Estonia,EST,EE,HUR,TOT,PC_LF,A,1999,11.35,
296,Estonia,EST,EE,HUR,TOT,PC_LF,A,2000,14.458329999999998,
297,Estonia,EST,EE,HUR,TOT,PC_LF,A,2001,13.04167,
298,Estonia,EST,EE,HUR,TOT,PC_LF,A,2002,11.33333,
299,Estonia,EST,EE,HUR,TOT,PC_LF,A,2003,10.35,
300,Estonia,EST,EE,HUR,TOT,PC_LF,A,2004,10.08333,
301,Estonia,EST,EE,HUR,TOT,PC_LF,A,2005,7.975,
302,Estonia,EST,EE,HUR,TOT,PC_LF,A,2006,5.941667,
303,Estonia,EST,EE,HUR,TOT,PC_LF,A,2007,4.6,
304,Estonia,EST,EE,HUR,TOT,PC_LF,A,2008,5.516667,
305,Estonia,EST,EE,HUR,TOT,PC_LF,A,2009,13.575,
306,Estonia,EST,EE,HUR,TOT,PC_LF,A,2010,16.741670000000003,
307,Estonia,EST,EE,HUR,TOT,PC_LF,A,2011,12.425,
308,Estonia,EST,EE,HUR,TOT,PC_LF,A,2012,9.991667,
309,Estonia,EST,EE,HUR,TOT,PC_LF,A,2013,8.566667,
310,Estonia,EST,EE,HUR,TOT,PC_LF,A,2014,7.383333,
311,Estonia,EST,EE,HUR,TOT,PC_LF,A,2015,6.2083330000000005,
312,Estonia,EST,EE,HUR,TOT,PC_LF,A,2016,6.766667,
313,Estonia,EST,EE,HUR,TOT,PC_LF,A,2017,5.816667,
314,Estonia,EST,EE,HUR,TOT,PC_LF,A,2018,5.375,
315,Estonia,EST,EE,HUR,TOT,PC_LF,A,2019,4.4,
316,Finland,FIN,FI,HUR,TOT,PC_LF,A,1988,4.2083330000000005,
317,Finland,FIN,FI,HUR,TOT,PC_LF,A,1989,3.108333,
318,Finland,FIN,FI,HUR,TOT,PC_LF,A,1990,3.166667,
319,Finland,FIN,FI,HUR,TOT,PC_LF,A,1991,6.608333,
320,Finland,FIN,FI,HUR,TOT,PC_LF,A,1992,11.70833,
321,Finland,FIN,FI,HUR,TOT,PC_LF,A,1993,16.34167,
322,Finland,FIN,FI,HUR,TOT,PC_LF,A,1994,16.58333,
323,Finland,FIN,FI,HUR,TOT,PC_LF,A,1995,15.4,
324,Finland,FIN,FI,HUR,TOT,PC_LF,A,1996,14.566670000000002,
325,Finland,FIN,FI,HUR,TOT,PC_LF,A,1997,12.64167,
326,Finland,FIN,FI,HUR,TOT,PC_LF,A,1998,11.35833,
327,Finland,FIN,FI,HUR,TOT,PC_LF,A,1999,10.21667,
328,Finland,FIN,FI,HUR,TOT,PC_LF,A,2000,9.783334,
329,Finland,FIN,FI,HUR,TOT,PC_LF,A,2001,9.125,
330,Finland,FIN,FI,HUR,TOT,PC_LF,A,2002,9.075,
331,Finland,FIN,FI,HUR,TOT,PC_LF,A,2003,9.008333,
332,Finland,FIN,FI,HUR,TOT,PC_LF,A,2004,8.825,
333,Finland,FIN,FI,HUR,TOT,PC_LF,A,2005,8.4,
334,Finland,FIN,FI,HUR,TOT,PC_LF,A,2006,7.716667,
335,Finland,FIN,FI,HUR,TOT,PC_LF,A,2007,6.866667,
336,Finland,FIN,FI,HUR,TOT,PC_LF,A,2008,6.366667,
337,Finland,FIN,FI,HUR,TOT,PC_LF,A,2009,8.241667,
338,Finland,FIN,FI,HUR,TOT,PC_LF,A,2010,8.383333,
339,Finland,FIN,FI,HUR,TOT,PC_LF,A,2011,7.775,
340,Finland,FIN,FI,HUR,TOT,PC_LF,A,2012,7.683333,
341,Finland,FIN,FI,HUR,TOT,PC_LF,A,2013,8.191667,
342,Finland,FIN,FI,HUR,TOT,PC_LF,A,2014,8.658334,
343,Finland,FIN,FI,HUR,TOT,PC_LF,A,2015,9.375,
344,Finland,FIN,FI,HUR,TOT,PC_LF,A,2016,8.791667,
345,Finland,FIN,FI,HUR,TOT,PC_LF,A,2017,8.633333,
346,Finland,FIN,FI,HUR,TOT,PC_LF,A,2018,7.358333,
347,Finland,FIN,FI,HUR,TOT,PC_LF,A,2019,6.691667,
348,France,FRA,FR,HUR,TOT,PC_LF,A,1983,8.758333,
349,France,FRA,FR,HUR,TOT,PC_LF,A,1984,10.05,
350,France,FRA,FR,HUR,TOT,PC_LF,A,1985,10.38333,
351,France,FRA,FR,HUR,TOT,PC_LF,A,1986,10.55,
352,France,FRA,FR,HUR,TOT,PC_LF,A,1987,10.65,
353,France,FRA,FR,HUR,TOT,PC_LF,A,1988,10.06667,
354,France,FRA,FR,HUR,TOT,PC_LF,A,1989,9.675,
355,France,FRA,FR,HUR,TOT,PC_LF,A,1990,9.366667,
356,France,FRA,FR,HUR,TOT,PC_LF,A,1991,9.625,
357,France,FRA,FR,HUR,TOT,PC_LF,A,1992,10.64167,
358,France,FRA,FR,HUR,TOT,PC_LF,A,1993,11.825,
359,France,FRA,FR,HUR,TOT,PC_LF,A,1994,12.275,
360,France,FRA,FR,HUR,TOT,PC_LF,A,1995,11.95,
361,France,FRA,FR,HUR,TOT,PC_LF,A,1996,12.4,
362,France,FRA,FR,HUR,TOT,PC_LF,A,1997,12.33333,
363,France,FRA,FR,HUR,TOT,PC_LF,A,1998,12.05,
364,France,FRA,FR,HUR,TOT,PC_LF,A,1999,11.31667,
365,France,FRA,FR,HUR,TOT,PC_LF,A,2000,9.558333,
366,France,FRA,FR,HUR,TOT,PC_LF,A,2001,8.741667,
367,France,FRA,FR,HUR,TOT,PC_LF,A,2002,8.633333,
368,France,FRA,FR,HUR,TOT,PC_LF,A,2003,8.5,
369,France,FRA,FR,HUR,TOT,PC_LF,A,2004,8.85,
370,France,FRA,FR,HUR,TOT,PC_LF,A,2005,8.866667,
371,France,FRA,FR,HUR,TOT,PC_LF,A,2006,8.841666,
372,France,FRA,FR,HUR,TOT,PC_LF,A,2007,7.991667,
373,France,FRA,FR,HUR,TOT,PC_LF,A,2008,7.425,
374,France,FRA,FR,HUR,TOT,PC_LF,A,2009,9.108334,
375,France,FRA,FR,HUR,TOT,PC_LF,A,2010,9.266666,
376,France,FRA,FR,HUR,TOT,PC_LF,A,2011,9.183333,
377,France,FRA,FR,HUR,TOT,PC_LF,A,2012,9.766666,
378,France,FRA,FR,HUR,TOT,PC_LF,A,2013,10.31667,
379,France,FRA,FR,HUR,TOT,PC_LF,A,2014,10.3,
380,France,FRA,FR,HUR,TOT,PC_LF,A,2015,10.35833,
381,France,FRA,FR,HUR,TOT,PC_LF,A,2016,10.04167,
382,France,FRA,FR,HUR,TOT,PC_LF,A,2017,9.425,
383,France,FRA,FR,HUR,TOT,PC_LF,A,2018,9.025,
384,France,FRA,FR,HUR,TOT,PC_LF,A,2019,8.45,
385,Germany,DEU,DE,HUR,TOT,PC_LF,A,1991,5.525,
386,Germany,DEU,DE,HUR,TOT,PC_LF,A,1992,6.566667,
387,Germany,DEU,DE,HUR,TOT,PC_LF,A,1993,7.7916669999999995,
388,Germany,DEU,DE,HUR,TOT,PC_LF,A,1994,8.45,
389,Germany,DEU,DE,HUR,TOT,PC_LF,A,1995,8.25,
390,Germany,DEU,DE,HUR,TOT,PC_LF,A,1996,8.941667,
391,Germany,DEU,DE,HUR,TOT,PC_LF,A,1997,9.675,
392,Germany,DEU,DE,HUR,TOT,PC_LF,A,1998,9.45,
393,Germany,DEU,DE,HUR,TOT,PC_LF,A,1999,8.625,
394,Germany,DEU,DE,HUR,TOT,PC_LF,A,2000,8.008333,
395,Germany,DEU,DE,HUR,TOT,PC_LF,A,2001,7.858333,
396,Germany,DEU,DE,HUR,TOT,PC_LF,A,2002,8.683333,
397,Germany,DEU,DE,HUR,TOT,PC_LF,A,2003,9.808333,
398,Germany,DEU,DE,HUR,TOT,PC_LF,A,2004,10.5,
399,Germany,DEU,DE,HUR,TOT,PC_LF,A,2005,11.28333,
400,Germany,DEU,DE,HUR,TOT,PC_LF,A,2006,10.275,
401,Germany,DEU,DE,HUR,TOT,PC_LF,A,2007,8.541667,
402,Germany,DEU,DE,HUR,TOT,PC_LF,A,2008,7.425,
403,Germany,DEU,DE,HUR,TOT,PC_LF,A,2009,7.641667,
404,Germany,DEU,DE,HUR,TOT,PC_LF,A,2010,6.966667,
405,Germany,DEU,DE,HUR,TOT,PC_LF,A,2011,5.8333330000000005,
406,Germany,DEU,DE,HUR,TOT,PC_LF,A,2012,5.383333,
407,Germany,DEU,DE,HUR,TOT,PC_LF,A,2013,5.241667,
408,Germany,DEU,DE,HUR,TOT,PC_LF,A,2014,4.991667,
409,Germany,DEU,DE,HUR,TOT,PC_LF,A,2015,4.633333,
410,Germany,DEU,DE,HUR,TOT,PC_LF,A,2016,4.133333,
411,Germany,DEU,DE,HUR,TOT,PC_LF,A,2017,3.7583330000000004,
412,Germany,DEU,DE,HUR,TOT,PC_LF,A,2018,3.4,
413,Germany,DEU,DE,HUR,TOT,PC_LF,A,2019,3.15,
414,Greece,GRC,GR,HUR,TOT,PC_LF,A,1999,11.98333,
415,Greece,GRC,GR,HUR,TOT,PC_LF,A,2000,11.23333,
416,Greece,GRC,GR,HUR,TOT,PC_LF,A,2001,10.675,
417,Greece,GRC,GR,HUR,TOT,PC_LF,A,2002,10.33333,
418,Greece,GRC,GR,HUR,TOT,PC_LF,A,2003,9.741667,
419,Greece,GRC,GR,HUR,TOT,PC_LF,A,2004,10.60833,
420,Greece,GRC,GR,HUR,TOT,PC_LF,A,2005,10.00833,
421,Greece,GRC,GR,HUR,TOT,PC_LF,A,2006,9.033334,
422,Greece,GRC,GR,HUR,TOT,PC_LF,A,2007,8.416667,
423,Greece,GRC,GR,HUR,TOT,PC_LF,A,2008,7.766667,
424,Greece,GRC,GR,HUR,TOT,PC_LF,A,2009,9.625,
425,Greece,GRC,GR,HUR,TOT,PC_LF,A,2010,12.75,
426,Greece,GRC,GR,HUR,TOT,PC_LF,A,2011,17.91667,
427,Greece,GRC,GR,HUR,TOT,PC_LF,A,2012,24.491670000000003,
428,Greece,GRC,GR,HUR,TOT,PC_LF,A,2013,27.491670000000003,
429,Greece,GRC,GR,HUR,TOT,PC_LF,A,2014,26.55,
430,Greece,GRC,GR,HUR,TOT,PC_LF,A,2015,24.95833,
431,Greece,GRC,GR,HUR,TOT,PC_LF,A,2016,23.566670000000002,
432,Greece,GRC,GR,HUR,TOT,PC_LF,A,2017,21.53333,
433,Greece,GRC,GR,HUR,TOT,PC_LF,A,2018,19.308329999999998,
434,Greece,GRC,GR,HUR,TOT,PC_LF,A,2019,17.33333,
435,Hungary,HUN,HU,HUR,TOT,PC_LF,A,1996,9.916667,
436,Hungary,HUN,HU,HUR,TOT,PC_LF,A,1997,9.05,
437,Hungary,HUN,HU,HUR,TOT,PC_LF,A,1998,8.708333,
438,Hungary,HUN,HU,HUR,TOT,PC_LF,A,1999,6.866667,
439,Hungary,HUN,HU,HUR,TOT,PC_LF,A,2000,6.266667,
440,Hungary,HUN,HU,HUR,TOT,PC_LF,A,2001,5.575,
441,Hungary,HUN,HU,HUR,TOT,PC_LF,A,2002,5.5833330000000005,
442,Hungary,HUN,HU,HUR,TOT,PC_LF,A,2003,5.741667,
443,Hungary,HUN,HU,HUR,TOT,PC_LF,A,2004,6.066667,
444,Hungary,HUN,HU,HUR,TOT,PC_LF,A,2005,7.175,
445,Hungary,HUN,HU,HUR,TOT,PC_LF,A,2006,7.4583330000000005,
446,Hungary,HUN,HU,HUR,TOT,PC_LF,A,2007,7.391667,
447,Hungary,HUN,HU,HUR,TOT,PC_LF,A,2008,7.8,
448,Hungary,HUN,HU,HUR,TOT,PC_LF,A,2009,10.03333,
449,Hungary,HUN,HU,HUR,TOT,PC_LF,A,2010,11.16667,
450,Hungary,HUN,HU,HUR,TOT,PC_LF,A,2011,11.05833,
451,Hungary,HUN,HU,HUR,TOT,PC_LF,A,2012,11.01667,
452,Hungary,HUN,HU,HUR,TOT,PC_LF,A,2013,10.11667,
453,Hungary,HUN,HU,HUR,TOT,PC_LF,A,2014,7.741667,
454,Hungary,HUN,HU,HUR,TOT,PC_LF,A,2015,6.8333330000000005,
455,Hungary,HUN,HU,HUR,TOT,PC_LF,A,2016,5.1,
456,Hungary,HUN,HU,HUR,TOT,PC_LF,A,2017,4.175,
457,Hungary,HUN,HU,HUR,TOT,PC_LF,A,2018,3.708333,
458,Hungary,HUN,HU,HUR,TOT,PC_LF,A,2019,3.45,
459,Iceland,ISL,IS,HUR,TOT,PC_LF,A,2003,3.358333,
460,Iceland,ISL,IS,HUR,TOT,PC_LF,A,2004,3.05,
461,Iceland,ISL,IS,HUR,TOT,PC_LF,A,2005,2.583333,
462,Iceland,ISL,IS,HUR,TOT,PC_LF,A,2006,2.875,
463,Iceland,ISL,IS,HUR,TOT,PC_LF,A,2007,2.291667,
464,Iceland,ISL,IS,HUR,TOT,PC_LF,A,2008,2.983333,
465,Iceland,ISL,IS,HUR,TOT,PC_LF,A,2009,7.233333,
466,Iceland,ISL,IS,HUR,TOT,PC_LF,A,2010,7.558333,
467,Iceland,ISL,IS,HUR,TOT,PC_LF,A,2011,7.05,
468,Iceland,ISL,IS,HUR,TOT,PC_LF,A,2012,6.025,
469,Iceland,ISL,IS,HUR,TOT,PC_LF,A,2013,5.391667,
470,Iceland,ISL,IS,HUR,TOT,PC_LF,A,2014,4.9583330000000005,
471,Iceland,ISL,IS,HUR,TOT,PC_LF,A,2015,3.9916669999999996,
472,Iceland,ISL,IS,HUR,TOT,PC_LF,A,2016,3.0083330000000004,
473,Iceland,ISL,IS,HUR,TOT,PC_LF,A,2017,2.825,
474,Iceland,ISL,IS,HUR,TOT,PC_LF,A,2018,2.7416669999999996,
475,Iceland,ISL,IS,HUR,TOT,PC_LF,A,2019,3.541667,
476,Ireland,IRL,IE,HUR,TOT,PC_LF,A,1983,13.90833,
477,Ireland,IRL,IE,HUR,TOT,PC_LF,A,1984,15.5,
478,Ireland,IRL,IE,HUR,TOT,PC_LF,A,1985,16.816670000000002,
479,Ireland,IRL,IE,HUR,TOT,PC_LF,A,1986,16.83333,
480,Ireland,IRL,IE,HUR,TOT,PC_LF,A,1987,16.625,
481,Ireland,IRL,IE,HUR,TOT,PC_LF,A,1988,16.225,
482,Ireland,IRL,IE,HUR,TOT,PC_LF,A,1989,14.733329999999999,
483,Ireland,IRL,IE,HUR,TOT,PC_LF,A,1990,13.45,
484,Ireland,IRL,IE,HUR,TOT,PC_LF,A,1991,14.758329999999999,
485,Ireland,IRL,IE,HUR,TOT,PC_LF,A,1992,15.391670000000001,
486,Ireland,IRL,IE,HUR,TOT,PC_LF,A,1993,15.641670000000001,
487,Ireland,IRL,IE,HUR,TOT,PC_LF,A,1994,14.34167,
488,Ireland,IRL,IE,HUR,TOT,PC_LF,A,1995,12.29167,
489,Ireland,IRL,IE,HUR,TOT,PC_LF,A,1996,11.66667,
490,Ireland,IRL,IE,HUR,TOT,PC_LF,A,1997,9.875,
491,Ireland,IRL,IE,HUR,TOT,PC_LF,A,1998,7.55,
492,Ireland,IRL,IE,HUR,TOT,PC_LF,A,1999,5.9166669999999995,
493,Ireland,IRL,IE,HUR,TOT,PC_LF,A,2000,4.5,
494,Ireland,IRL,IE,HUR,TOT,PC_LF,A,2001,4.175,
495,Ireland,IRL,IE,HUR,TOT,PC_LF,A,2002,4.725,
496,Ireland,IRL,IE,HUR,TOT,PC_LF,A,2003,4.85,
497,Ireland,IRL,IE,HUR,TOT,PC_LF,A,2004,4.741667,
498,Ireland,IRL,IE,HUR,TOT,PC_LF,A,2005,4.633333,
499,Ireland,IRL,IE,HUR,TOT,PC_LF,A,2006,4.783333,
500,Ireland,IRL,IE,HUR,TOT,PC_LF,A,2007,5.0,
501,Ireland,IRL,IE,HUR,TOT,PC_LF,A,2008,6.783333,
502,Ireland,IRL,IE,HUR,TOT,PC_LF,A,2009,12.65,
503,Ireland,IRL,IE,HUR,TOT,PC_LF,A,2010,14.558329999999998,
504,Ireland,IRL,IE,HUR,TOT,PC_LF,A,2011,15.40833,
505,Ireland,IRL,IE,HUR,TOT,PC_LF,A,2012,15.491670000000001,
506,Ireland,IRL,IE,HUR,TOT,PC_LF,A,2013,13.78333,
507,Ireland,IRL,IE,HUR,TOT,PC_LF,A,2014,11.91667,
508,Ireland,IRL,IE,HUR,TOT,PC_LF,A,2015,9.958333,
509,Ireland,IRL,IE,HUR,TOT,PC_LF,A,2016,8.408334,
510,Ireland,IRL,IE,HUR,TOT,PC_LF,A,2017,6.741667,
511,Ireland,IRL,IE,HUR,TOT,PC_LF,A,2018,5.766667,
512,Ireland,IRL,IE,HUR,TOT,PC_LF,A,2019,4.975,
513,Israel,ISR,IL,HUR,TOT,PC_LF,A,1995,6.869636999999999,
514,Israel,ISR,IL,HUR,TOT,PC_LF,A,1996,6.677445,
515,Israel,ISR,IL,HUR,TOT,PC_LF,A,1997,7.6737589999999996,
516,Israel,ISR,IL,HUR,TOT,PC_LF,A,1998,8.535764,
517,Israel,ISR,IL,HUR,TOT,PC_LF,A,1999,8.884659,
518,Israel,ISR,IL,HUR,TOT,PC_LF,A,2000,8.770605999999999,
519,Israel,ISR,IL,HUR,TOT,PC_LF,A,2001,9.348134,
520,Israel,ISR,IL,HUR,TOT,PC_LF,A,2002,10.29844,
521,Israel,ISR,IL,HUR,TOT,PC_LF,A,2003,10.712660000000001,
522,Israel,ISR,IL,HUR,TOT,PC_LF,A,2004,10.36771,
523,Israel,ISR,IL,HUR,TOT,PC_LF,A,2005,8.989903,
524,Israel,ISR,IL,HUR,TOT,PC_LF,A,2006,8.403837,
525,Israel,ISR,IL,HUR,TOT,PC_LF,A,2007,7.318558,
526,Israel,ISR,IL,HUR,TOT,PC_LF,A,2008,6.099141,
527,Israel,ISR,IL,HUR,TOT,PC_LF,A,2009,7.544086,
528,Israel,ISR,IL,HUR,TOT,PC_LF,A,2010,6.636595,
529,Israel,ISR,IL,HUR,TOT,PC_LF,A,2011,5.6023760000000005,B
530,Israel,ISR,IL,HUR,TOT,PC_LF,A,2012,6.85,
531,Israel,ISR,IL,HUR,TOT,PC_LF,A,2013,6.2083330000000005,
532,Israel,ISR,IL,HUR,TOT,PC_LF,A,2014,5.908333,
533,Israel,ISR,IL,HUR,TOT,PC_LF,A,2015,5.241667,
534,Israel,ISR,IL,HUR,TOT,PC_LF,A,2016,4.808333,
535,Israel,ISR,IL,HUR,TOT,PC_LF,A,2017,4.216667,
536,Israel,ISR,IL,HUR,TOT,PC_LF,A,2018,4.0,
537,Israel,ISR,IL,HUR,TOT,PC_LF,A,2019,3.8,
538,Italy,ITA,IT,HUR,TOT,PC_LF,A,1983,7.366667,
539,Italy,ITA,IT,HUR,TOT,PC_LF,A,1984,7.8333330000000005,
540,Italy,ITA,IT,HUR,TOT,PC_LF,A,1985,8.141666,
541,Italy,ITA,IT,HUR,TOT,PC_LF,A,1986,8.883333,
542,Italy,ITA,IT,HUR,TOT,PC_LF,A,1987,9.633333,
543,Italy,ITA,IT,HUR,TOT,PC_LF,A,1988,9.7,
544,Italy,ITA,IT,HUR,TOT,PC_LF,A,1989,9.7,
545,Italy,ITA,IT,HUR,TOT,PC_LF,A,1990,8.866667,
546,Italy,ITA,IT,HUR,TOT,PC_LF,A,1991,8.516666,
547,Italy,ITA,IT,HUR,TOT,PC_LF,A,1992,8.791667,
548,Italy,ITA,IT,HUR,TOT,PC_LF,A,1993,9.725,
549,Italy,ITA,IT,HUR,TOT,PC_LF,A,1994,10.65,
550,Italy,ITA,IT,HUR,TOT,PC_LF,A,1995,11.18333,
551,Italy,ITA,IT,HUR,TOT,PC_LF,A,1996,11.16667,
552,Italy,ITA,IT,HUR,TOT,PC_LF,A,1997,11.21667,
553,Italy,ITA,IT,HUR,TOT,PC_LF,A,1998,11.3,
554,Italy,ITA,IT,HUR,TOT,PC_LF,A,1999,10.86667,
555,Italy,ITA,IT,HUR,TOT,PC_LF,A,2000,10.05,
556,Italy,ITA,IT,HUR,TOT,PC_LF,A,2001,9.008333,
557,Italy,ITA,IT,HUR,TOT,PC_LF,A,2002,8.475,
558,Italy,ITA,IT,HUR,TOT,PC_LF,A,2003,8.433333,
559,Italy,ITA,IT,HUR,TOT,PC_LF,A,2004,8.0,
560,Italy,ITA,IT,HUR,TOT,PC_LF,A,2005,7.7083330000000005,
561,Italy,ITA,IT,HUR,TOT,PC_LF,A,2006,6.7916669999999995,
562,Italy,ITA,IT,HUR,TOT,PC_LF,A,2007,6.075,
563,Italy,ITA,IT,HUR,TOT,PC_LF,A,2008,6.7083330000000005,
564,Italy,ITA,IT,HUR,TOT,PC_LF,A,2009,7.75,
565,Italy,ITA,IT,HUR,TOT,PC_LF,A,2010,8.35,
566,Italy,ITA,IT,HUR,TOT,PC_LF,A,2011,8.35,
567,Italy,ITA,IT,HUR,TOT,PC_LF,A,2012,10.64167,
568,Italy,ITA,IT,HUR,TOT,PC_LF,A,2013,12.13333,
569,Italy,ITA,IT,HUR,TOT,PC_LF,A,2014,12.65,
570,Italy,ITA,IT,HUR,TOT,PC_LF,A,2015,11.89167,
571,Italy,ITA,IT,HUR,TOT,PC_LF,A,2016,11.675,
572,Italy,ITA,IT,HUR,TOT,PC_LF,A,2017,11.225,
573,Italy,ITA,IT,HUR,TOT,PC_LF,A,2018,10.61667,
574,Italy,ITA,IT,HUR,TOT,PC_LF,A,2019,9.966666,
575,Japan,JPN,JP,HUR,TOT,PC_LF,A,1955,2.5083330000000004,
576,Japan,JPN,JP,HUR,TOT,PC_LF,A,1956,2.291667,
577,Japan,JPN,JP,HUR,TOT,PC_LF,A,1957,1.925,
578,Japan,JPN,JP,HUR,TOT,PC_LF,A,1958,2.041667,
579,Japan,JPN,JP,HUR,TOT,PC_LF,A,1959,2.225,
580,Japan,JPN,JP,HUR,TOT,PC_LF,A,1960,1.625,
581,Japan,JPN,JP,HUR,TOT,PC_LF,A,1961,1.433333,
582,Japan,JPN,JP,HUR,TOT,PC_LF,A,1962,1.283333,
583,Japan,JPN,JP,HUR,TOT,PC_LF,A,1963,1.283333,
584,Japan,JPN,JP,HUR,TOT,PC_LF,A,1964,1.175,
585,Japan,JPN,JP,HUR,TOT,PC_LF,A,1965,1.216667,
586,Japan,JPN,JP,HUR,TOT,PC_LF,A,1966,1.308333,
587,Japan,JPN,JP,HUR,TOT,PC_LF,A,1967,1.258333,
588,Japan,JPN,JP,HUR,TOT,PC_LF,A,1968,1.183333,
589,Japan,JPN,JP,HUR,TOT,PC_LF,A,1969,1.125,
590,Japan,JPN,JP,HUR,TOT,PC_LF,A,1970,1.15,
591,Japan,JPN,JP,HUR,TOT,PC_LF,A,1971,1.225,
592,Japan,JPN,JP,HUR,TOT,PC_LF,A,1972,1.416667,
593,Japan,JPN,JP,HUR,TOT,PC_LF,A,1973,1.266667,
594,Japan,JPN,JP,HUR,TOT,PC_LF,A,1974,1.375,
595,Japan,JPN,JP,HUR,TOT,PC_LF,A,1975,1.8916669999999998,
596,Japan,JPN,JP,HUR,TOT,PC_LF,A,1976,2.0083330000000004,
597,Japan,JPN,JP,HUR,TOT,PC_LF,A,1977,2.025,
598,Japan,JPN,JP,HUR,TOT,PC_LF,A,1978,2.2416669999999996,
599,Japan,JPN,JP,HUR,TOT,PC_LF,A,1979,2.083333,
600,Japan,JPN,JP,HUR,TOT,PC_LF,A,1980,2.0083330000000004,
601,Japan,JPN,JP,HUR,TOT,PC_LF,A,1981,2.208333,
602,Japan,JPN,JP,HUR,TOT,PC_LF,A,1982,2.35,
603,Japan,JPN,JP,HUR,TOT,PC_LF,A,1983,2.6583330000000003,
604,Japan,JPN,JP,HUR,TOT,PC_LF,A,1984,2.708333,
605,Japan,JPN,JP,HUR,TOT,PC_LF,A,1985,2.6166669999999996,
606,Japan,JPN,JP,HUR,TOT,PC_LF,A,1986,2.7583330000000004,
607,Japan,JPN,JP,HUR,TOT,PC_LF,A,1987,2.85,
608,Japan,JPN,JP,HUR,TOT,PC_LF,A,1988,2.5333330000000003,
609,Japan,JPN,JP,HUR,TOT,PC_LF,A,1989,2.266667,
610,Japan,JPN,JP,HUR,TOT,PC_LF,A,1990,2.108333,
611,Japan,JPN,JP,HUR,TOT,PC_LF,A,1991,2.1,
612,Japan,JPN,JP,HUR,TOT,PC_LF,A,1992,2.15,
613,Japan,JPN,JP,HUR,TOT,PC_LF,A,1993,2.5,
614,Japan,JPN,JP,HUR,TOT,PC_LF,A,1994,2.891667,
615,Japan,JPN,JP,HUR,TOT,PC_LF,A,1995,3.15,
616,Japan,JPN,JP,HUR,TOT,PC_LF,A,1996,3.35,
617,Japan,JPN,JP,HUR,TOT,PC_LF,A,1997,3.4,
618,Japan,JPN,JP,HUR,TOT,PC_LF,A,1998,4.108333,
619,Japan,JPN,JP,HUR,TOT,PC_LF,A,1999,4.683333,
620,Japan,JPN,JP,HUR,TOT,PC_LF,A,2000,4.716667,
621,Japan,JPN,JP,HUR,TOT,PC_LF,A,2001,5.033333,
622,Japan,JPN,JP,HUR,TOT,PC_LF,A,2002,5.375,
623,Japan,JPN,JP,HUR,TOT,PC_LF,A,2003,5.258333,
624,Japan,JPN,JP,HUR,TOT,PC_LF,A,2004,4.716667,
625,Japan,JPN,JP,HUR,TOT,PC_LF,A,2005,4.425,
626,Japan,JPN,JP,HUR,TOT,PC_LF,A,2006,4.141667,
627,Japan,JPN,JP,HUR,TOT,PC_LF,A,2007,3.8416669999999997,
628,Japan,JPN,JP,HUR,TOT,PC_LF,A,2008,3.9916669999999996,
629,Japan,JPN,JP,HUR,TOT,PC_LF,A,2009,5.066667,
630,Japan,JPN,JP,HUR,TOT,PC_LF,A,2010,5.05,
631,Japan,JPN,JP,HUR,TOT,PC_LF,A,2011,4.5833330000000005,
632,Japan,JPN,JP,HUR,TOT,PC_LF,A,2012,4.35,
633,Japan,JPN,JP,HUR,TOT,PC_LF,A,2013,4.025,
634,Japan,JPN,JP,HUR,TOT,PC_LF,A,2014,3.5916669999999997,
635,Japan,JPN,JP,HUR,TOT,PC_LF,A,2015,3.375,
636,Japan,JPN,JP,HUR,TOT,PC_LF,A,2016,3.1166669999999996,
637,Japan,JPN,JP,HUR,TOT,PC_LF,A,2017,2.808333,
638,Japan,JPN,JP,HUR,TOT,PC_LF,A,2018,2.441667,
639,Japan,JPN,JP,HUR,TOT,PC_LF,A,2019,2.35,
640,Latvia,LVA,LV,HUR,TOT,PC_LF,A,1999,14.066670000000002,
641,Latvia,LVA,LV,HUR,TOT,PC_LF,A,2000,14.34167,
642,Latvia,LVA,LV,HUR,TOT,PC_LF,A,2001,13.483329999999999,
643,Latvia,LVA,LV,HUR,TOT,PC_LF,A,2002,12.49167,
644,Latvia,LVA,LV,HUR,TOT,PC_LF,A,2003,11.64167,
645,Latvia,LVA,LV,HUR,TOT,PC_LF,A,2004,11.75,
646,Latvia,LVA,LV,HUR,TOT,PC_LF,A,2005,10.05,
647,Latvia,LVA,LV,HUR,TOT,PC_LF,A,2006,7.0416669999999995,
648,Latvia,LVA,LV,HUR,TOT,PC_LF,A,2007,6.058333,
649,Latvia,LVA,LV,HUR,TOT,PC_LF,A,2008,7.741667,
650,Latvia,LVA,LV,HUR,TOT,PC_LF,A,2009,17.566670000000002,
651,Latvia,LVA,LV,HUR,TOT,PC_LF,A,2010,19.475,
652,Latvia,LVA,LV,HUR,TOT,PC_LF,A,2011,16.21667,
653,Latvia,LVA,LV,HUR,TOT,PC_LF,A,2012,15.041670000000002,
654,Latvia,LVA,LV,HUR,TOT,PC_LF,A,2013,11.875,
655,Latvia,LVA,LV,HUR,TOT,PC_LF,A,2014,10.85,
656,Latvia,LVA,LV,HUR,TOT,PC_LF,A,2015,9.883333,
657,Latvia,LVA,LV,HUR,TOT,PC_LF,A,2016,9.633333,
658,Latvia,LVA,LV,HUR,TOT,PC_LF,A,2017,8.708333,
659,Latvia,LVA,LV,HUR,TOT,PC_LF,A,2018,7.4,
660,Latvia,LVA,LV,HUR,TOT,PC_LF,A,2019,6.3333330000000005,
661,Lithuania,LTU,LT,HUR,TOT,PC_LF,A,1999,14.641670000000001,
662,Lithuania,LTU,LT,HUR,TOT,PC_LF,A,2000,16.441670000000002,
663,Lithuania,LTU,LT,HUR,TOT,PC_LF,A,2001,17.41667,
664,Lithuania,LTU,LT,HUR,TOT,PC_LF,A,2002,13.775,
665,Lithuania,LTU,LT,HUR,TOT,PC_LF,A,2003,12.43333,
666,Lithuania,LTU,LT,HUR,TOT,PC_LF,A,2004,10.89167,
667,Lithuania,LTU,LT,HUR,TOT,PC_LF,A,2005,8.316667,
668,Lithuania,LTU,LT,HUR,TOT,PC_LF,A,2006,5.7916669999999995,
669,Lithuania,LTU,LT,HUR,TOT,PC_LF,A,2007,4.258333,
670,Lithuania,LTU,LT,HUR,TOT,PC_LF,A,2008,5.825,
671,Lithuania,LTU,LT,HUR,TOT,PC_LF,A,2009,13.8,
672,Lithuania,LTU,LT,HUR,TOT,PC_LF,A,2010,17.84167,
673,Lithuania,LTU,LT,HUR,TOT,PC_LF,A,2011,15.391670000000001,
674,Lithuania,LTU,LT,HUR,TOT,PC_LF,A,2012,13.40833,
675,Lithuania,LTU,LT,HUR,TOT,PC_LF,A,2013,11.8,
676,Lithuania,LTU,LT,HUR,TOT,PC_LF,A,2014,10.725,
677,Lithuania,LTU,LT,HUR,TOT,PC_LF,A,2015,9.133333,
678,Lithuania,LTU,LT,HUR,TOT,PC_LF,A,2016,7.9,
679,Lithuania,LTU,LT,HUR,TOT,PC_LF,A,2017,7.116667,
680,Lithuania,LTU,LT,HUR,TOT,PC_LF,A,2018,6.183333,
681,Lithuania,LTU,LT,HUR,TOT,PC_LF,A,2019,6.283333,
682,Luxembourg,LUX,LU,HUR,TOT,PC_LF,A,1983,3.4083330000000003,
683,Luxembourg,LUX,LU,HUR,TOT,PC_LF,A,1984,3.041667,
684,Luxembourg,LUX,LU,HUR,TOT,PC_LF,A,1985,2.875,
685,Luxembourg,LUX,LU,HUR,TOT,PC_LF,A,1986,2.5333330000000003,
686,Luxembourg,LUX,LU,HUR,TOT,PC_LF,A,1987,2.45,
687,Luxembourg,LUX,LU,HUR,TOT,PC_LF,A,1988,2.0,
688,Luxembourg,LUX,LU,HUR,TOT,PC_LF,A,1989,1.7833330000000003,
689,Luxembourg,LUX,LU,HUR,TOT,PC_LF,A,1990,1.6583330000000003,
690,Luxembourg,LUX,LU,HUR,TOT,PC_LF,A,1991,1.6583330000000003,
691,Luxembourg,LUX,LU,HUR,TOT,PC_LF,A,1992,2.066667,
692,Luxembourg,LUX,LU,HUR,TOT,PC_LF,A,1993,2.583333,
693,Luxembourg,LUX,LU,HUR,TOT,PC_LF,A,1994,3.175,
694,Luxembourg,LUX,LU,HUR,TOT,PC_LF,A,1995,2.8666669999999996,
695,Luxembourg,LUX,LU,HUR,TOT,PC_LF,A,1996,2.925,
696,Luxembourg,LUX,LU,HUR,TOT,PC_LF,A,1997,2.7,
697,Luxembourg,LUX,LU,HUR,TOT,PC_LF,A,1998,2.691667,
698,Luxembourg,LUX,LU,HUR,TOT,PC_LF,A,1999,2.4083330000000003,
699,Luxembourg,LUX,LU,HUR,TOT,PC_LF,A,2000,2.233333,
700,Luxembourg,LUX,LU,HUR,TOT,PC_LF,A,2001,1.9,
701,Luxembourg,LUX,LU,HUR,TOT,PC_LF,A,2002,2.558333,
702,Luxembourg,LUX,LU,HUR,TOT,PC_LF,A,2003,3.808333,
703,Luxembourg,LUX,LU,HUR,TOT,PC_LF,A,2004,4.95,
704,Luxembourg,LUX,LU,HUR,TOT,PC_LF,A,2005,4.65,
705,Luxembourg,LUX,LU,HUR,TOT,PC_LF,A,2006,4.575,
706,Luxembourg,LUX,LU,HUR,TOT,PC_LF,A,2007,4.1666669999999995,
707,Luxembourg,LUX,LU,HUR,TOT,PC_LF,A,2008,4.9166669999999995,
708,Luxembourg,LUX,LU,HUR,TOT,PC_LF,A,2009,5.116667,
709,Luxembourg,LUX,LU,HUR,TOT,PC_LF,A,2010,4.5833330000000005,
710,Luxembourg,LUX,LU,HUR,TOT,PC_LF,A,2011,4.8333330000000005,
711,Luxembourg,LUX,LU,HUR,TOT,PC_LF,A,2012,5.066667,
712,Luxembourg,LUX,LU,HUR,TOT,PC_LF,A,2013,5.875,
713,Luxembourg,LUX,LU,HUR,TOT,PC_LF,A,2014,6.05,
714,Luxembourg,LUX,LU,HUR,TOT,PC_LF,A,2015,6.4583330000000005,
715,Luxembourg,LUX,LU,HUR,TOT,PC_LF,A,2016,6.3333330000000005,
716,Luxembourg,LUX,LU,HUR,TOT,PC_LF,A,2017,5.616667,
717,Luxembourg,LUX,LU,HUR,TOT,PC_LF,A,2018,5.5,
718,Luxembourg,LUX,LU,HUR,TOT,PC_LF,A,2019,5.591667,
719,Mexico,MEX,MX,HUR,TOT,PC_LF,A,1987,3.8833330000000004,
720,Mexico,MEX,MX,HUR,TOT,PC_LF,A,1988,3.541667,
721,Mexico,MEX,MX,HUR,TOT,PC_LF,A,1989,2.925,
722,Mexico,MEX,MX,HUR,TOT,PC_LF,A,1990,2.7416669999999996,
723,Mexico,MEX,MX,HUR,TOT,PC_LF,A,1991,2.691667,
724,Mexico,MEX,MX,HUR,TOT,PC_LF,A,1992,2.7833330000000003,
725,Mexico,MEX,MX,HUR,TOT,PC_LF,A,1993,3.425,
726,Mexico,MEX,MX,HUR,TOT,PC_LF,A,1994,3.641667,
727,Mexico,MEX,MX,HUR,TOT,PC_LF,A,1995,6.266667,
728,Mexico,MEX,MX,HUR,TOT,PC_LF,A,1996,5.525,
729,Mexico,MEX,MX,HUR,TOT,PC_LF,A,1997,3.735,
730,Mexico,MEX,MX,HUR,TOT,PC_LF,A,1998,3.16,
731,Mexico,MEX,MX,HUR,TOT,PC_LF,A,1999,2.505,
732,Mexico,MEX,MX,HUR,TOT,PC_LF,A,2000,2.505833,
733,Mexico,MEX,MX,HUR,TOT,PC_LF,A,2001,2.7566669999999998,
734,Mexico,MEX,MX,HUR,TOT,PC_LF,A,2002,2.978333,
735,Mexico,MEX,MX,HUR,TOT,PC_LF,A,2003,3.4058330000000003,
736,Mexico,MEX,MX,HUR,TOT,PC_LF,A,2004,3.915833,B
737,Mexico,MEX,MX,HUR,TOT,PC_LF,A,2005,3.595785,
738,Mexico,MEX,MX,HUR,TOT,PC_LF,A,2006,3.596744,
739,Mexico,MEX,MX,HUR,TOT,PC_LF,A,2007,3.721604,
740,Mexico,MEX,MX,HUR,TOT,PC_LF,A,2008,3.9746550000000003,
741,Mexico,MEX,MX,HUR,TOT,PC_LF,A,2009,5.479068,
742,Mexico,MEX,MX,HUR,TOT,PC_LF,A,2010,5.380876,
743,Mexico,MEX,MX,HUR,TOT,PC_LF,A,2011,5.233573000000001,
744,Mexico,MEX,MX,HUR,TOT,PC_LF,A,2012,4.952769,
745,Mexico,MEX,MX,HUR,TOT,PC_LF,A,2013,4.929466000000001,
746,Mexico,MEX,MX,HUR,TOT,PC_LF,A,2014,4.828958,
747,Mexico,MEX,MX,HUR,TOT,PC_LF,A,2015,4.352943,
748,Mexico,MEX,MX,HUR,TOT,PC_LF,A,2016,3.881356,
749,Mexico,MEX,MX,HUR,TOT,PC_LF,A,2017,3.419046,
750,Mexico,MEX,MX,HUR,TOT,PC_LF,A,2018,3.3285489999999998,
751,Mexico,MEX,MX,HUR,TOT,PC_LF,A,2019,3.4945800000000005,
752,Netherlands,NLD,NL,HUR,TOT,PC_LF,A,1983,9.508333,
753,Netherlands,NLD,NL,HUR,TOT,PC_LF,A,1984,9.291667,
754,Netherlands,NLD,NL,HUR,TOT,PC_LF,A,1985,8.45,
755,Netherlands,NLD,NL,HUR,TOT,PC_LF,A,1986,7.608333,
756,Netherlands,NLD,NL,HUR,TOT,PC_LF,A,1987,7.466667,
757,Netherlands,NLD,NL,HUR,TOT,PC_LF,A,1988,7.375,
758,Netherlands,NLD,NL,HUR,TOT,PC_LF,A,1989,6.675,
759,Netherlands,NLD,NL,HUR,TOT,PC_LF,A,1990,6.0833330000000005,
760,Netherlands,NLD,NL,HUR,TOT,PC_LF,A,1991,5.675,
761,Netherlands,NLD,NL,HUR,TOT,PC_LF,A,1992,5.758333,
762,Netherlands,NLD,NL,HUR,TOT,PC_LF,A,1993,6.466667,
763,Netherlands,NLD,NL,HUR,TOT,PC_LF,A,1994,7.191667,
764,Netherlands,NLD,NL,HUR,TOT,PC_LF,A,1995,8.358334,
765,Netherlands,NLD,NL,HUR,TOT,PC_LF,A,1996,7.675,
766,Netherlands,NLD,NL,HUR,TOT,PC_LF,A,1997,6.5,
767,Netherlands,NLD,NL,HUR,TOT,PC_LF,A,1998,5.133333,
768,Netherlands,NLD,NL,HUR,TOT,PC_LF,A,1999,4.233333,
769,Netherlands,NLD,NL,HUR,TOT,PC_LF,A,2000,3.666667,
770,Netherlands,NLD,NL,HUR,TOT,PC_LF,A,2001,3.075,
771,Netherlands,NLD,NL,HUR,TOT,PC_LF,A,2002,3.666667,
772,Netherlands,NLD,NL,HUR,TOT,PC_LF,A,2003,4.841667,
773,Netherlands,NLD,NL,HUR,TOT,PC_LF,A,2004,5.675,
774,Netherlands,NLD,NL,HUR,TOT,PC_LF,A,2005,5.883333,
775,Netherlands,NLD,NL,HUR,TOT,PC_LF,A,2006,5.008333,
776,Netherlands,NLD,NL,HUR,TOT,PC_LF,A,2007,4.175,
777,Netherlands,NLD,NL,HUR,TOT,PC_LF,A,2008,3.666667,
778,Netherlands,NLD,NL,HUR,TOT,PC_LF,A,2009,4.35,
779,Netherlands,NLD,NL,HUR,TOT,PC_LF,A,2010,5.008333,
780,Netherlands,NLD,NL,HUR,TOT,PC_LF,A,2011,4.991667,
781,Netherlands,NLD,NL,HUR,TOT,PC_LF,A,2012,5.825,
782,Netherlands,NLD,NL,HUR,TOT,PC_LF,A,2013,7.241667,
783,Netherlands,NLD,NL,HUR,TOT,PC_LF,A,2014,7.425,
784,Netherlands,NLD,NL,HUR,TOT,PC_LF,A,2015,6.891667,
785,Netherlands,NLD,NL,HUR,TOT,PC_LF,A,2016,6.025,
786,Netherlands,NLD,NL,HUR,TOT,PC_LF,A,2017,4.858333,
787,Netherlands,NLD,NL,HUR,TOT,PC_LF,A,2018,3.8416669999999997,
788,Netherlands,NLD,NL,HUR,TOT,PC_LF,A,2019,3.4,
789,New Zealand,NZL,NZ,HUR,TOT,PC_LF,A,1956,0.0,
790,New Zealand,NZL,NZ,HUR,TOT,PC_LF,A,1957,0.0,
791,New Zealand,NZL,NZ,HUR,TOT,PC_LF,A,1958,0.1193317,
792,New Zealand,NZL,NZ,HUR,TOT,PC_LF,A,1959,0.11723330000000001,
793,New Zealand,NZL,NZ,HUR,TOT,PC_LF,A,1960,0.1156069,
794,New Zealand,NZL,NZ,HUR,TOT,PC_LF,A,1961,0.0,
795,New Zealand,NZL,NZ,HUR,TOT,PC_LF,A,1962,0.1109878,
796,New Zealand,NZL,NZ,HUR,TOT,PC_LF,A,1963,0.10869560000000002,
797,New Zealand,NZL,NZ,HUR,TOT,PC_LF,A,1964,0.10559660000000001,
798,New Zealand,NZL,NZ,HUR,TOT,PC_LF,A,1965,0.1020408,
799,New Zealand,NZL,NZ,HUR,TOT,PC_LF,A,1966,0.09852216,
800,New Zealand,NZL,NZ,HUR,TOT,PC_LF,A,1967,0.09596929,
801,New Zealand,NZL,NZ,HUR,TOT,PC_LF,A,1968,0.7759457,
802,New Zealand,NZL,NZ,HUR,TOT,PC_LF,A,1969,0.28598670000000004,
803,New Zealand,NZL,NZ,HUR,TOT,PC_LF,A,1970,0.09267841,
804,New Zealand,NZL,NZ,HUR,TOT,PC_LF,A,1971,0.1829826,
805,New Zealand,NZL,NZ,HUR,TOT,PC_LF,A,1972,0.4508566,
806,New Zealand,NZL,NZ,HUR,TOT,PC_LF,A,1973,0.17467249999999998,
807,New Zealand,NZL,NZ,HUR,TOT,PC_LF,A,1974,0.0838223,
808,New Zealand,NZL,NZ,HUR,TOT,PC_LF,A,1975,0.2465078,
809,New Zealand,NZL,NZ,HUR,TOT,PC_LF,A,1976,0.322841,
810,New Zealand,NZL,NZ,HUR,TOT,PC_LF,A,1977,0.317965,
811,New Zealand,NZL,NZ,HUR,TOT,PC_LF,A,1978,1.657459,
812,New Zealand,NZL,NZ,HUR,TOT,PC_LF,A,1979,1.942502,
813,New Zealand,NZL,NZ,HUR,TOT,PC_LF,A,1980,2.242846,
814,New Zealand,NZL,NZ,HUR,TOT,PC_LF,A,1981,3.601532,
815,New Zealand,NZL,NZ,HUR,TOT,PC_LF,A,1982,3.5364940000000002,
816,New Zealand,NZL,NZ,HUR,TOT,PC_LF,A,1983,5.663189,
817,New Zealand,NZL,NZ,HUR,TOT,PC_LF,A,1984,5.743741,
818,New Zealand,NZL,NZ,HUR,TOT,PC_LF,A,1985,4.181687,B
819,New Zealand,NZL,NZ,HUR,TOT,PC_LF,A,1986,4.175,
820,New Zealand,NZL,NZ,HUR,TOT,PC_LF,A,1987,4.225,
821,New Zealand,NZL,NZ,HUR,TOT,PC_LF,A,1988,5.8,
822,New Zealand,NZL,NZ,HUR,TOT,PC_LF,A,1989,7.275,
823,New Zealand,NZL,NZ,HUR,TOT,PC_LF,A,1990,7.975,
824,New Zealand,NZL,NZ,HUR,TOT,PC_LF,A,1991,10.6,
825,New Zealand,NZL,NZ,HUR,TOT,PC_LF,A,1992,10.65,
826,New Zealand,NZL,NZ,HUR,TOT,PC_LF,A,1993,9.8,
827,New Zealand,NZL,NZ,HUR,TOT,PC_LF,A,1994,8.35,
828,New Zealand,NZL,NZ,HUR,TOT,PC_LF,A,1995,6.45,
829,New Zealand,NZL,NZ,HUR,TOT,PC_LF,A,1996,6.3,
830,New Zealand,NZL,NZ,HUR,TOT,PC_LF,A,1997,6.825,
831,New Zealand,NZL,NZ,HUR,TOT,PC_LF,A,1998,7.725,
832,New Zealand,NZL,NZ,HUR,TOT,PC_LF,A,1999,7.025,
833,New Zealand,NZL,NZ,HUR,TOT,PC_LF,A,2000,6.15,
834,New Zealand,NZL,NZ,HUR,TOT,PC_LF,A,2001,5.45,
835,New Zealand,NZL,NZ,HUR,TOT,PC_LF,A,2002,5.3,
836,New Zealand,NZL,NZ,HUR,TOT,PC_LF,A,2003,4.775,
837,New Zealand,NZL,NZ,HUR,TOT,PC_LF,A,2004,4.025,
838,New Zealand,NZL,NZ,HUR,TOT,PC_LF,A,2005,3.825,
839,New Zealand,NZL,NZ,HUR,TOT,PC_LF,A,2006,3.85,
840,New Zealand,NZL,NZ,HUR,TOT,PC_LF,A,2007,3.575,
841,New Zealand,NZL,NZ,HUR,TOT,PC_LF,A,2008,4.025,
842,New Zealand,NZL,NZ,HUR,TOT,PC_LF,A,2009,5.875,
843,New Zealand,NZL,NZ,HUR,TOT,PC_LF,A,2010,6.225,
844,New Zealand,NZL,NZ,HUR,TOT,PC_LF,A,2011,6.025,
845,New Zealand,NZL,NZ,HUR,TOT,PC_LF,A,2012,6.475,
846,New Zealand,NZL,NZ,HUR,TOT,PC_LF,A,2013,5.85,
847,New Zealand,NZL,NZ,HUR,TOT,PC_LF,A,2014,5.425,
848,New Zealand,NZL,NZ,HUR,TOT,PC_LF,A,2015,5.4,
849,New Zealand,NZL,NZ,HUR,TOT,PC_LF,A,2016,5.125,
850,New Zealand,NZL,NZ,HUR,TOT,PC_LF,A,2017,4.725,
851,New Zealand,NZL,NZ,HUR,TOT,PC_LF,A,2018,4.325,
852,New Zealand,NZL,NZ,HUR,TOT,PC_LF,A,2019,4.1,
853,Norway,NOR,NO,HUR,TOT,PC_LF,A,1989,4.883333,
854,Norway,NOR,NO,HUR,TOT,PC_LF,A,1990,5.216667,
855,Norway,NOR,NO,HUR,TOT,PC_LF,A,1991,5.45,
856,Norway,NOR,NO,HUR,TOT,PC_LF,A,1992,5.925,
857,Norway,NOR,NO,HUR,TOT,PC_LF,A,1993,5.95,
858,Norway,NOR,NO,HUR,TOT,PC_LF,A,1994,5.408333,
859,Norway,NOR,NO,HUR,TOT,PC_LF,A,1995,4.933333,
860,Norway,NOR,NO,HUR,TOT,PC_LF,A,1996,4.75,
861,Norway,NOR,NO,HUR,TOT,PC_LF,A,1997,3.916667,
862,Norway,NOR,NO,HUR,TOT,PC_LF,A,1998,3.0916669999999997,
863,Norway,NOR,NO,HUR,TOT,PC_LF,A,1999,3.0333330000000003,
864,Norway,NOR,NO,HUR,TOT,PC_LF,A,2000,3.2416669999999996,
865,Norway,NOR,NO,HUR,TOT,PC_LF,A,2001,3.4083330000000003,
866,Norway,NOR,NO,HUR,TOT,PC_LF,A,2002,3.666667,
867,Norway,NOR,NO,HUR,TOT,PC_LF,A,2003,4.2083330000000005,
868,Norway,NOR,NO,HUR,TOT,PC_LF,A,2004,4.275,
869,Norway,NOR,NO,HUR,TOT,PC_LF,A,2005,4.525,
870,Norway,NOR,NO,HUR,TOT,PC_LF,A,2006,3.425,
871,Norway,NOR,NO,HUR,TOT,PC_LF,A,2007,2.558333,
872,Norway,NOR,NO,HUR,TOT,PC_LF,A,2008,2.733333,
873,Norway,NOR,NO,HUR,TOT,PC_LF,A,2009,3.2833330000000003,
874,Norway,NOR,NO,HUR,TOT,PC_LF,A,2010,3.733333,
875,Norway,NOR,NO,HUR,TOT,PC_LF,A,2011,3.4083330000000003,
876,Norway,NOR,NO,HUR,TOT,PC_LF,A,2012,3.3,
877,Norway,NOR,NO,HUR,TOT,PC_LF,A,2013,3.7583330000000004,
878,Norway,NOR,NO,HUR,TOT,PC_LF,A,2014,3.6333330000000004,
879,Norway,NOR,NO,HUR,TOT,PC_LF,A,2015,4.5,
880,Norway,NOR,NO,HUR,TOT,PC_LF,A,2016,4.758333,
881,Norway,NOR,NO,HUR,TOT,PC_LF,A,2017,4.191667,
882,Norway,NOR,NO,HUR,TOT,PC_LF,A,2018,3.875,
883,Norway,NOR,NO,HUR,TOT,PC_LF,A,2019,3.7,
884,Poland,POL,PL,HUR,TOT,PC_LF,A,1997,10.86667,
885,Poland,POL,PL,HUR,TOT,PC_LF,A,1998,10.16667,
886,Poland,POL,PL,HUR,TOT,PC_LF,A,1999,13.391670000000001,
887,Poland,POL,PL,HUR,TOT,PC_LF,A,2000,16.075,
888,Poland,POL,PL,HUR,TOT,PC_LF,A,2001,18.308329999999998,
889,Poland,POL,PL,HUR,TOT,PC_LF,A,2002,20.03333,
890,Poland,POL,PL,HUR,TOT,PC_LF,A,2003,19.75,
891,Poland,POL,PL,HUR,TOT,PC_LF,A,2004,19.14167,
892,Poland,POL,PL,HUR,TOT,PC_LF,A,2005,17.925,
893,Poland,POL,PL,HUR,TOT,PC_LF,A,2006,13.96667,
894,Poland,POL,PL,HUR,TOT,PC_LF,A,2007,9.608334,
895,Poland,POL,PL,HUR,TOT,PC_LF,A,2008,7.0416669999999995,
896,Poland,POL,PL,HUR,TOT,PC_LF,A,2009,8.116667,
897,Poland,POL,PL,HUR,TOT,PC_LF,A,2010,9.675,
898,Poland,POL,PL,HUR,TOT,PC_LF,A,2011,9.65,
899,Poland,POL,PL,HUR,TOT,PC_LF,A,2012,10.10833,
900,Poland,POL,PL,HUR,TOT,PC_LF,A,2013,10.34167,
901,Poland,POL,PL,HUR,TOT,PC_LF,A,2014,9.016666,
902,Poland,POL,PL,HUR,TOT,PC_LF,A,2015,7.525,
903,Poland,POL,PL,HUR,TOT,PC_LF,A,2016,6.191667,
904,Poland,POL,PL,HUR,TOT,PC_LF,A,2017,4.883333,
905,Poland,POL,PL,HUR,TOT,PC_LF,A,2018,3.858333,
906,Poland,POL,PL,HUR,TOT,PC_LF,A,2019,3.2833330000000003,
907,Portugal,PRT,PT,HUR,TOT,PC_LF,A,1983,8.175,
908,Portugal,PRT,PT,HUR,TOT,PC_LF,A,1984,8.866667,
909,Portugal,PRT,PT,HUR,TOT,PC_LF,A,1985,9.15,
910,Portugal,PRT,PT,HUR,TOT,PC_LF,A,1986,8.8,
911,Portugal,PRT,PT,HUR,TOT,PC_LF,A,1987,7.233333,
912,Portugal,PRT,PT,HUR,TOT,PC_LF,A,1988,5.841667,
913,Portugal,PRT,PT,HUR,TOT,PC_LF,A,1989,5.183333,
914,Portugal,PRT,PT,HUR,TOT,PC_LF,A,1990,4.8,
915,Portugal,PRT,PT,HUR,TOT,PC_LF,A,1991,4.183333,
916,Portugal,PRT,PT,HUR,TOT,PC_LF,A,1992,4.125,
917,Portugal,PRT,PT,HUR,TOT,PC_LF,A,1993,5.5,
918,Portugal,PRT,PT,HUR,TOT,PC_LF,A,1994,6.825,
919,Portugal,PRT,PT,HUR,TOT,PC_LF,A,1995,7.183333,
920,Portugal,PRT,PT,HUR,TOT,PC_LF,A,1996,7.241667,
921,Portugal,PRT,PT,HUR,TOT,PC_LF,A,1997,6.741667,
922,Portugal,PRT,PT,HUR,TOT,PC_LF,A,1998,6.0833330000000005,
923,Portugal,PRT,PT,HUR,TOT,PC_LF,A,1999,5.55,
924,Portugal,PRT,PT,HUR,TOT,PC_LF,A,2000,5.075,
925,Portugal,PRT,PT,HUR,TOT,PC_LF,A,2001,5.133333,
926,Portugal,PRT,PT,HUR,TOT,PC_LF,A,2002,6.141667,
927,Portugal,PRT,PT,HUR,TOT,PC_LF,A,2003,7.4,
928,Portugal,PRT,PT,HUR,TOT,PC_LF,A,2004,7.766667,
929,Portugal,PRT,PT,HUR,TOT,PC_LF,A,2005,8.766666,
930,Portugal,PRT,PT,HUR,TOT,PC_LF,A,2006,8.866667,
931,Portugal,PRT,PT,HUR,TOT,PC_LF,A,2007,9.133333,
932,Portugal,PRT,PT,HUR,TOT,PC_LF,A,2008,8.783334,
933,Portugal,PRT,PT,HUR,TOT,PC_LF,A,2009,10.68333,
934,Portugal,PRT,PT,HUR,TOT,PC_LF,A,2010,11.98333,
935,Portugal,PRT,PT,HUR,TOT,PC_LF,A,2011,12.88333,
936,Portugal,PRT,PT,HUR,TOT,PC_LF,A,2012,15.78333,
937,Portugal,PRT,PT,HUR,TOT,PC_LF,A,2013,16.45833,
938,Portugal,PRT,PT,HUR,TOT,PC_LF,A,2014,14.125,
939,Portugal,PRT,PT,HUR,TOT,PC_LF,A,2015,12.65833,
940,Portugal,PRT,PT,HUR,TOT,PC_LF,A,2016,11.175,
941,Portugal,PRT,PT,HUR,TOT,PC_LF,A,2017,9.016666,
942,Portugal,PRT,PT,HUR,TOT,PC_LF,A,2018,7.05,
943,Portugal,PRT,PT,HUR,TOT,PC_LF,A,2019,6.55,
944,Slovakia,SVK,SK,HUR,TOT,PC_LF,A,1998,12.70833,
945,Slovakia,SVK,SK,HUR,TOT,PC_LF,A,1999,16.491670000000003,
946,Slovakia,SVK,SK,HUR,TOT,PC_LF,A,2000,18.90833,
947,Slovakia,SVK,SK,HUR,TOT,PC_LF,A,2001,19.45833,
948,Slovakia,SVK,SK,HUR,TOT,PC_LF,A,2002,18.808329999999998,
949,Slovakia,SVK,SK,HUR,TOT,PC_LF,A,2003,17.691670000000002,
950,Slovakia,SVK,SK,HUR,TOT,PC_LF,A,2004,18.35833,
951,Slovakia,SVK,SK,HUR,TOT,PC_LF,A,2005,16.375,
952,Slovakia,SVK,SK,HUR,TOT,PC_LF,A,2006,13.46667,
953,Slovakia,SVK,SK,HUR,TOT,PC_LF,A,2007,11.23333,
954,Slovakia,SVK,SK,HUR,TOT,PC_LF,A,2008,9.575,
955,Slovakia,SVK,SK,HUR,TOT,PC_LF,A,2009,12.11667,
956,Slovakia,SVK,SK,HUR,TOT,PC_LF,A,2010,14.5,
957,Slovakia,SVK,SK,HUR,TOT,PC_LF,A,2011,13.683329999999998,
958,Slovakia,SVK,SK,HUR,TOT,PC_LF,A,2012,13.958329999999998,
959,Slovakia,SVK,SK,HUR,TOT,PC_LF,A,2013,14.225,
960,Slovakia,SVK,SK,HUR,TOT,PC_LF,A,2014,13.208329999999998,
961,Slovakia,SVK,SK,HUR,TOT,PC_LF,A,2015,11.5,
962,Slovakia,SVK,SK,HUR,TOT,PC_LF,A,2016,9.666667,
963,Slovakia,SVK,SK,HUR,TOT,PC_LF,A,2017,8.125,
964,Slovakia,SVK,SK,HUR,TOT,PC_LF,A,2018,6.5416669999999995,
965,Slovakia,SVK,SK,HUR,TOT,PC_LF,A,2019,5.766667,
966,Slovenia,SVN,SI,HUR,TOT,PC_LF,A,1996,6.891667,
967,Slovenia,SVN,SI,HUR,TOT,PC_LF,A,1997,6.9166669999999995,
968,Slovenia,SVN,SI,HUR,TOT,PC_LF,A,1998,7.366667,
969,Slovenia,SVN,SI,HUR,TOT,PC_LF,A,1999,7.408333,
970,Slovenia,SVN,SI,HUR,TOT,PC_LF,A,2000,6.741667,
971,Slovenia,SVN,SI,HUR,TOT,PC_LF,A,2001,6.191667,
972,Slovenia,SVN,SI,HUR,TOT,PC_LF,A,2002,6.341667,
973,Slovenia,SVN,SI,HUR,TOT,PC_LF,A,2003,6.7,
974,Slovenia,SVN,SI,HUR,TOT,PC_LF,A,2004,6.341667,
975,Slovenia,SVN,SI,HUR,TOT,PC_LF,A,2005,6.5416669999999995,
976,Slovenia,SVN,SI,HUR,TOT,PC_LF,A,2006,5.991667,
977,Slovenia,SVN,SI,HUR,TOT,PC_LF,A,2007,4.858333,
978,Slovenia,SVN,SI,HUR,TOT,PC_LF,A,2008,4.391667,
979,Slovenia,SVN,SI,HUR,TOT,PC_LF,A,2009,5.891667,
980,Slovenia,SVN,SI,HUR,TOT,PC_LF,A,2010,7.275,
981,Slovenia,SVN,SI,HUR,TOT,PC_LF,A,2011,8.208333,
982,Slovenia,SVN,SI,HUR,TOT,PC_LF,A,2012,8.891666,
983,Slovenia,SVN,SI,HUR,TOT,PC_LF,A,2013,10.15833,
984,Slovenia,SVN,SI,HUR,TOT,PC_LF,A,2014,9.741667,
985,Slovenia,SVN,SI,HUR,TOT,PC_LF,A,2015,9.0,
986,Slovenia,SVN,SI,HUR,TOT,PC_LF,A,2016,8.008333,
987,Slovenia,SVN,SI,HUR,TOT,PC_LF,A,2017,6.6,
988,Slovenia,SVN,SI,HUR,TOT,PC_LF,A,2018,5.125,
989,Slovenia,SVN,SI,HUR,TOT,PC_LF,A,2019,4.45,
990,South Korea,KOR,KR,HUR,TOT,PC_LF,A,1989,2.583333,
991,South Korea,KOR,KR,HUR,TOT,PC_LF,A,1990,2.458333,B
992,South Korea,KOR,KR,HUR,TOT,PC_LF,A,1991,2.45,
993,South Korea,KOR,KR,HUR,TOT,PC_LF,A,1992,2.525,
994,South Korea,KOR,KR,HUR,TOT,PC_LF,A,1993,2.9,
995,South Korea,KOR,KR,HUR,TOT,PC_LF,A,1994,2.475,
996,South Korea,KOR,KR,HUR,TOT,PC_LF,A,1995,2.066667,
997,South Korea,KOR,KR,HUR,TOT,PC_LF,A,1996,2.058333,
998,South Korea,KOR,KR,HUR,TOT,PC_LF,A,1997,2.6166669999999996,
999,South Korea,KOR,KR,HUR,TOT,PC_LF,A,1998,6.95,
1000,South Korea,KOR,KR,HUR,TOT,PC_LF,A,1999,6.5833330000000005,B
1001,South Korea,KOR,KR,HUR,TOT,PC_LF,A,2000,4.425,
1002,South Korea,KOR,KR,HUR,TOT,PC_LF,A,2001,4.0,
1003,South Korea,KOR,KR,HUR,TOT,PC_LF,A,2002,3.2583330000000004,
1004,South Korea,KOR,KR,HUR,TOT,PC_LF,A,2003,3.55,
1005,South Korea,KOR,KR,HUR,TOT,PC_LF,A,2004,3.6583330000000003,
1006,South Korea,KOR,KR,HUR,TOT,PC_LF,A,2005,3.75,
1007,South Korea,KOR,KR,HUR,TOT,PC_LF,A,2006,3.475,
1008,South Korea,KOR,KR,HUR,TOT,PC_LF,A,2007,3.2583330000000004,
1009,South Korea,KOR,KR,HUR,TOT,PC_LF,A,2008,3.175,
1010,South Korea,KOR,KR,HUR,TOT,PC_LF,A,2009,3.6333330000000004,
1011,South Korea,KOR,KR,HUR,TOT,PC_LF,A,2010,3.708333,
1012,South Korea,KOR,KR,HUR,TOT,PC_LF,A,2011,3.4083330000000003,
1013,South Korea,KOR,KR,HUR,TOT,PC_LF,A,2012,3.225,
1014,South Korea,KOR,KR,HUR,TOT,PC_LF,A,2013,3.1,
1015,South Korea,KOR,KR,HUR,TOT,PC_LF,A,2014,3.4916669999999996,
1016,South Korea,KOR,KR,HUR,TOT,PC_LF,A,2015,3.5916669999999997,
1017,South Korea,KOR,KR,HUR,TOT,PC_LF,A,2016,3.675,
1018,South Korea,KOR,KR,HUR,TOT,PC_LF,A,2017,3.683333,
1019,South Korea,KOR,KR,HUR,TOT,PC_LF,A,2018,3.833333,
1020,South Korea,KOR,KR,HUR,TOT,PC_LF,A,2019,3.7833330000000003,
1021,Spain,ESP,ES,HUR,TOT,PC_LF,A,1987,19.71667,
1022,Spain,ESP,ES,HUR,TOT,PC_LF,A,1988,18.691670000000002,
1023,Spain,ESP,ES,HUR,TOT,PC_LF,A,1989,16.54167,
1024,Spain,ESP,ES,HUR,TOT,PC_LF,A,1990,15.458329999999998,
1025,Spain,ESP,ES,HUR,TOT,PC_LF,A,1991,15.5,
1026,Spain,ESP,ES,HUR,TOT,PC_LF,A,1992,17.01667,
1027,Spain,ESP,ES,HUR,TOT,PC_LF,A,1993,20.84167,
1028,Spain,ESP,ES,HUR,TOT,PC_LF,A,1994,22.05,
1029,Spain,ESP,ES,HUR,TOT,PC_LF,A,1995,20.75,
1030,Spain,ESP,ES,HUR,TOT,PC_LF,A,1996,19.89167,
1031,Spain,ESP,ES,HUR,TOT,PC_LF,A,1997,18.39167,
1032,Spain,ESP,ES,HUR,TOT,PC_LF,A,1998,16.40833,
1033,Spain,ESP,ES,HUR,TOT,PC_LF,A,1999,13.6,
1034,Spain,ESP,ES,HUR,TOT,PC_LF,A,2000,11.91667,
1035,Spain,ESP,ES,HUR,TOT,PC_LF,A,2001,10.55833,
1036,Spain,ESP,ES,HUR,TOT,PC_LF,A,2002,11.44167,
1037,Spain,ESP,ES,HUR,TOT,PC_LF,A,2003,11.49167,
1038,Spain,ESP,ES,HUR,TOT,PC_LF,A,2004,10.95833,
1039,Spain,ESP,ES,HUR,TOT,PC_LF,A,2005,9.166667,
1040,Spain,ESP,ES,HUR,TOT,PC_LF,A,2006,8.458333,
1041,Spain,ESP,ES,HUR,TOT,PC_LF,A,2007,8.225,
1042,Spain,ESP,ES,HUR,TOT,PC_LF,A,2008,11.26667,
1043,Spain,ESP,ES,HUR,TOT,PC_LF,A,2009,17.866670000000003,
1044,Spain,ESP,ES,HUR,TOT,PC_LF,A,2010,19.875,
1045,Spain,ESP,ES,HUR,TOT,PC_LF,A,2011,21.40833,
1046,Spain,ESP,ES,HUR,TOT,PC_LF,A,2012,24.79167,
1047,Spain,ESP,ES,HUR,TOT,PC_LF,A,2013,26.116670000000003,
1048,Spain,ESP,ES,HUR,TOT,PC_LF,A,2014,24.45,
1049,Spain,ESP,ES,HUR,TOT,PC_LF,A,2015,22.075,
1050,Spain,ESP,ES,HUR,TOT,PC_LF,A,2016,19.65,
1051,Spain,ESP,ES,HUR,TOT,PC_LF,A,2017,17.23333,
1052,Spain,ESP,ES,HUR,TOT,PC_LF,A,2018,15.266670000000001,
1053,Spain,ESP,ES,HUR,TOT,PC_LF,A,2019,14.116670000000001,
1054,Sweden,SWE,SE,HUR,TOT,PC_LF,A,1983,3.666667,
1055,Sweden,SWE,SE,HUR,TOT,PC_LF,A,1984,3.266667,
1056,Sweden,SWE,SE,HUR,TOT,PC_LF,A,1985,2.8833330000000004,
1057,Sweden,SWE,SE,HUR,TOT,PC_LF,A,1986,2.691667,
1058,Sweden,SWE,SE,HUR,TOT,PC_LF,A,1987,2.191667,
1059,Sweden,SWE,SE,HUR,TOT,PC_LF,A,1988,1.8,
1060,Sweden,SWE,SE,HUR,TOT,PC_LF,A,1989,1.558333,
1061,Sweden,SWE,SE,HUR,TOT,PC_LF,A,1990,1.7166669999999997,
1062,Sweden,SWE,SE,HUR,TOT,PC_LF,A,1991,3.1,
1063,Sweden,SWE,SE,HUR,TOT,PC_LF,A,1992,5.558333,
1064,Sweden,SWE,SE,HUR,TOT,PC_LF,A,1993,9.05,
1065,Sweden,SWE,SE,HUR,TOT,PC_LF,A,1994,9.358334,
1066,Sweden,SWE,SE,HUR,TOT,PC_LF,A,1995,8.8,
1067,Sweden,SWE,SE,HUR,TOT,PC_LF,A,1996,9.558333,
1068,Sweden,SWE,SE,HUR,TOT,PC_LF,A,1997,9.891666,
1069,Sweden,SWE,SE,HUR,TOT,PC_LF,A,1998,8.2,
1070,Sweden,SWE,SE,HUR,TOT,PC_LF,A,1999,6.733333,
1071,Sweden,SWE,SE,HUR,TOT,PC_LF,A,2000,5.6,
1072,Sweden,SWE,SE,HUR,TOT,PC_LF,A,2001,5.825,
1073,Sweden,SWE,SE,HUR,TOT,PC_LF,A,2002,5.95,
1074,Sweden,SWE,SE,HUR,TOT,PC_LF,A,2003,6.566667,
1075,Sweden,SWE,SE,HUR,TOT,PC_LF,A,2004,7.375,
1076,Sweden,SWE,SE,HUR,TOT,PC_LF,A,2005,7.641667,
1077,Sweden,SWE,SE,HUR,TOT,PC_LF,A,2006,7.0416669999999995,
1078,Sweden,SWE,SE,HUR,TOT,PC_LF,A,2007,6.116667,
1079,Sweden,SWE,SE,HUR,TOT,PC_LF,A,2008,6.1666669999999995,
1080,Sweden,SWE,SE,HUR,TOT,PC_LF,A,2009,8.3,
1081,Sweden,SWE,SE,HUR,TOT,PC_LF,A,2010,8.575,
1082,Sweden,SWE,SE,HUR,TOT,PC_LF,A,2011,7.766667,
1083,Sweden,SWE,SE,HUR,TOT,PC_LF,A,2012,7.966667,
1084,Sweden,SWE,SE,HUR,TOT,PC_LF,A,2013,8.0,
1085,Sweden,SWE,SE,HUR,TOT,PC_LF,A,2014,7.933333,
1086,Sweden,SWE,SE,HUR,TOT,PC_LF,A,2015,7.4,
1087,Sweden,SWE,SE,HUR,TOT,PC_LF,A,2016,6.95,
1088,Sweden,SWE,SE,HUR,TOT,PC_LF,A,2017,6.683333,
1089,Sweden,SWE,SE,HUR,TOT,PC_LF,A,2018,6.325,
1090,Sweden,SWE,SE,HUR,TOT,PC_LF,A,2019,6.766667,
1091,Switzerland,CHE,CH,HUR,TOT,PC_LF,A,2010,4.803483,
1092,Switzerland,CHE,CH,HUR,TOT,PC_LF,A,2011,4.401403,
1093,Switzerland,CHE,CH,HUR,TOT,PC_LF,A,2012,4.4839400000000005,
1094,Switzerland,CHE,CH,HUR,TOT,PC_LF,A,2013,4.746688,
1095,Switzerland,CHE,CH,HUR,TOT,PC_LF,A,2014,4.8293029999999995,
1096,Switzerland,CHE,CH,HUR,TOT,PC_LF,A,2015,4.80018,
1097,Switzerland,CHE,CH,HUR,TOT,PC_LF,A,2016,4.918711,
1098,Switzerland,CHE,CH,HUR,TOT,PC_LF,A,2017,4.797114,
1099,Switzerland,CHE,CH,HUR,TOT,PC_LF,A,2018,4.714226999999999,
1100,Switzerland,CHE,CH,HUR,TOT,PC_LF,A,2019,4.394451999999999,
1101,Turkey,TUR,TR,HUR,TOT,PC_LF,A,2005,9.508333,
1102,Turkey,TUR,TR,HUR,TOT,PC_LF,A,2006,9.066667,
1103,Turkey,TUR,TR,HUR,TOT,PC_LF,A,2007,9.158334,
1104,Turkey,TUR,TR,HUR,TOT,PC_LF,A,2008,10.025,
1105,Turkey,TUR,TR,HUR,TOT,PC_LF,A,2009,13.04167,
1106,Turkey,TUR,TR,HUR,TOT,PC_LF,A,2010,11.15,
1107,Turkey,TUR,TR,HUR,TOT,PC_LF,A,2011,9.141666,
1108,Turkey,TUR,TR,HUR,TOT,PC_LF,A,2012,8.433333,
1109,Turkey,TUR,TR,HUR,TOT,PC_LF,A,2013,9.05,
1110,Turkey,TUR,TR,HUR,TOT,PC_LF,A,2014,9.958333,
1111,Turkey,TUR,TR,HUR,TOT,PC_LF,A,2015,10.30833,
1112,Turkey,TUR,TR,HUR,TOT,PC_LF,A,2016,10.90833,
1113,Turkey,TUR,TR,HUR,TOT,PC_LF,A,2017,10.925,
1114,Turkey,TUR,TR,HUR,TOT,PC_LF,A,2018,10.975,
1115,Turkey,TUR,TR,HUR,TOT,PC_LF,A,2019,13.7,
1116,United Kingdom,GBR,GB,HUR,TOT,PC_LF,A,1983,10.81667,
1117,United Kingdom,GBR,GB,HUR,TOT,PC_LF,A,1984,10.85833,
1118,United Kingdom,GBR,GB,HUR,TOT,PC_LF,A,1985,11.2,
1119,United Kingdom,GBR,GB,HUR,TOT,PC_LF,A,1986,11.24167,
1120,United Kingdom,GBR,GB,HUR,TOT,PC_LF,A,1987,10.325,
1121,United Kingdom,GBR,GB,HUR,TOT,PC_LF,A,1988,8.508333,
1122,United Kingdom,GBR,GB,HUR,TOT,PC_LF,A,1989,7.108333,
1123,United Kingdom,GBR,GB,HUR,TOT,PC_LF,A,1990,6.866667,
1124,United Kingdom,GBR,GB,HUR,TOT,PC_LF,A,1991,8.591666,
1125,United Kingdom,GBR,GB,HUR,TOT,PC_LF,A,1992,9.766666,
1126,United Kingdom,GBR,GB,HUR,TOT,PC_LF,A,1993,10.19167,
1127,United Kingdom,GBR,GB,HUR,TOT,PC_LF,A,1994,9.3,
1128,United Kingdom,GBR,GB,HUR,TOT,PC_LF,A,1995,8.491667,
1129,United Kingdom,GBR,GB,HUR,TOT,PC_LF,A,1996,7.908333,
1130,United Kingdom,GBR,GB,HUR,TOT,PC_LF,A,1997,6.808333,
1131,United Kingdom,GBR,GB,HUR,TOT,PC_LF,A,1998,6.141667,
1132,United Kingdom,GBR,GB,HUR,TOT,PC_LF,A,1999,5.908333,
1133,United Kingdom,GBR,GB,HUR,TOT,PC_LF,A,2000,5.366667,
1134,United Kingdom,GBR,GB,HUR,TOT,PC_LF,A,2001,5.0,
1135,United Kingdom,GBR,GB,HUR,TOT,PC_LF,A,2002,5.133333,
1136,United Kingdom,GBR,GB,HUR,TOT,PC_LF,A,2003,4.95,
1137,United Kingdom,GBR,GB,HUR,TOT,PC_LF,A,2004,4.7,
1138,United Kingdom,GBR,GB,HUR,TOT,PC_LF,A,2005,4.7916669999999995,
1139,United Kingdom,GBR,GB,HUR,TOT,PC_LF,A,2006,5.35,
1140,United Kingdom,GBR,GB,HUR,TOT,PC_LF,A,2007,5.275,
1141,United Kingdom,GBR,GB,HUR,TOT,PC_LF,A,2008,5.616667,
1142,United Kingdom,GBR,GB,HUR,TOT,PC_LF,A,2009,7.55,
1143,United Kingdom,GBR,GB,HUR,TOT,PC_LF,A,2010,7.808333,
1144,United Kingdom,GBR,GB,HUR,TOT,PC_LF,A,2011,8.058333,
1145,United Kingdom,GBR,GB,HUR,TOT,PC_LF,A,2012,7.925,
1146,United Kingdom,GBR,GB,HUR,TOT,PC_LF,A,2013,7.55,
1147,United Kingdom,GBR,GB,HUR,TOT,PC_LF,A,2014,6.141667,
1148,United Kingdom,GBR,GB,HUR,TOT,PC_LF,A,2015,5.325,
1149,United Kingdom,GBR,GB,HUR,TOT,PC_LF,A,2016,4.825,
1150,United Kingdom,GBR,GB,HUR,TOT,PC_LF,A,2017,4.35,
1151,United Kingdom,GBR,GB,HUR,TOT,PC_LF,A,2018,4.016667,
1152,United Kingdom,GBR,GB,HUR,TOT,PC_LF,A,2019,3.766667,
1153,United States,USA,US,HUR,TOT,PC_LF,A,1955,4.383333,
1154,United States,USA,US,HUR,TOT,PC_LF,A,1956,4.141667,
1155,United States,USA,US,HUR,TOT,PC_LF,A,1957,4.258333,
1156,United States,USA,US,HUR,TOT,PC_LF,A,1958,6.8,
1157,United States,USA,US,HUR,TOT,PC_LF,A,1959,5.475,
1158,United States,USA,US,HUR,TOT,PC_LF,A,1960,5.508333,
1159,United States,USA,US,HUR,TOT,PC_LF,A,1961,6.683333,
1160,United States,USA,US,HUR,TOT,PC_LF,A,1962,5.5416669999999995,
1161,United States,USA,US,HUR,TOT,PC_LF,A,1963,5.6666669999999995,
1162,United States,USA,US,HUR,TOT,PC_LF,A,1964,5.191667,
1163,United States,USA,US,HUR,TOT,PC_LF,A,1965,4.525,
1164,United States,USA,US,HUR,TOT,PC_LF,A,1966,3.7833330000000003,
1165,United States,USA,US,HUR,TOT,PC_LF,A,1967,3.8416669999999997,
1166,United States,USA,US,HUR,TOT,PC_LF,A,1968,3.583333,
1167,United States,USA,US,HUR,TOT,PC_LF,A,1969,3.5083330000000004,
1168,United States,USA,US,HUR,TOT,PC_LF,A,1970,4.933333,
1169,United States,USA,US,HUR,TOT,PC_LF,A,1971,5.9583330000000005,
1170,United States,USA,US,HUR,TOT,PC_LF,A,1972,5.616667,
1171,United States,USA,US,HUR,TOT,PC_LF,A,1973,4.891667,
1172,United States,USA,US,HUR,TOT,PC_LF,A,1974,5.591667,
1173,United States,USA,US,HUR,TOT,PC_LF,A,1975,8.466666,
1174,United States,USA,US,HUR,TOT,PC_LF,A,1976,7.716667,
1175,United States,USA,US,HUR,TOT,PC_LF,A,1977,7.066667,
1176,United States,USA,US,HUR,TOT,PC_LF,A,1978,6.066667,
1177,United States,USA,US,HUR,TOT,PC_LF,A,1979,5.8333330000000005,
1178,United States,USA,US,HUR,TOT,PC_LF,A,1980,7.141667,
1179,United States,USA,US,HUR,TOT,PC_LF,A,1981,7.6,
1180,United States,USA,US,HUR,TOT,PC_LF,A,1982,9.708333,
1181,United States,USA,US,HUR,TOT,PC_LF,A,1983,9.616667,
1182,United States,USA,US,HUR,TOT,PC_LF,A,1984,7.525,
1183,United States,USA,US,HUR,TOT,PC_LF,A,1985,7.191667,
1184,United States,USA,US,HUR,TOT,PC_LF,A,1986,6.991667,
1185,United States,USA,US,HUR,TOT,PC_LF,A,1987,6.191667,
1186,United States,USA,US,HUR,TOT,PC_LF,A,1988,5.491667,
1187,United States,USA,US,HUR,TOT,PC_LF,A,1989,5.266667,
1188,United States,USA,US,HUR,TOT,PC_LF,A,1990,5.616667,
1189,United States,USA,US,HUR,TOT,PC_LF,A,1991,6.816667,
1190,United States,USA,US,HUR,TOT,PC_LF,A,1992,7.508333,
1191,United States,USA,US,HUR,TOT,PC_LF,A,1993,6.9,
1192,United States,USA,US,HUR,TOT,PC_LF,A,1994,6.0833330000000005,
1193,United States,USA,US,HUR,TOT,PC_LF,A,1995,5.608333,
1194,United States,USA,US,HUR,TOT,PC_LF,A,1996,5.4166669999999995,
1195,United States,USA,US,HUR,TOT,PC_LF,A,1997,4.95,
1196,United States,USA,US,HUR,TOT,PC_LF,A,1998,4.508333,
1197,United States,USA,US,HUR,TOT,PC_LF,A,1999,4.216667,
1198,United States,USA,US,HUR,TOT,PC_LF,A,2000,3.9916669999999996,
1199,United States,USA,US,HUR,TOT,PC_LF,A,2001,4.733333,
1200,United States,USA,US,HUR,TOT,PC_LF,A,2002,5.775,
1201,United States,USA,US,HUR,TOT,PC_LF,A,2003,5.991667,
1202,United States,USA,US,HUR,TOT,PC_LF,A,2004,5.533333,
1203,United States,USA,US,HUR,TOT,PC_LF,A,2005,5.066667,
1204,United States,USA,US,HUR,TOT,PC_LF,A,2006,4.616667,
1205,United States,USA,US,HUR,TOT,PC_LF,A,2007,4.616667,
1206,United States,USA,US,HUR,TOT,PC_LF,A,2008,5.775,
1207,United States,USA,US,HUR,TOT,PC_LF,A,2009,9.266666,
1208,United States,USA,US,HUR,TOT,PC_LF,A,2010,9.616667,
1209,United States,USA,US,HUR,TOT,PC_LF,A,2011,8.95,
1210,United States,USA,US,HUR,TOT,PC_LF,A,2012,8.066667,
1211,United States,USA,US,HUR,TOT,PC_LF,A,2013,7.375,
1212,United States,USA,US,HUR,TOT,PC_LF,A,2014,6.1666669999999995,
1213,United States,USA,US,HUR,TOT,PC_LF,A,2015,5.2916669999999995,
1214,United States,USA,US,HUR,TOT,PC_LF,A,2016,4.866667,
1215,United States,USA,US,HUR,TOT,PC_LF,A,2017,4.35,
1216,United States,USA,US,HUR,TOT,PC_LF,A,2018,3.9,
1217,United States,USA,US,HUR,TOT,PC_LF,A,2019,3.666667,
