LOCATION,INDICATOR,SUBJECT,MEASURE,FREQUENCY,TIME,Value,Flag Codes
AUS,PPP,TOT,NATUSD,A,2000,1.311473,
AUS,PPP,TOT,NATUSD,A,2001,1.326806,
AUS,PPP,TOT,NATUSD,A,2002,1.33649,
AUS,PPP,TOT,NATUSD,A,2003,1.353924,
AUS,PPP,TOT,NATUSD,A,2004,1.366397,
AUS,PPP,TOT,NATUSD,A,2005,1.388356,
AUS,PPP,TOT,NATUSD,A,2006,1.404001,
AUS,PPP,TOT,NATUSD,A,2007,1.427582,
AUS,PPP,TOT,NATUSD,A,2008,1.479073,
AUS,PPP,TOT,NATUSD,A,2009,1.441497,
AUS,PPP,TOT,NATUSD,A,2010,1.502766,
AUS,PPP,TOT,NATUSD,A,2011,1.511052,
AUS,PPP,TOT,NATUSD,A,2012,1.540115,
AUS,PPP,TOT,NATUSD,A,2013,1.447123,
AUS,PPP,TOT,NATUSD,A,2014,1.452489,
AUS,PPP,TOT,NATUSD,A,2015,1.473691,
AUS,PPP,TOT,NATUSD,A,2016,1.450156,
AUS,PPP,TOT,NATUSD,A,2017,1.472981,
AUS,PPP,TOT,NATUSD,A,2018,1.439831,
AUS,PPP,TOT,NATUSD,A,2019,1.442175,
AUT,PPP,TOT,NATUSD,A,2000,0.907226,
AUT,PPP,TOT,NATUSD,A,2001,0.922769,
AUT,PPP,TOT,NATUSD,A,2002,0.899797,
AUT,PPP,TOT,NATUSD,A,2003,0.889084,
AUT,PPP,TOT,NATUSD,A,2004,0.878806,
AUT,PPP,TOT,NATUSD,A,2005,0.881939,
AUT,PPP,TOT,NATUSD,A,2006,0.861176,
AUT,PPP,TOT,NATUSD,A,2007,0.869233,
AUT,PPP,TOT,NATUSD,A,2008,0.854424,
AUT,PPP,TOT,NATUSD,A,2009,0.843111,
AUT,PPP,TOT,NATUSD,A,2010,0.841548,
AUT,PPP,TOT,NATUSD,A,2011,0.831374,
AUT,PPP,TOT,NATUSD,A,2012,0.813648,
AUT,PPP,TOT,NATUSD,A,2013,0.797081,
AUT,PPP,TOT,NATUSD,A,2014,0.798797,
AUT,PPP,TOT,NATUSD,A,2015,0.798813,
AUT,PPP,TOT,NATUSD,A,2016,0.776931,
AUT,PPP,TOT,NATUSD,A,2017,0.772542,
AUT,PPP,TOT,NATUSD,A,2018,0.740694,
AUT,PPP,TOT,NATUSD,A,2019,0.741282,
BEL,PPP,TOT,NATUSD,A,2000,0.899723,
BEL,PPP,TOT,NATUSD,A,2001,0.892244,
BEL,PPP,TOT,NATUSD,A,2002,0.8733,
BEL,PPP,TOT,NATUSD,A,2003,0.877016,
BEL,PPP,TOT,NATUSD,A,2004,0.889063,
BEL,PPP,TOT,NATUSD,A,2005,0.891788,
BEL,PPP,TOT,NATUSD,A,2006,0.87544,
BEL,PPP,TOT,NATUSD,A,2007,0.880041,
BEL,PPP,TOT,NATUSD,A,2008,0.86694,
BEL,PPP,TOT,NATUSD,A,2009,0.849484,
BEL,PPP,TOT,NATUSD,A,2010,0.835934,
BEL,PPP,TOT,NATUSD,A,2011,0.831911,
BEL,PPP,TOT,NATUSD,A,2012,0.822137,
BEL,PPP,TOT,NATUSD,A,2013,0.806166,
BEL,PPP,TOT,NATUSD,A,2014,0.800214,
BEL,PPP,TOT,NATUSD,A,2015,0.799998,
BEL,PPP,TOT,NATUSD,A,2016,0.781011,
BEL,PPP,TOT,NATUSD,A,2017,0.773165,
BEL,PPP,TOT,NATUSD,A,2018,0.741613,
BEL,PPP,TOT,NATUSD,A,2019,0.735893,
CAN,PPP,TOT,NATUSD,A,2000,1.227563,
CAN,PPP,TOT,NATUSD,A,2001,1.221139,
CAN,PPP,TOT,NATUSD,A,2002,1.229333,
CAN,PPP,TOT,NATUSD,A,2003,1.226338,
CAN,PPP,TOT,NATUSD,A,2004,1.233195,
CAN,PPP,TOT,NATUSD,A,2005,1.213644,
CAN,PPP,TOT,NATUSD,A,2006,1.205778,
CAN,PPP,TOT,NATUSD,A,2007,1.212706,
CAN,PPP,TOT,NATUSD,A,2008,1.23439,
CAN,PPP,TOT,NATUSD,A,2009,1.201369,
CAN,PPP,TOT,NATUSD,A,2010,1.221371,
CAN,PPP,TOT,NATUSD,A,2011,1.239904,
CAN,PPP,TOT,NATUSD,A,2012,1.244607,
CAN,PPP,TOT,NATUSD,A,2013,1.224,
CAN,PPP,TOT,NATUSD,A,2014,1.230358,
CAN,PPP,TOT,NATUSD,A,2015,1.248042,
CAN,PPP,TOT,NATUSD,A,2016,1.207045,
CAN,PPP,TOT,NATUSD,A,2017,1.2083,
CAN,PPP,TOT,NATUSD,A,2018,1.178077,
CAN,PPP,TOT,NATUSD,A,2019,1.186223,
CZE,PPP,TOT,NATUSD,A,2000,14.326189,
CZE,PPP,TOT,NATUSD,A,2001,14.320106,
CZE,PPP,TOT,NATUSD,A,2002,14.458321,
CZE,PPP,TOT,NATUSD,A,2003,14.19064,
CZE,PPP,TOT,NATUSD,A,2004,14.438093,
CZE,PPP,TOT,NATUSD,A,2005,14.562493,
CZE,PPP,TOT,NATUSD,A,2006,14.433858,
CZE,PPP,TOT,NATUSD,A,2007,14.276106,
CZE,PPP,TOT,NATUSD,A,2008,13.916713,
CZE,PPP,TOT,NATUSD,A,2009,13.628403,
CZE,PPP,TOT,NATUSD,A,2010,13.661572,
CZE,PPP,TOT,NATUSD,A,2011,13.345305,
CZE,PPP,TOT,NATUSD,A,2012,13.297699,
CZE,PPP,TOT,NATUSD,A,2013,12.785271,
CZE,PPP,TOT,NATUSD,A,2014,12.70321,
CZE,PPP,TOT,NATUSD,A,2015,12.93798,
CZE,PPP,TOT,NATUSD,A,2016,12.576343,
CZE,PPP,TOT,NATUSD,A,2017,12.385437,
CZE,PPP,TOT,NATUSD,A,2018,11.993455,
CZE,PPP,TOT,NATUSD,A,2019,12.163287,
DNK,PPP,TOT,NATUSD,A,2000,8.667529,
DNK,PPP,TOT,NATUSD,A,2001,8.690645,
DNK,PPP,TOT,NATUSD,A,2002,8.561606,
DNK,PPP,TOT,NATUSD,A,2003,8.656778,
DNK,PPP,TOT,NATUSD,A,2004,8.466842,
DNK,PPP,TOT,NATUSD,A,2005,8.569438,
DNK,PPP,TOT,NATUSD,A,2006,8.298208,
DNK,PPP,TOT,NATUSD,A,2007,8.172364,
DNK,PPP,TOT,NATUSD,A,2008,7.944128,
DNK,PPP,TOT,NATUSD,A,2009,7.725447,
DNK,PPP,TOT,NATUSD,A,2010,7.585045,
DNK,PPP,TOT,NATUSD,A,2011,7.466492,
DNK,PPP,TOT,NATUSD,A,2012,7.564136,
DNK,PPP,TOT,NATUSD,A,2013,7.354846,
DNK,PPP,TOT,NATUSD,A,2014,7.328674,
DNK,PPP,TOT,NATUSD,A,2015,7.305357,
DNK,PPP,TOT,NATUSD,A,2016,7.079856,
DNK,PPP,TOT,NATUSD,A,2017,6.849806,
DNK,PPP,TOT,NATUSD,A,2018,6.562013,
DNK,PPP,TOT,NATUSD,A,2019,6.463254,
FIN,PPP,TOT,NATUSD,A,2000,0.983695,
FIN,PPP,TOT,NATUSD,A,2001,1.002505,
FIN,PPP,TOT,NATUSD,A,2002,0.998133,
FIN,PPP,TOT,NATUSD,A,2003,1.003035,
FIN,PPP,TOT,NATUSD,A,2004,0.974018,
FIN,PPP,TOT,NATUSD,A,2005,0.979424,
FIN,PPP,TOT,NATUSD,A,2006,0.95414,
FIN,PPP,TOT,NATUSD,A,2007,0.935952,
FIN,PPP,TOT,NATUSD,A,2008,0.912125,
FIN,PPP,TOT,NATUSD,A,2009,0.895842,
FIN,PPP,TOT,NATUSD,A,2010,0.899789,
FIN,PPP,TOT,NATUSD,A,2011,0.898068,
FIN,PPP,TOT,NATUSD,A,2012,0.908495,
FIN,PPP,TOT,NATUSD,A,2013,0.905357,
FIN,PPP,TOT,NATUSD,A,2014,0.90721,
FIN,PPP,TOT,NATUSD,A,2015,0.907748,
FIN,PPP,TOT,NATUSD,A,2016,0.880895,
FIN,PPP,TOT,NATUSD,A,2017,0.860908,
FIN,PPP,TOT,NATUSD,A,2018,0.825529,
FIN,PPP,TOT,NATUSD,A,2019,0.819545,
FRA,PPP,TOT,NATUSD,A,2000,0.929965,
FRA,PPP,TOT,NATUSD,A,2001,0.911554,
FRA,PPP,TOT,NATUSD,A,2002,0.900678,
FRA,PPP,TOT,NATUSD,A,2003,0.930853,
FRA,PPP,TOT,NATUSD,A,2004,0.935902,
FRA,PPP,TOT,NATUSD,A,2005,0.916458,
FRA,PPP,TOT,NATUSD,A,2006,0.895886,
FRA,PPP,TOT,NATUSD,A,2007,0.889851,
FRA,PPP,TOT,NATUSD,A,2008,0.881874,
FRA,PPP,TOT,NATUSD,A,2009,0.862331,
FRA,PPP,TOT,NATUSD,A,2010,0.85398,
FRA,PPP,TOT,NATUSD,A,2011,0.841361,
FRA,PPP,TOT,NATUSD,A,2012,0.844301,
FRA,PPP,TOT,NATUSD,A,2013,0.811643,
FRA,PPP,TOT,NATUSD,A,2014,0.807565,
FRA,PPP,TOT,NATUSD,A,2015,0.808694,
FRA,PPP,TOT,NATUSD,A,2016,0.780044,
FRA,PPP,TOT,NATUSD,A,2017,0.767657,
FRA,PPP,TOT,NATUSD,A,2018,0.73234,
FRA,PPP,TOT,NATUSD,A,2019,0.709358,
DEU,PPP,TOT,NATUSD,A,2000,0.942801,
DEU,PPP,TOT,NATUSD,A,2001,0.929565,
DEU,PPP,TOT,NATUSD,A,2002,0.913257,
DEU,PPP,TOT,NATUSD,A,2003,0.896861,
DEU,PPP,TOT,NATUSD,A,2004,0.875789,
DEU,PPP,TOT,NATUSD,A,2005,0.872721,
DEU,PPP,TOT,NATUSD,A,2006,0.84871,
DEU,PPP,TOT,NATUSD,A,2007,0.83832,
DEU,PPP,TOT,NATUSD,A,2008,0.820401,
DEU,PPP,TOT,NATUSD,A,2009,0.81051,
DEU,PPP,TOT,NATUSD,A,2010,0.804426,
DEU,PPP,TOT,NATUSD,A,2011,0.788739,
DEU,PPP,TOT,NATUSD,A,2012,0.787246,
DEU,PPP,TOT,NATUSD,A,2013,0.774784,
DEU,PPP,TOT,NATUSD,A,2014,0.768937,
DEU,PPP,TOT,NATUSD,A,2015,0.778122,
DEU,PPP,TOT,NATUSD,A,2016,0.752608,
DEU,PPP,TOT,NATUSD,A,2017,0.742412,
DEU,PPP,TOT,NATUSD,A,2018,0.714152,
DEU,PPP,TOT,NATUSD,A,2019,0.721158,
GRC,PPP,TOT,NATUSD,A,2000,0.669482,
GRC,PPP,TOT,NATUSD,A,2001,0.668361,
GRC,PPP,TOT,NATUSD,A,2002,0.662967,
GRC,PPP,TOT,NATUSD,A,2003,0.685789,
GRC,PPP,TOT,NATUSD,A,2004,0.69509,
GRC,PPP,TOT,NATUSD,A,2005,0.708976,
GRC,PPP,TOT,NATUSD,A,2006,0.693383,
GRC,PPP,TOT,NATUSD,A,2007,0.71919,
GRC,PPP,TOT,NATUSD,A,2008,0.707951,
GRC,PPP,TOT,NATUSD,A,2009,0.703914,
GRC,PPP,TOT,NATUSD,A,2010,0.721426,
GRC,PPP,TOT,NATUSD,A,2011,0.713163,
GRC,PPP,TOT,NATUSD,A,2012,0.684663,
GRC,PPP,TOT,NATUSD,A,2013,0.631286,
GRC,PPP,TOT,NATUSD,A,2014,0.611135,
GRC,PPP,TOT,NATUSD,A,2015,0.60907,
GRC,PPP,TOT,NATUSD,A,2016,0.58858,
GRC,PPP,TOT,NATUSD,A,2017,0.573211,
GRC,PPP,TOT,NATUSD,A,2018,0.546923,
GRC,PPP,TOT,NATUSD,A,2019,0.538129,
HUN,PPP,TOT,NATUSD,A,2000,110.038733,
HUN,PPP,TOT,NATUSD,A,2001,114.39074,
HUN,PPP,TOT,NATUSD,A,2002,118.141282,
HUN,PPP,TOT,NATUSD,A,2003,122.138071,
HUN,PPP,TOT,NATUSD,A,2004,128.488476,
HUN,PPP,TOT,NATUSD,A,2005,130.929945,
HUN,PPP,TOT,NATUSD,A,2006,131.666648,
HUN,PPP,TOT,NATUSD,A,2007,134.229736,
HUN,PPP,TOT,NATUSD,A,2008,131.005355,
HUN,PPP,TOT,NATUSD,A,2009,127.596365,
HUN,PPP,TOT,NATUSD,A,2010,126.314168,
HUN,PPP,TOT,NATUSD,A,2011,124.271836,
HUN,PPP,TOT,NATUSD,A,2012,125.623608,
HUN,PPP,TOT,NATUSD,A,2013,124.979432,
HUN,PPP,TOT,NATUSD,A,2014,129.414974,
HUN,PPP,TOT,NATUSD,A,2015,132.55351,
HUN,PPP,TOT,NATUSD,A,2016,132.033797,
HUN,PPP,TOT,NATUSD,A,2017,135.603512,
HUN,PPP,TOT,NATUSD,A,2018,135.049605,
HUN,PPP,TOT,NATUSD,A,2019,139.084533,
ISL,PPP,TOT,NATUSD,A,2000,84.696713,
ISL,PPP,TOT,NATUSD,A,2001,88.28279,
ISL,PPP,TOT,NATUSD,A,2002,91.105413,
ISL,PPP,TOT,NATUSD,A,2003,92.703742,
ISL,PPP,TOT,NATUSD,A,2004,93.364105,
ISL,PPP,TOT,NATUSD,A,2005,95.840665,
ISL,PPP,TOT,NATUSD,A,2006,101.768885,
ISL,PPP,TOT,NATUSD,A,2007,107.491314,
ISL,PPP,TOT,NATUSD,A,2008,114.527003,
ISL,PPP,TOT,NATUSD,A,2009,121.886207,
ISL,PPP,TOT,NATUSD,A,2010,132.779525,
ISL,PPP,TOT,NATUSD,A,2011,135.152004,
ISL,PPP,TOT,NATUSD,A,2012,136.96767,
ISL,PPP,TOT,NATUSD,A,2013,137.022617,
ISL,PPP,TOT,NATUSD,A,2014,138.547869,
ISL,PPP,TOT,NATUSD,A,2015,141.974926,
ISL,PPP,TOT,NATUSD,A,2016,140.02995,
ISL,PPP,TOT,NATUSD,A,2017,137.837033,
ISL,PPP,TOT,NATUSD,A,2018,134.065521,
ISL,PPP,TOT,NATUSD,A,2019,136.49684,
IRL,PPP,TOT,NATUSD,A,2000,0.943538,
IRL,PPP,TOT,NATUSD,A,2001,0.969212,
IRL,PPP,TOT,NATUSD,A,2002,0.981997,
IRL,PPP,TOT,NATUSD,A,2003,1.004971,
IRL,PPP,TOT,NATUSD,A,2004,0.991974,
IRL,PPP,TOT,NATUSD,A,2005,1.011707,
IRL,PPP,TOT,NATUSD,A,2006,0.979542,
IRL,PPP,TOT,NATUSD,A,2007,0.958956,
IRL,PPP,TOT,NATUSD,A,2008,0.944447,
IRL,PPP,TOT,NATUSD,A,2009,0.900621,
IRL,PPP,TOT,NATUSD,A,2010,0.848854,
IRL,PPP,TOT,NATUSD,A,2011,0.831513,
IRL,PPP,TOT,NATUSD,A,2012,0.823072,
IRL,PPP,TOT,NATUSD,A,2013,0.811228,
IRL,PPP,TOT,NATUSD,A,2014,0.819041,
IRL,PPP,TOT,NATUSD,A,2015,0.809686,
IRL,PPP,TOT,NATUSD,A,2016,0.794289,
IRL,PPP,TOT,NATUSD,A,2017,0.791876,
IRL,PPP,TOT,NATUSD,A,2018,0.76698,
IRL,PPP,TOT,NATUSD,A,2019,0.783487,
ITA,PPP,TOT,NATUSD,A,2000,0.805011,
ITA,PPP,TOT,NATUSD,A,2001,0.816163,
ITA,PPP,TOT,NATUSD,A,2002,0.823489,
ITA,PPP,TOT,NATUSD,A,2003,0.834324,
ITA,PPP,TOT,NATUSD,A,2004,0.85257,
ITA,PPP,TOT,NATUSD,A,2005,0.855139,
ITA,PPP,TOT,NATUSD,A,2006,0.823944,
ITA,PPP,TOT,NATUSD,A,2007,0.810364,
ITA,PPP,TOT,NATUSD,A,2008,0.783694,
ITA,PPP,TOT,NATUSD,A,2009,0.770755,
ITA,PPP,TOT,NATUSD,A,2010,0.772539,
ITA,PPP,TOT,NATUSD,A,2011,0.758687,
ITA,PPP,TOT,NATUSD,A,2012,0.747731,
ITA,PPP,TOT,NATUSD,A,2013,0.737299,
ITA,PPP,TOT,NATUSD,A,2014,0.739644,
ITA,PPP,TOT,NATUSD,A,2015,0.738694,
ITA,PPP,TOT,NATUSD,A,2016,0.700544,
ITA,PPP,TOT,NATUSD,A,2017,0.687699,
ITA,PPP,TOT,NATUSD,A,2018,0.659106,
ITA,PPP,TOT,NATUSD,A,2019,0.649176,
JPN,PPP,TOT,NATUSD,A,2000,154.717851,
JPN,PPP,TOT,NATUSD,A,2001,149.724877,
JPN,PPP,TOT,NATUSD,A,2002,143.774205,
JPN,PPP,TOT,NATUSD,A,2003,139.516091,
JPN,PPP,TOT,NATUSD,A,2004,134.363066,
JPN,PPP,TOT,NATUSD,A,2005,129.551955,
JPN,PPP,TOT,NATUSD,A,2006,124.536829,
JPN,PPP,TOT,NATUSD,A,2007,120.394201,
JPN,PPP,TOT,NATUSD,A,2008,116.845814,
JPN,PPP,TOT,NATUSD,A,2009,115.150066,
JPN,PPP,TOT,NATUSD,A,2010,111.666587,
JPN,PPP,TOT,NATUSD,A,2011,107.454281,
JPN,PPP,TOT,NATUSD,A,2012,104.273972,
JPN,PPP,TOT,NATUSD,A,2013,101.302673,
JPN,PPP,TOT,NATUSD,A,2014,103.052076,
JPN,PPP,TOT,NATUSD,A,2015,103.469437,
JPN,PPP,TOT,NATUSD,A,2016,105.519502,
JPN,PPP,TOT,NATUSD,A,2017,104.777319,
JPN,PPP,TOT,NATUSD,A,2018,101.004517,
JPN,PPP,TOT,NATUSD,A,2019,100.641115,
KOR,PPP,TOT,NATUSD,A,2000,747.714956,
KOR,PPP,TOT,NATUSD,A,2001,757.117476,
KOR,PPP,TOT,NATUSD,A,2002,769.77179,
KOR,PPP,TOT,NATUSD,A,2003,791.696603,
KOR,PPP,TOT,NATUSD,A,2004,795.055445,
KOR,PPP,TOT,NATUSD,A,2005,788.920135,
KOR,PPP,TOT,NATUSD,A,2006,772.480419,
KOR,PPP,TOT,NATUSD,A,2007,770.471026,
KOR,PPP,TOT,NATUSD,A,2008,785.717886,
KOR,PPP,TOT,NATUSD,A,2009,827.817613,
KOR,PPP,TOT,NATUSD,A,2010,840.683012,
KOR,PPP,TOT,NATUSD,A,2011,854.585723,
KOR,PPP,TOT,NATUSD,A,2012,854.887268,
KOR,PPP,TOT,NATUSD,A,2013,869.081422,
KOR,PPP,TOT,NATUSD,A,2014,871.878106,
KOR,PPP,TOT,NATUSD,A,2015,857.483387,
KOR,PPP,TOT,NATUSD,A,2016,858.809687,
KOR,PPP,TOT,NATUSD,A,2017,869.372342,
KOR,PPP,TOT,NATUSD,A,2018,842.106508,
KOR,PPP,TOT,NATUSD,A,2019,843.244508,
LUX,PPP,TOT,NATUSD,A,2000,0.955437,
LUX,PPP,TOT,NATUSD,A,2001,0.963233,
LUX,PPP,TOT,NATUSD,A,2002,0.956996,
LUX,PPP,TOT,NATUSD,A,2003,0.96571,
LUX,PPP,TOT,NATUSD,A,2004,0.951997,
LUX,PPP,TOT,NATUSD,A,2005,0.946363,
LUX,PPP,TOT,NATUSD,A,2006,0.917918,
LUX,PPP,TOT,NATUSD,A,2007,0.922537,
LUX,PPP,TOT,NATUSD,A,2008,0.900045,
LUX,PPP,TOT,NATUSD,A,2009,0.902341,
LUX,PPP,TOT,NATUSD,A,2010,0.924932,
LUX,PPP,TOT,NATUSD,A,2011,0.905099,
LUX,PPP,TOT,NATUSD,A,2012,0.90679,
LUX,PPP,TOT,NATUSD,A,2013,0.895254,
LUX,PPP,TOT,NATUSD,A,2014,0.884138,
LUX,PPP,TOT,NATUSD,A,2015,0.881261,
LUX,PPP,TOT,NATUSD,A,2016,0.851894,
LUX,PPP,TOT,NATUSD,A,2017,0.84561,
LUX,PPP,TOT,NATUSD,A,2018,0.820934,
LUX,PPP,TOT,NATUSD,A,2019,0.822397,
MEX,PPP,TOT,NATUSD,A,2000,6.103027,
MEX,PPP,TOT,NATUSD,A,2001,6.332835,
MEX,PPP,TOT,NATUSD,A,2002,6.553697,
MEX,PPP,TOT,NATUSD,A,2003,6.648073,
MEX,PPP,TOT,NATUSD,A,2004,6.989209,
MEX,PPP,TOT,NATUSD,A,2005,7.126862,
MEX,PPP,TOT,NATUSD,A,2006,7.157871,
MEX,PPP,TOT,NATUSD,A,2007,7.374153,
MEX,PPP,TOT,NATUSD,A,2008,7.469532,
MEX,PPP,TOT,NATUSD,A,2009,7.428654,
MEX,PPP,TOT,NATUSD,A,2010,7.676843,
MEX,PPP,TOT,NATUSD,A,2011,7.673013,
MEX,PPP,TOT,NATUSD,A,2012,7.858708,
MEX,PPP,TOT,NATUSD,A,2013,7.884359,
MEX,PPP,TOT,NATUSD,A,2014,8.045318,
MEX,PPP,TOT,NATUSD,A,2015,8.327595,
MEX,PPP,TOT,NATUSD,A,2016,8.446043,
MEX,PPP,TOT,NATUSD,A,2017,8.88443,
MEX,PPP,TOT,NATUSD,A,2018,9.16075,
MEX,PPP,TOT,NATUSD,A,2019,9.148021,
NLD,PPP,TOT,NATUSD,A,2000,0.890163,
NLD,PPP,TOT,NATUSD,A,2001,0.904694,
NLD,PPP,TOT,NATUSD,A,2002,0.900863,
NLD,PPP,TOT,NATUSD,A,2003,0.926458,
NLD,PPP,TOT,NATUSD,A,2004,0.908546,
NLD,PPP,TOT,NATUSD,A,2005,0.897139,
NLD,PPP,TOT,NATUSD,A,2006,0.873084,
NLD,PPP,TOT,NATUSD,A,2007,0.861245,
NLD,PPP,TOT,NATUSD,A,2008,0.847775,
NLD,PPP,TOT,NATUSD,A,2009,0.84772,
NLD,PPP,TOT,NATUSD,A,2010,0.853394,
NLD,PPP,TOT,NATUSD,A,2011,0.836065,
NLD,PPP,TOT,NATUSD,A,2012,0.824408,
NLD,PPP,TOT,NATUSD,A,2013,0.798166,
NLD,PPP,TOT,NATUSD,A,2014,0.808798,
NLD,PPP,TOT,NATUSD,A,2015,0.809978,
NLD,PPP,TOT,NATUSD,A,2016,0.795448,
NLD,PPP,TOT,NATUSD,A,2017,0.77966,
NLD,PPP,TOT,NATUSD,A,2018,0.752016,
NLD,PPP,TOT,NATUSD,A,2019,0.762769,
NZL,PPP,TOT,NATUSD,A,2000,1.443906,
NZL,PPP,TOT,NATUSD,A,2001,1.474387,
NZL,PPP,TOT,NATUSD,A,2002,1.468962,
NZL,PPP,TOT,NATUSD,A,2003,1.49747,
NZL,PPP,TOT,NATUSD,A,2004,1.507677,
NZL,PPP,TOT,NATUSD,A,2005,1.535,
NZL,PPP,TOT,NATUSD,A,2006,1.481508,
NZL,PPP,TOT,NATUSD,A,2007,1.505519,
NZL,PPP,TOT,NATUSD,A,2008,1.490709,
NZL,PPP,TOT,NATUSD,A,2009,1.470995,
NZL,PPP,TOT,NATUSD,A,2010,1.496126,
NZL,PPP,TOT,NATUSD,A,2011,1.485915,
NZL,PPP,TOT,NATUSD,A,2012,1.495622,
NZL,PPP,TOT,NATUSD,A,2013,1.445979,
NZL,PPP,TOT,NATUSD,A,2014,1.44073,
NZL,PPP,TOT,NATUSD,A,2015,1.478014,
NZL,PPP,TOT,NATUSD,A,2016,1.441008,
NZL,PPP,TOT,NATUSD,A,2017,1.426552,
NZL,PPP,TOT,NATUSD,A,2018,1.389902,
NZL,PPP,TOT,NATUSD,A,2019,1.407576,
NOR,PPP,TOT,NATUSD,A,2000,9.082606,
NOR,PPP,TOT,NATUSD,A,2001,9.173071,
NOR,PPP,TOT,NATUSD,A,2002,9.05673,
NOR,PPP,TOT,NATUSD,A,2003,9.206974,
NOR,PPP,TOT,NATUSD,A,2004,9.133219,
NOR,PPP,TOT,NATUSD,A,2005,9.005204,
NOR,PPP,TOT,NATUSD,A,2006,8.791878,
NOR,PPP,TOT,NATUSD,A,2007,8.933784,
NOR,PPP,TOT,NATUSD,A,2008,8.859281,
NOR,PPP,TOT,NATUSD,A,2009,9.077231,
NOR,PPP,TOT,NATUSD,A,2010,9.144245,
NOR,PPP,TOT,NATUSD,A,2011,9.082736,
NOR,PPP,TOT,NATUSD,A,2012,9.037085,
NOR,PPP,TOT,NATUSD,A,2013,9.029349,
NOR,PPP,TOT,NATUSD,A,2014,9.278458,
NOR,PPP,TOT,NATUSD,A,2015,9.932516,
NOR,PPP,TOT,NATUSD,A,2016,10.0419,
NOR,PPP,TOT,NATUSD,A,2017,9.718796,
NOR,PPP,TOT,NATUSD,A,2018,9.303837,
NOR,PPP,TOT,NATUSD,A,2019,9.480528,
POL,PPP,TOT,NATUSD,A,2000,1.832369,
POL,PPP,TOT,NATUSD,A,2001,1.836811,
POL,PPP,TOT,NATUSD,A,2002,1.799795,
POL,PPP,TOT,NATUSD,A,2003,1.806327,
POL,PPP,TOT,NATUSD,A,2004,1.831563,
POL,PPP,TOT,NATUSD,A,2005,1.867595,
POL,PPP,TOT,NATUSD,A,2006,1.852931,
POL,PPP,TOT,NATUSD,A,2007,1.856189,
POL,PPP,TOT,NATUSD,A,2008,1.842243,
POL,PPP,TOT,NATUSD,A,2009,1.867782,
POL,PPP,TOT,NATUSD,A,2010,1.803438,
POL,PPP,TOT,NATUSD,A,2011,1.801424,
POL,PPP,TOT,NATUSD,A,2012,1.796168,
POL,PPP,TOT,NATUSD,A,2013,1.762045,
POL,PPP,TOT,NATUSD,A,2014,1.767142,
POL,PPP,TOT,NATUSD,A,2015,1.765116,
POL,PPP,TOT,NATUSD,A,2016,1.732843,
POL,PPP,TOT,NATUSD,A,2017,1.737332,
POL,PPP,TOT,NATUSD,A,2018,1.693585,
POL,PPP,TOT,NATUSD,A,2019,1.713336,
PRT,PPP,TOT,NATUSD,A,2000,0.660828,
PRT,PPP,TOT,NATUSD,A,2001,0.670763,
PRT,PPP,TOT,NATUSD,A,2002,0.672081,
PRT,PPP,TOT,NATUSD,A,2003,0.670488,
PRT,PPP,TOT,NATUSD,A,2004,0.676708,
PRT,PPP,TOT,NATUSD,A,2005,0.664259,
PRT,PPP,TOT,NATUSD,A,2006,0.641013,
PRT,PPP,TOT,NATUSD,A,2007,0.647602,
PRT,PPP,TOT,NATUSD,A,2008,0.636148,
PRT,PPP,TOT,NATUSD,A,2009,0.626868,
PRT,PPP,TOT,NATUSD,A,2010,0.622647,
PRT,PPP,TOT,NATUSD,A,2011,0.623083,
PRT,PPP,TOT,NATUSD,A,2012,0.605398,
PRT,PPP,TOT,NATUSD,A,2013,0.583607,
PRT,PPP,TOT,NATUSD,A,2014,0.578868,
PRT,PPP,TOT,NATUSD,A,2015,0.584947,
PRT,PPP,TOT,NATUSD,A,2016,0.571416,
PRT,PPP,TOT,NATUSD,A,2017,0.573856,
PRT,PPP,TOT,NATUSD,A,2018,0.5537,
PRT,PPP,TOT,NATUSD,A,2019,0.547768,
SVK,PPP,TOT,NATUSD,A,2000,0.516226,
SVK,PPP,TOT,NATUSD,A,2001,0.515601,
SVK,PPP,TOT,NATUSD,A,2002,0.521518,
SVK,PPP,TOT,NATUSD,A,2003,0.544909,
SVK,PPP,TOT,NATUSD,A,2004,0.564956,
SVK,PPP,TOT,NATUSD,A,2005,0.564715,
SVK,PPP,TOT,NATUSD,A,2006,0.555338,
SVK,PPP,TOT,NATUSD,A,2007,0.554435,
SVK,PPP,TOT,NATUSD,A,2008,0.53743,
SVK,PPP,TOT,NATUSD,A,2009,0.515184,
SVK,PPP,TOT,NATUSD,A,2010,0.501703,
SVK,PPP,TOT,NATUSD,A,2011,0.506407,
SVK,PPP,TOT,NATUSD,A,2012,0.504542,
SVK,PPP,TOT,NATUSD,A,2013,0.491124,
SVK,PPP,TOT,NATUSD,A,2014,0.485412,
SVK,PPP,TOT,NATUSD,A,2015,0.491548,
SVK,PPP,TOT,NATUSD,A,2016,0.503194,
SVK,PPP,TOT,NATUSD,A,2017,0.51479,
SVK,PPP,TOT,NATUSD,A,2018,0.504794,
SVK,PPP,TOT,NATUSD,A,2019,0.513491,
ESP,PPP,TOT,NATUSD,A,2000,0.739549,
ESP,PPP,TOT,NATUSD,A,2001,0.747416,
ESP,PPP,TOT,NATUSD,A,2002,0.742312,
ESP,PPP,TOT,NATUSD,A,2003,0.760047,
ESP,PPP,TOT,NATUSD,A,2004,0.76653,
ESP,PPP,TOT,NATUSD,A,2005,0.769508,
ESP,PPP,TOT,NATUSD,A,2006,0.736983,
ESP,PPP,TOT,NATUSD,A,2007,0.7333,
ESP,PPP,TOT,NATUSD,A,2008,0.725862,
ESP,PPP,TOT,NATUSD,A,2009,0.718152,
ESP,PPP,TOT,NATUSD,A,2010,0.72637,
ESP,PPP,TOT,NATUSD,A,2011,0.714129,
ESP,PPP,TOT,NATUSD,A,2012,0.694976,
ESP,PPP,TOT,NATUSD,A,2013,0.6748,
ESP,PPP,TOT,NATUSD,A,2014,0.662359,
ESP,PPP,TOT,NATUSD,A,2015,0.66474,
ESP,PPP,TOT,NATUSD,A,2016,0.642644,
ESP,PPP,TOT,NATUSD,A,2017,0.628831,
ESP,PPP,TOT,NATUSD,A,2018,0.612611,
ESP,PPP,TOT,NATUSD,A,2019,0.607903,
SWE,PPP,TOT,NATUSD,A,2000,9.160268,
SWE,PPP,TOT,NATUSD,A,2001,9.400158,
SWE,PPP,TOT,NATUSD,A,2002,9.413655,
SWE,PPP,TOT,NATUSD,A,2003,9.495769,
SWE,PPP,TOT,NATUSD,A,2004,9.302011,
SWE,PPP,TOT,NATUSD,A,2005,9.479182,
SWE,PPP,TOT,NATUSD,A,2006,9.123665,
SWE,PPP,TOT,NATUSD,A,2007,8.88369,
SWE,PPP,TOT,NATUSD,A,2008,8.778986,
SWE,PPP,TOT,NATUSD,A,2009,8.914179,
SWE,PPP,TOT,NATUSD,A,2010,9.017736,
SWE,PPP,TOT,NATUSD,A,2011,8.844042,
SWE,PPP,TOT,NATUSD,A,2012,8.654768,
SWE,PPP,TOT,NATUSD,A,2013,8.597681,
SWE,PPP,TOT,NATUSD,A,2014,8.727131,
SWE,PPP,TOT,NATUSD,A,2015,8.854383,
SWE,PPP,TOT,NATUSD,A,2016,8.822586,
SWE,PPP,TOT,NATUSD,A,2017,8.82407,
SWE,PPP,TOT,NATUSD,A,2018,8.589563,
SWE,PPP,TOT,NATUSD,A,2019,8.620421,
CHE,PPP,TOT,NATUSD,A,2000,1.788109,
CHE,PPP,TOT,NATUSD,A,2001,1.768379,
CHE,PPP,TOT,NATUSD,A,2002,1.70976,
CHE,PPP,TOT,NATUSD,A,2003,1.717018,
CHE,PPP,TOT,NATUSD,A,2004,1.693209,
CHE,PPP,TOT,NATUSD,A,2005,1.686548,
CHE,PPP,TOT,NATUSD,A,2006,1.600989,
CHE,PPP,TOT,NATUSD,A,2007,1.533994,
CHE,PPP,TOT,NATUSD,A,2008,1.493049,
CHE,PPP,TOT,NATUSD,A,2009,1.46898,
CHE,PPP,TOT,NATUSD,A,2010,1.464944,
CHE,PPP,TOT,NATUSD,A,2011,1.397498,
CHE,PPP,TOT,NATUSD,A,2012,1.354072,
CHE,PPP,TOT,NATUSD,A,2013,1.312477,
CHE,PPP,TOT,NATUSD,A,2014,1.281761,
CHE,PPP,TOT,NATUSD,A,2015,1.235788,
CHE,PPP,TOT,NATUSD,A,2016,1.201964,
CHE,PPP,TOT,NATUSD,A,2017,1.183945,
CHE,PPP,TOT,NATUSD,A,2018,1.142621,
CHE,PPP,TOT,NATUSD,A,2019,1.125833,
TUR,PPP,TOT,NATUSD,A,2000,0.281508,
TUR,PPP,TOT,NATUSD,A,2001,0.414892,
TUR,PPP,TOT,NATUSD,A,2002,0.591251,
TUR,PPP,TOT,NATUSD,A,2003,0.737306,
TUR,PPP,TOT,NATUSD,A,2004,0.79283,
TUR,PPP,TOT,NATUSD,A,2005,0.834589,
TUR,PPP,TOT,NATUSD,A,2006,0.842933,
TUR,PPP,TOT,NATUSD,A,2007,0.852344,
TUR,PPP,TOT,NATUSD,A,2008,0.87996,
TUR,PPP,TOT,NATUSD,A,2009,0.903963,
TUR,PPP,TOT,NATUSD,A,2010,0.919607,
TUR,PPP,TOT,NATUSD,A,2011,0.966176,
TUR,PPP,TOT,NATUSD,A,2012,1.019856,
TUR,PPP,TOT,NATUSD,A,2013,1.070294,
TUR,PPP,TOT,NATUSD,A,2014,1.104504,
TUR,PPP,TOT,NATUSD,A,2015,1.162452,
TUR,PPP,TOT,NATUSD,A,2016,1.241052,
TUR,PPP,TOT,NATUSD,A,2017,1.379575,
TUR,PPP,TOT,NATUSD,A,2018,1.583491,
TUR,PPP,TOT,NATUSD,A,2019,1.840625,
GBR,PPP,TOT,NATUSD,A,2000,0.704306,
GBR,PPP,TOT,NATUSD,A,2001,0.694382,
GBR,PPP,TOT,NATUSD,A,2002,0.689877,
GBR,PPP,TOT,NATUSD,A,2003,0.696596,
GBR,PPP,TOT,NATUSD,A,2004,0.68841,
GBR,PPP,TOT,NATUSD,A,2005,0.707619,
GBR,PPP,TOT,NATUSD,A,2006,0.69742,
GBR,PPP,TOT,NATUSD,A,2007,0.7101,
GBR,PPP,TOT,NATUSD,A,2008,0.701691,
GBR,PPP,TOT,NATUSD,A,2009,0.709551,
GBR,PPP,TOT,NATUSD,A,2010,0.701707,
GBR,PPP,TOT,NATUSD,A,2011,0.706052,
GBR,PPP,TOT,NATUSD,A,2012,0.701634,
GBR,PPP,TOT,NATUSD,A,2013,0.695248,
GBR,PPP,TOT,NATUSD,A,2014,0.698444,
GBR,PPP,TOT,NATUSD,A,2015,0.692551,
GBR,PPP,TOT,NATUSD,A,2016,0.688603,
GBR,PPP,TOT,NATUSD,A,2017,0.682422,
GBR,PPP,TOT,NATUSD,A,2018,0.662639,
GBR,PPP,TOT,NATUSD,A,2019,0.664175,
USA,PPP,TOT,NATUSD,A,2000,1,
USA,PPP,TOT,NATUSD,A,2001,1,
USA,PPP,TOT,NATUSD,A,2002,1,
USA,PPP,TOT,NATUSD,A,2003,1,
USA,PPP,TOT,NATUSD,A,2004,1,
USA,PPP,TOT,NATUSD,A,2005,1,
USA,PPP,TOT,NATUSD,A,2006,1,
USA,PPP,TOT,NATUSD,A,2007,1,
USA,PPP,TOT,NATUSD,A,2008,1,
USA,PPP,TOT,NATUSD,A,2009,1,
USA,PPP,TOT,NATUSD,A,2010,1,
USA,PPP,TOT,NATUSD,A,2011,1,
USA,PPP,TOT,NATUSD,A,2012,1,
USA,PPP,TOT,NATUSD,A,2013,1,
USA,PPP,TOT,NATUSD,A,2014,1,
USA,PPP,TOT,NATUSD,A,2015,1,
USA,PPP,TOT,NATUSD,A,2016,1,
USA,PPP,TOT,NATUSD,A,2017,1,
USA,PPP,TOT,NATUSD,A,2018,1,
USA,PPP,TOT,NATUSD,A,2019,1,
BRA,PPP,TOT,NATUSD,A,2000,0.757128,
BRA,PPP,TOT,NATUSD,A,2001,0.801815,
BRA,PPP,TOT,NATUSD,A,2002,0.866669,
BRA,PPP,TOT,NATUSD,A,2003,0.970764,
BRA,PPP,TOT,NATUSD,A,2004,1.018595,
BRA,PPP,TOT,NATUSD,A,2005,1.061232,
BRA,PPP,TOT,NATUSD,A,2006,1.09984,
BRA,PPP,TOT,NATUSD,A,2007,1.140034,
BRA,PPP,TOT,NATUSD,A,2008,1.216451,
BRA,PPP,TOT,NATUSD,A,2009,1.29554,
BRA,PPP,TOT,NATUSD,A,2010,1.388488,
BRA,PPP,TOT,NATUSD,A,2011,1.473216,
BRA,PPP,TOT,NATUSD,A,2012,1.605704,
BRA,PPP,TOT,NATUSD,A,2013,1.701276,
BRA,PPP,TOT,NATUSD,A,2014,1.813201,
BRA,PPP,TOT,NATUSD,A,2015,1.988814,
BRA,PPP,TOT,NATUSD,A,2016,2.133082,
BRA,PPP,TOT,NATUSD,A,2017,2.181557,
BRA,PPP,TOT,NATUSD,A,2018,2.199647,
BRA,PPP,TOT,NATUSD,A,2019,2.247384,
CHL,PPP,TOT,NATUSD,A,2000,286.579744,
CHL,PPP,TOT,NATUSD,A,2001,291.255853,
CHL,PPP,TOT,NATUSD,A,2002,296.446431,
CHL,PPP,TOT,NATUSD,A,2003,304.367804,
CHL,PPP,TOT,NATUSD,A,2004,319.653393,
CHL,PPP,TOT,NATUSD,A,2005,333.69,
CHL,PPP,TOT,NATUSD,A,2006,318.574722,
CHL,PPP,TOT,NATUSD,A,2007,323.878962,
CHL,PPP,TOT,NATUSD,A,2008,340.400833,
CHL,PPP,TOT,NATUSD,A,2009,354.325885,
CHL,PPP,TOT,NATUSD,A,2010,359.83702,
CHL,PPP,TOT,NATUSD,A,2011,348.016847,
CHL,PPP,TOT,NATUSD,A,2012,347.228507,
CHL,PPP,TOT,NATUSD,A,2013,349.680536,
CHL,PPP,TOT,NATUSD,A,2014,367.213907,
CHL,PPP,TOT,NATUSD,A,2015,391.178861,
CHL,PPP,TOT,NATUSD,A,2016,397.250703,
CHL,PPP,TOT,NATUSD,A,2017,396.448744,
CHL,PPP,TOT,NATUSD,A,2018,400.278054,
CHL,PPP,TOT,NATUSD,A,2019,387.770444,
CHN,PPP,TOT,NATUSD,A,2000,2.719364,
CHN,PPP,TOT,NATUSD,A,2001,2.715469,
CHN,PPP,TOT,NATUSD,A,2002,2.689281,
CHN,PPP,TOT,NATUSD,A,2003,2.70898,
CHN,PPP,TOT,NATUSD,A,2004,2.821351,
CHN,PPP,TOT,NATUSD,A,2005,2.842933,
CHN,PPP,TOT,NATUSD,A,2006,2.867778,
CHN,PPP,TOT,NATUSD,A,2007,3.009186,
CHN,PPP,TOT,NATUSD,A,2008,3.181871,
CHN,PPP,TOT,NATUSD,A,2009,3.151181,
CHN,PPP,TOT,NATUSD,A,2010,3.329232,
CHN,PPP,TOT,NATUSD,A,2011,3.524468,
CHN,PPP,TOT,NATUSD,A,2012,3.560968,
CHN,PPP,TOT,NATUSD,A,2013,3.663645,
CHN,PPP,TOT,NATUSD,A,2014,3.75885,
CHN,PPP,TOT,NATUSD,A,2015,3.870697,
CHN,PPP,TOT,NATUSD,A,2016,3.988837,
CHN,PPP,TOT,NATUSD,A,2017,4.183811,
CHN,PPP,TOT,NATUSD,A,2018,4.227258,
CHN,PPP,TOT,NATUSD,A,2019,4.212261,
COL,PPP,TOT,NATUSD,A,2000,739.89333,
COL,PPP,TOT,NATUSD,A,2001,776.704098,
COL,PPP,TOT,NATUSD,A,2002,816.223141,
COL,PPP,TOT,NATUSD,A,2003,876.183344,
COL,PPP,TOT,NATUSD,A,2004,920.032288,
COL,PPP,TOT,NATUSD,A,2005,958.227509,
COL,PPP,TOT,NATUSD,A,2006,984.097249,
COL,PPP,TOT,NATUSD,A,2007,1008.206802,
COL,PPP,TOT,NATUSD,A,2008,1064.897073,
COL,PPP,TOT,NATUSD,A,2009,1099.792771,
COL,PPP,TOT,NATUSD,A,2010,1128.488601,
COL,PPP,TOT,NATUSD,A,2011,1175.997371,
COL,PPP,TOT,NATUSD,A,2012,1211.574122,
COL,PPP,TOT,NATUSD,A,2013,1214.68853,
COL,PPP,TOT,NATUSD,A,2014,1228.709202,
COL,PPP,TOT,NATUSD,A,2015,1284.952129,
COL,PPP,TOT,NATUSD,A,2016,1293.741161,
COL,PPP,TOT,NATUSD,A,2017,1323.513894,
COL,PPP,TOT,NATUSD,A,2018,1318.651531,
COL,PPP,TOT,NATUSD,A,2019,1317.188166,
EST,PPP,TOT,NATUSD,A,2000,0.468716,
EST,PPP,TOT,NATUSD,A,2001,0.487802,
EST,PPP,TOT,NATUSD,A,2002,0.486245,
EST,PPP,TOT,NATUSD,A,2003,0.486274,
EST,PPP,TOT,NATUSD,A,2004,0.494059,
EST,PPP,TOT,NATUSD,A,2005,0.503328,
EST,PPP,TOT,NATUSD,A,2006,0.521489,
EST,PPP,TOT,NATUSD,A,2007,0.551852,
EST,PPP,TOT,NATUSD,A,2008,0.545055,
EST,PPP,TOT,NATUSD,A,2009,0.516739,
EST,PPP,TOT,NATUSD,A,2010,0.511706,
EST,PPP,TOT,NATUSD,A,2011,0.5116,
EST,PPP,TOT,NATUSD,A,2012,0.521063,
EST,PPP,TOT,NATUSD,A,2013,0.522424,
EST,PPP,TOT,NATUSD,A,2014,0.52689,
EST,PPP,TOT,NATUSD,A,2015,0.53758,
EST,PPP,TOT,NATUSD,A,2016,0.527849,
EST,PPP,TOT,NATUSD,A,2017,0.533205,
EST,PPP,TOT,NATUSD,A,2018,0.523582,
EST,PPP,TOT,NATUSD,A,2019,0.529969,
IND,PPP,TOT,NATUSD,A,2000,9.664333,
IND,PPP,TOT,NATUSD,A,2001,9.761001,
IND,PPP,TOT,NATUSD,A,2002,9.966049,
IND,PPP,TOT,NATUSD,A,2003,10.162784,
IND,PPP,TOT,NATUSD,A,2004,10.46296,
IND,PPP,TOT,NATUSD,A,2005,10.717338,
IND,PPP,TOT,NATUSD,A,2006,11.276447,
IND,PPP,TOT,NATUSD,A,2007,11.744053,
IND,PPP,TOT,NATUSD,A,2008,12.579117,
IND,PPP,TOT,NATUSD,A,2009,13.362861,
IND,PPP,TOT,NATUSD,A,2010,14.599321,
IND,PPP,TOT,NATUSD,A,2011,15.549549,
IND,PPP,TOT,NATUSD,A,2012,16.160835,
IND,PPP,TOT,NATUSD,A,2013,17.342325,
IND,PPP,TOT,NATUSD,A,2014,18.386549,
IND,PPP,TOT,NATUSD,A,2015,19.235003,
IND,PPP,TOT,NATUSD,A,2016,19.898727,
IND,PPP,TOT,NATUSD,A,2017,20.647793,
IND,PPP,TOT,NATUSD,A,2018,21.075024,
IND,PPP,TOT,NATUSD,A,2019,21.275504,
IDN,PPP,TOT,NATUSD,A,2000,1385.047058,
IDN,PPP,TOT,NATUSD,A,2001,1549.071713,
IDN,PPP,TOT,NATUSD,A,2002,1614.862484,
IDN,PPP,TOT,NATUSD,A,2003,1672.418515,
IDN,PPP,TOT,NATUSD,A,2004,1767.828756,
IDN,PPP,TOT,NATUSD,A,2005,1960.133191,
IDN,PPP,TOT,NATUSD,A,2006,2170.579301,
IDN,PPP,TOT,NATUSD,A,2007,2351.780298,
IDN,PPP,TOT,NATUSD,A,2008,2725.605947,
IDN,PPP,TOT,NATUSD,A,2009,2928.815268,
IDN,PPP,TOT,NATUSD,A,2010,3336.993892,
IDN,PPP,TOT,NATUSD,A,2011,3512.753906,
IDN,PPP,TOT,NATUSD,A,2012,3569.892578,
IDN,PPP,TOT,NATUSD,A,2013,3765.671875,
IDN,PPP,TOT,NATUSD,A,2014,4030.774658,
IDN,PPP,TOT,NATUSD,A,2015,4353.327148,
IDN,PPP,TOT,NATUSD,A,2016,4518.104004,
IDN,PPP,TOT,NATUSD,A,2017,4695.658691,
IDN,PPP,TOT,NATUSD,A,2018,4759.089167,
IDN,PPP,TOT,NATUSD,A,2019,4743.337447,
ISR,PPP,TOT,NATUSD,A,2000,3.441656,
ISR,PPP,TOT,NATUSD,A,2001,3.42743,
ISR,PPP,TOT,NATUSD,A,2002,3.462676,
ISR,PPP,TOT,NATUSD,A,2003,3.628859,
ISR,PPP,TOT,NATUSD,A,2004,3.537657,
ISR,PPP,TOT,NATUSD,A,2005,3.716937,
ISR,PPP,TOT,NATUSD,A,2006,3.788173,
ISR,PPP,TOT,NATUSD,A,2007,3.725704,
ISR,PPP,TOT,NATUSD,A,2008,3.867205,
ISR,PPP,TOT,NATUSD,A,2009,3.96503,
ISR,PPP,TOT,NATUSD,A,2010,3.981341,
ISR,PPP,TOT,NATUSD,A,2011,3.944763,
ISR,PPP,TOT,NATUSD,A,2012,3.955358,
ISR,PPP,TOT,NATUSD,A,2013,3.839566,
ISR,PPP,TOT,NATUSD,A,2014,3.940387,
ISR,PPP,TOT,NATUSD,A,2015,3.923925,
ISR,PPP,TOT,NATUSD,A,2016,3.788511,
ISR,PPP,TOT,NATUSD,A,2017,3.739669,
ISR,PPP,TOT,NATUSD,A,2018,3.612219,
ISR,PPP,TOT,NATUSD,A,2019,3.622217,
RUS,PPP,TOT,NATUSD,A,2000,7.301404,
RUS,PPP,TOT,NATUSD,A,2001,8.322817,
RUS,PPP,TOT,NATUSD,A,2002,9.273504,
RUS,PPP,TOT,NATUSD,A,2003,9.866787,
RUS,PPP,TOT,NATUSD,A,2004,11.556843,
RUS,PPP,TOT,NATUSD,A,2005,12.736131,
RUS,PPP,TOT,NATUSD,A,2006,12.618288,
RUS,PPP,TOT,NATUSD,A,2007,13.984503,
RUS,PPP,TOT,NATUSD,A,2008,14.341196,
RUS,PPP,TOT,NATUSD,A,2009,14.016913,
RUS,PPP,TOT,NATUSD,A,2010,15.821142,
RUS,PPP,TOT,NATUSD,A,2011,18.443729,
RUS,PPP,TOT,NATUSD,A,2012,19.56826,
RUS,PPP,TOT,NATUSD,A,2013,19.505592,
RUS,PPP,TOT,NATUSD,A,2014,20.998875,
RUS,PPP,TOT,NATUSD,A,2015,23.562632,
RUS,PPP,TOT,NATUSD,A,2016,24.192337,
RUS,PPP,TOT,NATUSD,A,2017,24.0504,
RUS,PPP,TOT,NATUSD,A,2018,24.297159,
RUS,PPP,TOT,NATUSD,A,2019,24.823776,
SVN,PPP,TOT,NATUSD,A,2000,0.526349,
SVN,PPP,TOT,NATUSD,A,2001,0.560022,
SVN,PPP,TOT,NATUSD,A,2002,0.583286,
SVN,PPP,TOT,NATUSD,A,2003,0.608518,
SVN,PPP,TOT,NATUSD,A,2004,0.608333,
SVN,PPP,TOT,NATUSD,A,2005,0.610135,
SVN,PPP,TOT,NATUSD,A,2006,0.6105,
SVN,PPP,TOT,NATUSD,A,2007,0.631131,
SVN,PPP,TOT,NATUSD,A,2008,0.633789,
SVN,PPP,TOT,NATUSD,A,2009,0.645,
SVN,PPP,TOT,NATUSD,A,2010,0.637413,
SVN,PPP,TOT,NATUSD,A,2011,0.62397,
SVN,PPP,TOT,NATUSD,A,2012,0.606793,
SVN,PPP,TOT,NATUSD,A,2013,0.590407,
SVN,PPP,TOT,NATUSD,A,2014,0.591238,
SVN,PPP,TOT,NATUSD,A,2015,0.595298,
SVN,PPP,TOT,NATUSD,A,2016,0.577106,
SVN,PPP,TOT,NATUSD,A,2017,0.568335,
SVN,PPP,TOT,NATUSD,A,2018,0.550876,
SVN,PPP,TOT,NATUSD,A,2019,0.546228,
ZAF,PPP,TOT,NATUSD,A,2000,2.727774,
ZAF,PPP,TOT,NATUSD,A,2001,2.873205,
ZAF,PPP,TOT,NATUSD,A,2002,3.173687,
ZAF,PPP,TOT,NATUSD,A,2003,3.296341,
ZAF,PPP,TOT,NATUSD,A,2004,3.419435,
ZAF,PPP,TOT,NATUSD,A,2005,3.49684,
ZAF,PPP,TOT,NATUSD,A,2006,3.606437,
ZAF,PPP,TOT,NATUSD,A,2007,3.822892,
ZAF,PPP,TOT,NATUSD,A,2008,4.081128,
ZAF,PPP,TOT,NATUSD,A,2009,4.354202,
ZAF,PPP,TOT,NATUSD,A,2010,4.577401,
ZAF,PPP,TOT,NATUSD,A,2011,4.776628,
ZAF,PPP,TOT,NATUSD,A,2012,5.107817,
ZAF,PPP,TOT,NATUSD,A,2013,5.295738,
ZAF,PPP,TOT,NATUSD,A,2014,5.571891,
ZAF,PPP,TOT,NATUSD,A,2015,5.825256,
ZAF,PPP,TOT,NATUSD,A,2016,6.159093,
ZAF,PPP,TOT,NATUSD,A,2017,6.426701,
ZAF,PPP,TOT,NATUSD,A,2018,6.519588,
ZAF,PPP,TOT,NATUSD,A,2019,6.652566,
EU28,PPP,TOT,NATUSD,A,2000,0.876161,
EU28,PPP,TOT,NATUSD,A,2001,0.868306,
EU28,PPP,TOT,NATUSD,A,2002,0.858962,
EU28,PPP,TOT,NATUSD,A,2003,0.848529,
EU28,PPP,TOT,NATUSD,A,2004,0.846336,
EU28,PPP,TOT,NATUSD,A,2005,0.850034,
EU28,PPP,TOT,NATUSD,A,2006,0.828219,
EU28,PPP,TOT,NATUSD,A,2007,0.824623,
EU28,PPP,TOT,NATUSD,A,2008,0.790306,
EU28,PPP,TOT,NATUSD,A,2009,0.760114,
EU28,PPP,TOT,NATUSD,A,2010,0.764678,
EU28,PPP,TOT,NATUSD,A,2011,0.75455,
EU28,PPP,TOT,NATUSD,A,2012,0.756022,
EU28,PPP,TOT,NATUSD,A,2013,0.734852,
EU28,PPP,TOT,NATUSD,A,2014,0.737426,
EU28,PPP,TOT,NATUSD,A,2015,0.751874,
EU28,PPP,TOT,NATUSD,A,2016,0.714531,
EU28,PPP,TOT,NATUSD,A,2017,0.697382,
EU28,PPP,TOT,NATUSD,A,2018,0.669716,
EU28,PPP,TOT,NATUSD,A,2019,0.666258,
LVA,PPP,TOT,NATUSD,A,2000,0.360698,
LVA,PPP,TOT,NATUSD,A,2001,0.353274,
LVA,PPP,TOT,NATUSD,A,2002,0.360954,
LVA,PPP,TOT,NATUSD,A,2003,0.378618,
LVA,PPP,TOT,NATUSD,A,2004,0.399667,
LVA,PPP,TOT,NATUSD,A,2005,0.438594,
LVA,PPP,TOT,NATUSD,A,2006,0.489546,
LVA,PPP,TOT,NATUSD,A,2007,0.566495,
LVA,PPP,TOT,NATUSD,A,2008,0.575542,
LVA,PPP,TOT,NATUSD,A,2009,0.520747,
LVA,PPP,TOT,NATUSD,A,2010,0.486634,
LVA,PPP,TOT,NATUSD,A,2011,0.498506,
LVA,PPP,TOT,NATUSD,A,2012,0.506203,
LVA,PPP,TOT,NATUSD,A,2013,0.499271,
LVA,PPP,TOT,NATUSD,A,2014,0.497558,
LVA,PPP,TOT,NATUSD,A,2015,0.497569,
LVA,PPP,TOT,NATUSD,A,2016,0.484535,
LVA,PPP,TOT,NATUSD,A,2017,0.482995,
LVA,PPP,TOT,NATUSD,A,2018,0.475959,
LVA,PPP,TOT,NATUSD,A,2019,0.482306,
LTU,PPP,TOT,NATUSD,A,2000,0.451527,
LTU,PPP,TOT,NATUSD,A,2001,0.432687,
LTU,PPP,TOT,NATUSD,A,2002,0.42073,
LTU,PPP,TOT,NATUSD,A,2003,0.404409,
LTU,PPP,TOT,NATUSD,A,2004,0.414384,
LTU,PPP,TOT,NATUSD,A,2005,0.435163,
LTU,PPP,TOT,NATUSD,A,2006,0.44685,
LTU,PPP,TOT,NATUSD,A,2007,0.470767,
LTU,PPP,TOT,NATUSD,A,2008,0.492829,
LTU,PPP,TOT,NATUSD,A,2009,0.469048,
LTU,PPP,TOT,NATUSD,A,2010,0.450033,
LTU,PPP,TOT,NATUSD,A,2011,0.451921,
LTU,PPP,TOT,NATUSD,A,2012,0.452657,
LTU,PPP,TOT,NATUSD,A,2013,0.443347,
LTU,PPP,TOT,NATUSD,A,2014,0.44262,
LTU,PPP,TOT,NATUSD,A,2015,0.445858,
LTU,PPP,TOT,NATUSD,A,2016,0.43844,
LTU,PPP,TOT,NATUSD,A,2017,0.44131,
LTU,PPP,TOT,NATUSD,A,2018,0.433085,
LTU,PPP,TOT,NATUSD,A,2019,0.437569,
SAU,PPP,TOT,NATUSD,A,2000,0.862343,
SAU,PPP,TOT,NATUSD,A,2001,0.829939,
SAU,PPP,TOT,NATUSD,A,2002,0.865684,
SAU,PPP,TOT,NATUSD,A,2003,0.869589,
SAU,PPP,TOT,NATUSD,A,2004,0.940417,
SAU,PPP,TOT,NATUSD,A,2005,1.095774,
SAU,PPP,TOT,NATUSD,A,2006,1.18667,
SAU,PPP,TOT,NATUSD,A,2007,1.253109,
SAU,PPP,TOT,NATUSD,A,2008,1.446642,
SAU,PPP,TOT,NATUSD,A,2009,1.210103,
SAU,PPP,TOT,NATUSD,A,2010,1.401801,
SAU,PPP,TOT,NATUSD,A,2011,1.586354,
SAU,PPP,TOT,NATUSD,A,2012,1.650197,
SAU,PPP,TOT,NATUSD,A,2013,1.666466,
SAU,PPP,TOT,NATUSD,A,2014,1.646281,
SAU,PPP,TOT,NATUSD,A,2015,1.591297,
SAU,PPP,TOT,NATUSD,A,2016,1.63892,
SAU,PPP,TOT,NATUSD,A,2017,1.649027,
SAU,PPP,TOT,NATUSD,A,2018,1.795077,
SAU,PPP,TOT,NATUSD,A,2019,1.769446,
EA19,PPP,TOT,NATUSD,A,2000,0.863316,
EA19,PPP,TOT,NATUSD,A,2001,0.860235,
EA19,PPP,TOT,NATUSD,A,2002,0.852014,
EA19,PPP,TOT,NATUSD,A,2003,0.858762,
EA19,PPP,TOT,NATUSD,A,2004,0.856738,
EA19,PPP,TOT,NATUSD,A,2005,0.85272,
EA19,PPP,TOT,NATUSD,A,2006,0.827457,
EA19,PPP,TOT,NATUSD,A,2007,0.821191,
EA19,PPP,TOT,NATUSD,A,2008,0.806152,
EA19,PPP,TOT,NATUSD,A,2009,0.794418,
EA19,PPP,TOT,NATUSD,A,2010,0.792321,
EA19,PPP,TOT,NATUSD,A,2011,0.780416,
EA19,PPP,TOT,NATUSD,A,2012,0.774121,
EA19,PPP,TOT,NATUSD,A,2013,0.755494,
EA19,PPP,TOT,NATUSD,A,2014,0.751991,
EA19,PPP,TOT,NATUSD,A,2015,0.755235,
EA19,PPP,TOT,NATUSD,A,2016,0.729722,
EA19,PPP,TOT,NATUSD,A,2017,0.718778,
EA19,PPP,TOT,NATUSD,A,2018,0.691268,
EA19,PPP,TOT,NATUSD,A,2019,0.687179,
ARG,PPP,TOT,NATUSD,A,2000,0.663416,
ARG,PPP,TOT,NATUSD,A,2001,0.642064,
ARG,PPP,TOT,NATUSD,A,2002,0.825195,
ARG,PPP,TOT,NATUSD,A,2003,0.895181,
ARG,PPP,TOT,NATUSD,A,2004,1.031788,
ARG,PPP,TOT,NATUSD,A,2005,1.103858,
ARG,PPP,TOT,NATUSD,A,2006,1.218661,
ARG,PPP,TOT,NATUSD,A,2007,1.364085,
ARG,PPP,TOT,NATUSD,A,2008,1.648101,
ARG,PPP,TOT,NATUSD,A,2009,1.887154,
ARG,PPP,TOT,NATUSD,A,2010,2.255571,
ARG,PPP,TOT,NATUSD,A,2011,2.733128,
ARG,PPP,TOT,NATUSD,A,2012,3.218154,
ARG,PPP,TOT,NATUSD,A,2013,3.940967,
ARG,PPP,TOT,NATUSD,A,2014,5.451964,
ARG,PPP,TOT,NATUSD,A,2015,6.866548,
ARG,PPP,TOT,NATUSD,A,2016,9.294966,
ARG,PPP,TOT,NATUSD,A,2017,10.256822,
ARG,PPP,TOT,NATUSD,A,2018,14.019288,
ARG,PPP,TOT,NATUSD,A,2019,20.713958,
CRI,PPP,TOT,NATUSD,A,2000,143.585692,
CRI,PPP,TOT,NATUSD,A,2001,154.215668,
CRI,PPP,TOT,NATUSD,A,2002,166.784769,
CRI,PPP,TOT,NATUSD,A,2003,181.301331,
CRI,PPP,TOT,NATUSD,A,2004,200.286765,
CRI,PPP,TOT,NATUSD,A,2005,219.687456,
CRI,PPP,TOT,NATUSD,A,2006,241.034975,
CRI,PPP,TOT,NATUSD,A,2007,259.458822,
CRI,PPP,TOT,NATUSD,A,2008,283.567287,
CRI,PPP,TOT,NATUSD,A,2009,309.078071,
CRI,PPP,TOT,NATUSD,A,2010,325.593031,
CRI,PPP,TOT,NATUSD,A,2011,333.437065,
CRI,PPP,TOT,NATUSD,A,2012,342.377926,
CRI,PPP,TOT,NATUSD,A,2013,346.290924,
CRI,PPP,TOT,NATUSD,A,2014,351.70423,
CRI,PPP,TOT,NATUSD,A,2015,352.421277,
CRI,PPP,TOT,NATUSD,A,2016,341.518645,
CRI,PPP,TOT,NATUSD,A,2017,339.505722,
CRI,PPP,TOT,NATUSD,A,2018,342.994307,
CRI,PPP,TOT,NATUSD,A,2019,330.795848,
BGR,PPP,TOT,NATUSD,A,2000,0.535798,
BGR,PPP,TOT,NATUSD,A,2001,0.555718,
BGR,PPP,TOT,NATUSD,A,2002,0.558289,
BGR,PPP,TOT,NATUSD,A,2003,0.560405,
BGR,PPP,TOT,NATUSD,A,2004,0.580731,
BGR,PPP,TOT,NATUSD,A,2005,0.596501,
BGR,PPP,TOT,NATUSD,A,2006,0.619056,
BGR,PPP,TOT,NATUSD,A,2007,0.657228,
BGR,PPP,TOT,NATUSD,A,2008,0.677681,
BGR,PPP,TOT,NATUSD,A,2009,0.692688,
BGR,PPP,TOT,NATUSD,A,2010,0.676423,
BGR,PPP,TOT,NATUSD,A,2011,0.701075,
BGR,PPP,TOT,NATUSD,A,2012,0.692817,
BGR,PPP,TOT,NATUSD,A,2013,0.680006,
BGR,PPP,TOT,NATUSD,A,2014,0.661227,
BGR,PPP,TOT,NATUSD,A,2015,0.6787,
BGR,PPP,TOT,NATUSD,A,2016,0.666664,
BGR,PPP,TOT,NATUSD,A,2017,0.674128,
BGR,PPP,TOT,NATUSD,A,2018,0.660982,
BGR,PPP,TOT,NATUSD,A,2019,0.678317,
HRV,PPP,TOT,NATUSD,A,2000,3.785346,
HRV,PPP,TOT,NATUSD,A,2001,3.872151,
HRV,PPP,TOT,NATUSD,A,2002,3.879357,
HRV,PPP,TOT,NATUSD,A,2003,3.988128,
HRV,PPP,TOT,NATUSD,A,2004,4.011421,
HRV,PPP,TOT,NATUSD,A,2005,4.093508,
HRV,PPP,TOT,NATUSD,A,2006,3.919341,
HRV,PPP,TOT,NATUSD,A,2007,3.870222,
HRV,PPP,TOT,NATUSD,A,2008,3.872412,
HRV,PPP,TOT,NATUSD,A,2009,3.839747,
HRV,PPP,TOT,NATUSD,A,2010,3.870571,
HRV,PPP,TOT,NATUSD,A,2011,3.752644,
HRV,PPP,TOT,NATUSD,A,2012,3.664143,
HRV,PPP,TOT,NATUSD,A,2013,3.575107,
HRV,PPP,TOT,NATUSD,A,2014,3.543467,
HRV,PPP,TOT,NATUSD,A,2015,3.51238,
HRV,PPP,TOT,NATUSD,A,2016,3.382009,
HRV,PPP,TOT,NATUSD,A,2017,3.314078,
HRV,PPP,TOT,NATUSD,A,2018,3.200553,
HRV,PPP,TOT,NATUSD,A,2019,3.177392,
CYP,PPP,TOT,NATUSD,A,2000,0.716788,
CYP,PPP,TOT,NATUSD,A,2001,0.711527,
CYP,PPP,TOT,NATUSD,A,2002,0.710508,
CYP,PPP,TOT,NATUSD,A,2003,0.737287,
CYP,PPP,TOT,NATUSD,A,2004,0.734251,
CYP,PPP,TOT,NATUSD,A,2005,0.722892,
CYP,PPP,TOT,NATUSD,A,2006,0.710787,
CYP,PPP,TOT,NATUSD,A,2007,0.695076,
CYP,PPP,TOT,NATUSD,A,2008,0.693818,
CYP,PPP,TOT,NATUSD,A,2009,0.68158,
CYP,PPP,TOT,NATUSD,A,2010,0.699607,
CYP,PPP,TOT,NATUSD,A,2011,0.698624,
CYP,PPP,TOT,NATUSD,A,2012,0.706853,
CYP,PPP,TOT,NATUSD,A,2013,0.687315,
CYP,PPP,TOT,NATUSD,A,2014,0.679708,
CYP,PPP,TOT,NATUSD,A,2015,0.66314,
CYP,PPP,TOT,NATUSD,A,2016,0.622328,
CYP,PPP,TOT,NATUSD,A,2017,0.613226,
CYP,PPP,TOT,NATUSD,A,2018,0.58996,
CYP,PPP,TOT,NATUSD,A,2019,0.591075,
MLT,PPP,TOT,NATUSD,A,2000,0.579803,
MLT,PPP,TOT,NATUSD,A,2001,0.588846,
MLT,PPP,TOT,NATUSD,A,2002,0.581837,
MLT,PPP,TOT,NATUSD,A,2003,0.57449,
MLT,PPP,TOT,NATUSD,A,2004,0.566729,
MLT,PPP,TOT,NATUSD,A,2005,0.572731,
MLT,PPP,TOT,NATUSD,A,2006,0.572382,
MLT,PPP,TOT,NATUSD,A,2007,0.568799,
MLT,PPP,TOT,NATUSD,A,2008,0.571554,
MLT,PPP,TOT,NATUSD,A,2009,0.569036,
MLT,PPP,TOT,NATUSD,A,2010,0.572042,
MLT,PPP,TOT,NATUSD,A,2011,0.57415,
MLT,PPP,TOT,NATUSD,A,2012,0.57973,
MLT,PPP,TOT,NATUSD,A,2013,0.577476,
MLT,PPP,TOT,NATUSD,A,2014,0.586357,
MLT,PPP,TOT,NATUSD,A,2015,0.599701,
MLT,PPP,TOT,NATUSD,A,2016,0.583018,
MLT,PPP,TOT,NATUSD,A,2017,0.584558,
MLT,PPP,TOT,NATUSD,A,2018,0.566041,
MLT,PPP,TOT,NATUSD,A,2019,0.559892,
PER,PPP,TOT,NATUSD,A,2000,1.353251,
PER,PPP,TOT,NATUSD,A,2001,1.330234,
PER,PPP,TOT,NATUSD,A,2002,1.310948,
PER,PPP,TOT,NATUSD,A,2003,1.310261,
PER,PPP,TOT,NATUSD,A,2004,1.356026,
PER,PPP,TOT,NATUSD,A,2005,1.361139,
PER,PPP,TOT,NATUSD,A,2006,1.422309,
PER,PPP,TOT,NATUSD,A,2007,1.405748,
PER,PPP,TOT,NATUSD,A,2008,1.39414,
PER,PPP,TOT,NATUSD,A,2009,1.412145,
PER,PPP,TOT,NATUSD,A,2010,1.475595,
PER,PPP,TOT,NATUSD,A,2011,1.542905,
PER,PPP,TOT,NATUSD,A,2012,1.598911,
PER,PPP,TOT,NATUSD,A,2013,1.615967,
PER,PPP,TOT,NATUSD,A,2014,1.64592,
PER,PPP,TOT,NATUSD,A,2015,1.714139,
PER,PPP,TOT,NATUSD,A,2016,1.743377,
PER,PPP,TOT,NATUSD,A,2017,1.749455,
PER,PPP,TOT,NATUSD,A,2018,1.742287,
ROU,PPP,TOT,NATUSD,A,2000,0.615914,
ROU,PPP,TOT,NATUSD,A,2001,0.813331,
ROU,PPP,TOT,NATUSD,A,2002,0.97835,
ROU,PPP,TOT,NATUSD,A,2003,1.177894,
ROU,PPP,TOT,NATUSD,A,2004,1.269809,
ROU,PPP,TOT,NATUSD,A,2005,1.401281,
ROU,PPP,TOT,NATUSD,A,2006,1.401314,
ROU,PPP,TOT,NATUSD,A,2007,1.489724,
ROU,PPP,TOT,NATUSD,A,2008,1.566236,
ROU,PPP,TOT,NATUSD,A,2009,1.566071,
ROU,PPP,TOT,NATUSD,A,2010,1.536475,
ROU,PPP,TOT,NATUSD,A,2011,1.550043,
ROU,PPP,TOT,NATUSD,A,2012,1.563597,
ROU,PPP,TOT,NATUSD,A,2013,1.606225,
ROU,PPP,TOT,NATUSD,A,2014,1.628363,
ROU,PPP,TOT,NATUSD,A,2015,1.662875,
ROU,PPP,TOT,NATUSD,A,2016,1.596926,
ROU,PPP,TOT,NATUSD,A,2017,1.608435,
ROU,PPP,TOT,NATUSD,A,2018,1.619789,
ROU,PPP,TOT,NATUSD,A,2019,1.64222,
MKD,PPP,TOT,NATUSD,A,2000,19.937646,
MKD,PPP,TOT,NATUSD,A,2001,20.492724,
MKD,PPP,TOT,NATUSD,A,2002,20.015111,
MKD,PPP,TOT,NATUSD,A,2003,20.121247,
MKD,PPP,TOT,NATUSD,A,2004,19.277758,
MKD,PPP,TOT,NATUSD,A,2005,19.293559,
MKD,PPP,TOT,NATUSD,A,2006,18.910817,
MKD,PPP,TOT,NATUSD,A,2007,19.537309,
MKD,PPP,TOT,NATUSD,A,2008,19.263867,
MKD,PPP,TOT,NATUSD,A,2009,18.3506,
MKD,PPP,TOT,NATUSD,A,2010,18.716029,
MKD,PPP,TOT,NATUSD,A,2011,19.28963,
MKD,PPP,TOT,NATUSD,A,2012,19.003518,
MKD,PPP,TOT,NATUSD,A,2013,19.105349,
MKD,PPP,TOT,NATUSD,A,2014,18.99581,
MKD,PPP,TOT,NATUSD,A,2015,19.44068,
MKD,PPP,TOT,NATUSD,A,2016,18.958641,
MKD,PPP,TOT,NATUSD,A,2017,18.909794,
MKD,PPP,TOT,NATUSD,A,2018,18.448802,
MKD,PPP,TOT,NATUSD,A,2019,18.274064,
ZMB,PPP,TOT,NATUSD,A,2000,0.653737,
ZMB,PPP,TOT,NATUSD,A,2001,0.801751,
ZMB,PPP,TOT,NATUSD,A,2002,0.942313,
ZMB,PPP,TOT,NATUSD,A,2003,1.088027,
ZMB,PPP,TOT,NATUSD,A,2004,1.268403,
ZMB,PPP,TOT,NATUSD,A,2005,1.434898,
ZMB,PPP,TOT,NATUSD,A,2006,1.595288,
ZMB,PPP,TOT,NATUSD,A,2007,1.755055,
ZMB,PPP,TOT,NATUSD,A,2008,1.904747,
ZMB,PPP,TOT,NATUSD,A,2009,1.995433,
ZMB,PPP,TOT,NATUSD,A,2010,2.247623,
ZMB,PPP,TOT,NATUSD,A,2011,2.446346,
ZMB,PPP,TOT,NATUSD,A,2012,2.646239,
ZMB,PPP,TOT,NATUSD,A,2013,2.828945,
ZMB,PPP,TOT,NATUSD,A,2014,3.06475,
ZMB,PPP,TOT,NATUSD,A,2015,3.365914,
ZMB,PPP,TOT,NATUSD,A,2016,3.877613,
ZMB,PPP,TOT,NATUSD,A,2017,4.19258,
ZMB,PPP,TOT,NATUSD,A,2018,4.474701,
HKG,PPP,TOT,NATUSD,A,2000,7.102746,
HKG,PPP,TOT,NATUSD,A,2001,6.827004,
HKG,PPP,TOT,NATUSD,A,2002,6.492071,
HKG,PPP,TOT,NATUSD,A,2003,5.990789,
HKG,PPP,TOT,NATUSD,A,2004,5.624248,
HKG,PPP,TOT,NATUSD,A,2005,5.446159,
HKG,PPP,TOT,NATUSD,A,2006,5.25792,
HKG,PPP,TOT,NATUSD,A,2007,5.281026,
HKG,PPP,TOT,NATUSD,A,2008,5.246647,
HKG,PPP,TOT,NATUSD,A,2009,5.187401,
HKG,PPP,TOT,NATUSD,A,2010,5.141533,
HKG,PPP,TOT,NATUSD,A,2011,5.232639,
HKG,PPP,TOT,NATUSD,A,2012,5.454186,
HKG,PPP,TOT,NATUSD,A,2013,5.547488,
HKG,PPP,TOT,NATUSD,A,2014,5.707185,
HKG,PPP,TOT,NATUSD,A,2015,5.83122,
HKG,PPP,TOT,NATUSD,A,2016,5.931908,
HKG,PPP,TOT,NATUSD,A,2017,6.011433,
HKG,PPP,TOT,NATUSD,A,2018,6.082646,
MDG,PPP,TOT,NATUSD,A,2000,256.183095,
MDG,PPP,TOT,NATUSD,A,2001,268.901967,
MDG,PPP,TOT,NATUSD,A,2002,305.152296,
MDG,PPP,TOT,NATUSD,A,2003,307.871065,
MDG,PPP,TOT,NATUSD,A,2004,342.682618,
MDG,PPP,TOT,NATUSD,A,2005,393.213503,
MDG,PPP,TOT,NATUSD,A,2006,425.439251,
MDG,PPP,TOT,NATUSD,A,2007,527.175242,
MDG,PPP,TOT,NATUSD,A,2008,555.829546,
MDG,PPP,TOT,NATUSD,A,2009,589.84716,
MDG,PPP,TOT,NATUSD,A,2010,642.632653,
MDG,PPP,TOT,NATUSD,A,2011,694.862671,
MDG,PPP,TOT,NATUSD,A,2012,741.047607,
MDG,PPP,TOT,NATUSD,A,2013,776.217163,
MDG,PPP,TOT,NATUSD,A,2014,823.655884,
MDG,PPP,TOT,NATUSD,A,2015,886.092041,
MDG,PPP,TOT,NATUSD,A,2016,940.873291,
MDG,PPP,TOT,NATUSD,A,2017,1013.434631,
MDG,PPP,TOT,NATUSD,A,2018,1064.35146,
MAR,PPP,TOT,NATUSD,A,2000,3.963041,
MAR,PPP,TOT,NATUSD,A,2001,3.903277,
MAR,PPP,TOT,NATUSD,A,2002,3.888936,
MAR,PPP,TOT,NATUSD,A,2003,3.858602,
MAR,PPP,TOT,NATUSD,A,2004,3.803255,
MAR,PPP,TOT,NATUSD,A,2005,3.732276,
MAR,PPP,TOT,NATUSD,A,2006,3.678727,
MAR,PPP,TOT,NATUSD,A,2007,3.711284,
MAR,PPP,TOT,NATUSD,A,2008,3.805403,
MAR,PPP,TOT,NATUSD,A,2009,3.782161,
MAR,PPP,TOT,NATUSD,A,2010,3.775071,
MAR,PPP,TOT,NATUSD,A,2011,3.672276,
MAR,PPP,TOT,NATUSD,A,2012,3.757054,
MAR,PPP,TOT,NATUSD,A,2013,3.8147,
MAR,PPP,TOT,NATUSD,A,2014,3.970819,
MAR,PPP,TOT,NATUSD,A,2015,3.993365,
MAR,PPP,TOT,NATUSD,A,2016,4.017611,
MAR,PPP,TOT,NATUSD,A,2017,4.02344,
MAR,PPP,TOT,NATUSD,A,2018,3.969633,
SGP,PPP,TOT,NATUSD,A,2000,0.937466,
SGP,PPP,TOT,NATUSD,A,2001,0.900684,
SGP,PPP,TOT,NATUSD,A,2002,0.87878,
SGP,PPP,TOT,NATUSD,A,2003,0.847337,
SGP,PPP,TOT,NATUSD,A,2004,0.858735,
SGP,PPP,TOT,NATUSD,A,2005,0.848679,
SGP,PPP,TOT,NATUSD,A,2006,0.838954,
SGP,PPP,TOT,NATUSD,A,2007,0.865344,
SGP,PPP,TOT,NATUSD,A,2008,0.837067,
SGP,PPP,TOT,NATUSD,A,2009,0.855332,
SGP,PPP,TOT,NATUSD,A,2010,0.854802,
SGP,PPP,TOT,NATUSD,A,2011,0.846738,
SGP,PPP,TOT,NATUSD,A,2012,0.845866,
SGP,PPP,TOT,NATUSD,A,2013,0.858802,
SGP,PPP,TOT,NATUSD,A,2014,0.86406,
SGP,PPP,TOT,NATUSD,A,2015,0.879622,
SGP,PPP,TOT,NATUSD,A,2016,0.878245,
SGP,PPP,TOT,NATUSD,A,2017,0.88598,
SGP,PPP,TOT,NATUSD,A,2018,0.881417,
