LOCATION,INDICATOR,SUBJECT,MEASURE,FREQUENCY,TIME,% Insurance of GDP,Flag Codes
AUS,INSURANCEEXP,TOT,PC_GDP,A,1983,1.963,
AUS,INSURANCEEXP,TOT,PC_GDP,A,1984,3.874,
AUS,INSURANCEEXP,TOT,PC_GDP,A,1985,3.767,
AUS,INSURANCEEXP,TOT,PC_GDP,A,1986,1.823,
AUS,INSURANCEEXP,TOT,PC_GDP,A,1987,5.256,
AUS,INSURANCEEXP,TOT,PC_GDP,A,1988,5.505,
AUS,INSURANCEEXP,TOT,PC_GDP,A,1989,5.641,
AUS,INSURANCEEXP,TOT,PC_GDP,A,1990,6.432,
AUS,INSURANCEEXP,TOT,PC_GDP,A,1991,6.095,
AUS,INSURANCEEXP,TOT,PC_GDP,A,1992,5.65,
AUS,INSURANCEEXP,TOT,PC_GDP,A,1993,8.269,
AUS,INSURANCEEXP,TOT,PC_GDP,A,1994,3.242,
AUS,INSURANCEEXP,TOT,PC_GDP,A,1995,3.148,
AUS,INSURANCEEXP,TOT,PC_GDP,A,1996,7.1,
AUS,INSURANCEEXP,TOT,PC_GDP,A,1997,8.381,
AUS,INSURANCEEXP,TOT,PC_GDP,A,1998,8.633,
AUS,INSURANCEEXP,TOT,PC_GDP,A,1999,8.761,
AUS,INSURANCEEXP,TOT,PC_GDP,A,2000,7.953,
AUS,INSURANCEEXP,TOT,PC_GDP,A,2001,7.522,
AUS,INSURANCEEXP,TOT,PC_GDP,A,2002,7.092,
AUS,INSURANCEEXP,TOT,PC_GDP,A,2003,6.288,
AUS,INSURANCEEXP,TOT,PC_GDP,A,2004,6.24,
AUS,INSURANCEEXP,TOT,PC_GDP,A,2005,5.842,
AUS,INSURANCEEXP,TOT,PC_GDP,A,2006,5.632,
AUS,INSURANCEEXP,TOT,PC_GDP,A,2007,6.137,
AUS,INSURANCEEXP,TOT,PC_GDP,A,2008,5.601,
AUS,INSURANCEEXP,TOT,PC_GDP,A,2009,5.162,
AUS,INSURANCEEXP,TOT,PC_GDP,A,2010,4.95,
AUS,INSURANCEEXP,TOT,PC_GDP,A,2011,4.919,
AUS,INSURANCEEXP,TOT,PC_GDP,A,2012,4.798,
AUS,INSURANCEEXP,TOT,PC_GDP,A,2013,5.058,
AUS,INSURANCEEXP,TOT,PC_GDP,A,2014,5.955,
AUS,INSURANCEEXP,TOT,PC_GDP,A,2015,5.619,
AUS,INSURANCEEXP,TOT,PC_GDP,A,2016,4.946,
AUS,INSURANCEEXP,TOT,PC_GDP,A,2017,4.444,
AUS,INSURANCEEXP,TOT,PC_GDP,A,2018,4.126,
AUT,INSURANCEEXP,TOT,PC_GDP,A,1987,4.585,
AUT,INSURANCEEXP,TOT,PC_GDP,A,1988,4.884,
AUT,INSURANCEEXP,TOT,PC_GDP,A,1989,4.84,
AUT,INSURANCEEXP,TOT,PC_GDP,A,1990,4.771,
AUT,INSURANCEEXP,TOT,PC_GDP,A,1991,4.721,
AUT,INSURANCEEXP,TOT,PC_GDP,A,1992,4.808,
AUT,INSURANCEEXP,TOT,PC_GDP,A,1993,5.299,
AUT,INSURANCEEXP,TOT,PC_GDP,A,1994,5.197,
AUT,INSURANCEEXP,TOT,PC_GDP,A,1995,5.351,
AUT,INSURANCEEXP,TOT,PC_GDP,A,1996,6.004,
AUT,INSURANCEEXP,TOT,PC_GDP,A,1997,5.304,
AUT,INSURANCEEXP,TOT,PC_GDP,A,1998,5.29,
AUT,INSURANCEEXP,TOT,PC_GDP,A,1999,5.442,
AUT,INSURANCEEXP,TOT,PC_GDP,A,2000,5.447,
AUT,INSURANCEEXP,TOT,PC_GDP,A,2001,5.602,
AUT,INSURANCEEXP,TOT,PC_GDP,A,2002,5.504,
AUT,INSURANCEEXP,TOT,PC_GDP,A,2003,5.633,
AUT,INSURANCEEXP,TOT,PC_GDP,A,2004,5.563,
AUT,INSURANCEEXP,TOT,PC_GDP,A,2005,5.463,
AUT,INSURANCEEXP,TOT,PC_GDP,A,2006,5.327,
AUT,INSURANCEEXP,TOT,PC_GDP,A,2007,5.069,
AUT,INSURANCEEXP,TOT,PC_GDP,A,2008,5.486,
AUT,INSURANCEEXP,TOT,PC_GDP,A,2009,5.676,
AUT,INSURANCEEXP,TOT,PC_GDP,A,2010,5.628,
AUT,INSURANCEEXP,TOT,PC_GDP,A,2011,5.332,
AUT,INSURANCEEXP,TOT,PC_GDP,A,2012,5.128,
AUT,INSURANCEEXP,TOT,PC_GDP,A,2013,5.128,
AUT,INSURANCEEXP,TOT,PC_GDP,A,2014,5.128,
AUT,INSURANCEEXP,TOT,PC_GDP,A,2015,5.032,
AUT,INSURANCEEXP,TOT,PC_GDP,A,2016,4.735,
AUT,INSURANCEEXP,TOT,PC_GDP,A,2017,4.585,
AUT,INSURANCEEXP,TOT,PC_GDP,A,2018,4.456,
BEL,INSURANCEEXP,TOT,PC_GDP,A,1983,4.095,
BEL,INSURANCEEXP,TOT,PC_GDP,A,1984,4.062,
BEL,INSURANCEEXP,TOT,PC_GDP,A,1985,4.046,
BEL,INSURANCEEXP,TOT,PC_GDP,A,1986,4.225,
BEL,INSURANCEEXP,TOT,PC_GDP,A,1987,4.463,
BEL,INSURANCEEXP,TOT,PC_GDP,A,1988,4.463,
BEL,INSURANCEEXP,TOT,PC_GDP,A,1989,4.452,
BEL,INSURANCEEXP,TOT,PC_GDP,A,1990,4.485,
BEL,INSURANCEEXP,TOT,PC_GDP,A,1991,4.609,
BEL,INSURANCEEXP,TOT,PC_GDP,A,1992,4.765,
BEL,INSURANCEEXP,TOT,PC_GDP,A,1993,4.951,
BEL,INSURANCEEXP,TOT,PC_GDP,A,1994,4.965,
BEL,INSURANCEEXP,TOT,PC_GDP,A,1995,5.132,
BEL,INSURANCEEXP,TOT,PC_GDP,A,1996,5.441,
BEL,INSURANCEEXP,TOT,PC_GDP,A,1997,5.609,
BEL,INSURANCEEXP,TOT,PC_GDP,A,1998,6.357,
BEL,INSURANCEEXP,TOT,PC_GDP,A,1999,6.916,
BEL,INSURANCEEXP,TOT,PC_GDP,A,2000,7.538,
BEL,INSURANCEEXP,TOT,PC_GDP,A,2001,7.63,
BEL,INSURANCEEXP,TOT,PC_GDP,A,2002,8.02,
BEL,INSURANCEEXP,TOT,PC_GDP,A,2003,8.986,
BEL,INSURANCEEXP,TOT,PC_GDP,A,2004,9.407,
BEL,INSURANCEEXP,TOT,PC_GDP,A,2005,10.784,
BEL,INSURANCEEXP,TOT,PC_GDP,A,2006,8.919,
BEL,INSURANCEEXP,TOT,PC_GDP,A,2007,9.034,
BEL,INSURANCEEXP,TOT,PC_GDP,A,2008,8.153,
BEL,INSURANCEEXP,TOT,PC_GDP,A,2009,8.072,
BEL,INSURANCEEXP,TOT,PC_GDP,A,2010,7.911,
BEL,INSURANCEEXP,TOT,PC_GDP,A,2011,7.57,
BEL,INSURANCEEXP,TOT,PC_GDP,A,2012,8.224,
BEL,INSURANCEEXP,TOT,PC_GDP,A,2013,6.959,
BEL,INSURANCEEXP,TOT,PC_GDP,A,2014,6.909,
BEL,INSURANCEEXP,TOT,PC_GDP,A,2015,6.449,
BEL,INSURANCEEXP,TOT,PC_GDP,A,2016,6.205,
BEL,INSURANCEEXP,TOT,PC_GDP,A,2017,5.973,
BEL,INSURANCEEXP,TOT,PC_GDP,A,2018,6.094,
CAN,INSURANCEEXP,TOT,PC_GDP,A,1984,4.805,
CAN,INSURANCEEXP,TOT,PC_GDP,A,1985,5.156,
CAN,INSURANCEEXP,TOT,PC_GDP,A,1986,5.58,
CAN,INSURANCEEXP,TOT,PC_GDP,A,1987,5.697,
CAN,INSURANCEEXP,TOT,PC_GDP,A,1988,4.784,
CAN,INSURANCEEXP,TOT,PC_GDP,A,1989,4.774,
CAN,INSURANCEEXP,TOT,PC_GDP,A,1990,4.706,
CAN,INSURANCEEXP,TOT,PC_GDP,A,1991,5.178,
CAN,INSURANCEEXP,TOT,PC_GDP,A,1992,4.839,
CAN,INSURANCEEXP,TOT,PC_GDP,A,1993,4.35,
CAN,INSURANCEEXP,TOT,PC_GDP,A,1994,4.451,
CAN,INSURANCEEXP,TOT,PC_GDP,A,1995,4.53,
CAN,INSURANCEEXP,TOT,PC_GDP,A,1996,4.307,
CAN,INSURANCEEXP,TOT,PC_GDP,A,1997,4.109,
CAN,INSURANCEEXP,TOT,PC_GDP,A,1998,3.964,
CAN,INSURANCEEXP,TOT,PC_GDP,A,1999,6.432,
CAN,INSURANCEEXP,TOT,PC_GDP,A,2000,6.656,
CAN,INSURANCEEXP,TOT,PC_GDP,A,2001,6.739,
CAN,INSURANCEEXP,TOT,PC_GDP,A,2002,7.026,
CAN,INSURANCEEXP,TOT,PC_GDP,A,2003,7.327,
CAN,INSURANCEEXP,TOT,PC_GDP,A,2004,7.466,
CAN,INSURANCEEXP,TOT,PC_GDP,A,2005,7.392,
CAN,INSURANCEEXP,TOT,PC_GDP,A,2006,7.424,
CAN,INSURANCEEXP,TOT,PC_GDP,A,2007,7.633,
CAN,INSURANCEEXP,TOT,PC_GDP,A,2008,6.577,
CAN,INSURANCEEXP,TOT,PC_GDP,A,2009,5.009,
CAN,INSURANCEEXP,TOT,PC_GDP,A,2010,4.894,
CAN,INSURANCEEXP,TOT,PC_GDP,A,2011,4.813,
CAN,INSURANCEEXP,TOT,PC_GDP,A,2012,4.858,
CAN,INSURANCEEXP,TOT,PC_GDP,A,2013,4.816,
CAN,INSURANCEEXP,TOT,PC_GDP,A,2014,4.249,
CAN,INSURANCEEXP,TOT,PC_GDP,A,2015,4.424,
CAN,INSURANCEEXP,TOT,PC_GDP,A,2016,4.527,
CAN,INSURANCEEXP,TOT,PC_GDP,A,2017,4.448,
CAN,INSURANCEEXP,TOT,PC_GDP,A,2018,4.496,
CZE,INSURANCEEXP,TOT,PC_GDP,A,1993,2.119,
CZE,INSURANCEEXP,TOT,PC_GDP,A,1994,2.362,
CZE,INSURANCEEXP,TOT,PC_GDP,A,1995,2.267,
CZE,INSURANCEEXP,TOT,PC_GDP,A,1996,2.469,
CZE,INSURANCEEXP,TOT,PC_GDP,A,1997,2.659,
CZE,INSURANCEEXP,TOT,PC_GDP,A,1998,2.803,
CZE,INSURANCEEXP,TOT,PC_GDP,A,1999,3.065,
CZE,INSURANCEEXP,TOT,PC_GDP,A,2000,2.973,
CZE,INSURANCEEXP,TOT,PC_GDP,A,2001,3.128,
CZE,INSURANCEEXP,TOT,PC_GDP,A,2002,3.364,
CZE,INSURANCEEXP,TOT,PC_GDP,A,2003,3.744,
CZE,INSURANCEEXP,TOT,PC_GDP,A,2004,3.652,
CZE,INSURANCEEXP,TOT,PC_GDP,A,2005,3.566,
CZE,INSURANCEEXP,TOT,PC_GDP,A,2006,3.46,
CZE,INSURANCEEXP,TOT,PC_GDP,A,2007,3.443,
CZE,INSURANCEEXP,TOT,PC_GDP,A,2008,3.454,
CZE,INSURANCEEXP,TOT,PC_GDP,A,2009,3.635,
CZE,INSURANCEEXP,TOT,PC_GDP,A,2010,3.881,
CZE,INSURANCEEXP,TOT,PC_GDP,A,2011,3.78,
CZE,INSURANCEEXP,TOT,PC_GDP,A,2012,3.712,
CZE,INSURANCEEXP,TOT,PC_GDP,A,2013,3.75,
CZE,INSURANCEEXP,TOT,PC_GDP,A,2014,3.601,
CZE,INSURANCEEXP,TOT,PC_GDP,A,2015,3.238,
CZE,INSURANCEEXP,TOT,PC_GDP,A,2016,3.002,
CZE,INSURANCEEXP,TOT,PC_GDP,A,2017,2.891,
CZE,INSURANCEEXP,TOT,PC_GDP,A,2018,2.819,
DNK,INSURANCEEXP,TOT,PC_GDP,A,1983,3.216,
DNK,INSURANCEEXP,TOT,PC_GDP,A,1984,3.635,
DNK,INSURANCEEXP,TOT,PC_GDP,A,1985,4.274,
DNK,INSURANCEEXP,TOT,PC_GDP,A,1986,4.03,
DNK,INSURANCEEXP,TOT,PC_GDP,A,1987,4.097,
DNK,INSURANCEEXP,TOT,PC_GDP,A,1988,4.449,
DNK,INSURANCEEXP,TOT,PC_GDP,A,1989,4.287,
DNK,INSURANCEEXP,TOT,PC_GDP,A,1990,4.354,
DNK,INSURANCEEXP,TOT,PC_GDP,A,1991,4.358,
DNK,INSURANCEEXP,TOT,PC_GDP,A,1992,4.571,
DNK,INSURANCEEXP,TOT,PC_GDP,A,1993,5.104,
DNK,INSURANCEEXP,TOT,PC_GDP,A,1994,5.478,
DNK,INSURANCEEXP,TOT,PC_GDP,A,1995,5.619,
DNK,INSURANCEEXP,TOT,PC_GDP,A,1996,6.099,
DNK,INSURANCEEXP,TOT,PC_GDP,A,1997,6.332,
DNK,INSURANCEEXP,TOT,PC_GDP,A,1998,6.849,
DNK,INSURANCEEXP,TOT,PC_GDP,A,1999,6.36,
DNK,INSURANCEEXP,TOT,PC_GDP,A,2000,6.157,
DNK,INSURANCEEXP,TOT,PC_GDP,A,2001,6.636,
DNK,INSURANCEEXP,TOT,PC_GDP,A,2002,7.552,
DNK,INSURANCEEXP,TOT,PC_GDP,A,2003,6.775,
DNK,INSURANCEEXP,TOT,PC_GDP,A,2004,6.815,
DNK,INSURANCEEXP,TOT,PC_GDP,A,2005,7.862,
DNK,INSURANCEEXP,TOT,PC_GDP,A,2006,8.216,
DNK,INSURANCEEXP,TOT,PC_GDP,A,2007,8.853,
DNK,INSURANCEEXP,TOT,PC_GDP,A,2008,9.163,
DNK,INSURANCEEXP,TOT,PC_GDP,A,2011,9.811,
DNK,INSURANCEEXP,TOT,PC_GDP,A,2012,9.934,
DNK,INSURANCEEXP,TOT,PC_GDP,A,2013,9.914,
DNK,INSURANCEEXP,TOT,PC_GDP,A,2014,10.431,
DNK,INSURANCEEXP,TOT,PC_GDP,A,2015,10.49,
DNK,INSURANCEEXP,TOT,PC_GDP,A,2016,10.386,
DNK,INSURANCEEXP,TOT,PC_GDP,A,2017,11.021,
DNK,INSURANCEEXP,TOT,PC_GDP,A,2018,11.12,
FIN,INSURANCEEXP,TOT,PC_GDP,A,1983,4.51,
FIN,INSURANCEEXP,TOT,PC_GDP,A,1984,4.42,
FIN,INSURANCEEXP,TOT,PC_GDP,A,1985,4.708,
FIN,INSURANCEEXP,TOT,PC_GDP,A,1986,5.005,
FIN,INSURANCEEXP,TOT,PC_GDP,A,1987,5.323,
FIN,INSURANCEEXP,TOT,PC_GDP,A,1988,5.504,
FIN,INSURANCEEXP,TOT,PC_GDP,A,1989,5.686,
FIN,INSURANCEEXP,TOT,PC_GDP,A,1990,6.431,
FIN,INSURANCEEXP,TOT,PC_GDP,A,1991,6.888,
FIN,INSURANCEEXP,TOT,PC_GDP,A,1992,6.406,
FIN,INSURANCEEXP,TOT,PC_GDP,A,1993,2.752,
FIN,INSURANCEEXP,TOT,PC_GDP,A,1994,2.891,
FIN,INSURANCEEXP,TOT,PC_GDP,A,1995,3.225,
FIN,INSURANCEEXP,TOT,PC_GDP,A,1996,3.93,
FIN,INSURANCEEXP,TOT,PC_GDP,A,1997,3.607,
FIN,INSURANCEEXP,TOT,PC_GDP,A,1998,3.867,
FIN,INSURANCEEXP,TOT,PC_GDP,A,1999,4.392,
FIN,INSURANCEEXP,TOT,PC_GDP,A,2000,4.817,
FIN,INSURANCEEXP,TOT,PC_GDP,A,2001,4.028,
FIN,INSURANCEEXP,TOT,PC_GDP,A,2002,3.979,
FIN,INSURANCEEXP,TOT,PC_GDP,A,2003,3.637,
FIN,INSURANCEEXP,TOT,PC_GDP,A,2004,3.586,
FIN,INSURANCEEXP,TOT,PC_GDP,A,2005,3.749,
FIN,INSURANCEEXP,TOT,PC_GDP,A,2006,3.521,
FIN,INSURANCEEXP,TOT,PC_GDP,A,2007,3.162,
FIN,INSURANCEEXP,TOT,PC_GDP,A,2008,3.124,
FIN,INSURANCEEXP,TOT,PC_GDP,A,2009,3.677,
FIN,INSURANCEEXP,TOT,PC_GDP,A,2010,4.593,
FIN,INSURANCEEXP,TOT,PC_GDP,A,2011,3.607,
FIN,INSURANCEEXP,TOT,PC_GDP,A,2012,3.553,
FIN,INSURANCEEXP,TOT,PC_GDP,A,2013,4.741,
FIN,INSURANCEEXP,TOT,PC_GDP,A,2014,5.068,
FIN,INSURANCEEXP,TOT,PC_GDP,A,2015,5.013,
FIN,INSURANCEEXP,TOT,PC_GDP,A,2016,4.096,
FIN,INSURANCEEXP,TOT,PC_GDP,A,2017,3.889,
FIN,INSURANCEEXP,TOT,PC_GDP,A,2018,1.862,
FRA,INSURANCEEXP,TOT,PC_GDP,A,1983,3.831,
FRA,INSURANCEEXP,TOT,PC_GDP,A,1984,4.012,
FRA,INSURANCEEXP,TOT,PC_GDP,A,1985,4.224,
FRA,INSURANCEEXP,TOT,PC_GDP,A,1986,4.48,
FRA,INSURANCEEXP,TOT,PC_GDP,A,1987,4.835,
FRA,INSURANCEEXP,TOT,PC_GDP,A,1988,5.308,
FRA,INSURANCEEXP,TOT,PC_GDP,A,1989,5.719,
FRA,INSURANCEEXP,TOT,PC_GDP,A,1990,5.686,
FRA,INSURANCEEXP,TOT,PC_GDP,A,1991,6.011,
FRA,INSURANCEEXP,TOT,PC_GDP,A,1992,6.435,
FRA,INSURANCEEXP,TOT,PC_GDP,A,1993,7.392,
FRA,INSURANCEEXP,TOT,PC_GDP,A,1994,8.065,
FRA,INSURANCEEXP,TOT,PC_GDP,A,1995,8.381,
FRA,INSURANCEEXP,TOT,PC_GDP,A,1996,8.876,
FRA,INSURANCEEXP,TOT,PC_GDP,A,1997,9.195,
FRA,INSURANCEEXP,TOT,PC_GDP,A,1998,7.787,
FRA,INSURANCEEXP,TOT,PC_GDP,A,1999,8.302,
FRA,INSURANCEEXP,TOT,PC_GDP,A,2000,8.791,
FRA,INSURANCEEXP,TOT,PC_GDP,A,2001,8.261,
FRA,INSURANCEEXP,TOT,PC_GDP,A,2002,8.242,
FRA,INSURANCEEXP,TOT,PC_GDP,A,2003,8.65,
FRA,INSURANCEEXP,TOT,PC_GDP,A,2004,9.223,
FRA,INSURANCEEXP,TOT,PC_GDP,A,2005,9.889,
FRA,INSURANCEEXP,TOT,PC_GDP,A,2006,12.128,
FRA,INSURANCEEXP,TOT,PC_GDP,A,2007,11.056,
FRA,INSURANCEEXP,TOT,PC_GDP,A,2008,9.125,
FRA,INSURANCEEXP,TOT,PC_GDP,A,2009,10.263,
FRA,INSURANCEEXP,TOT,PC_GDP,A,2010,10.237,
FRA,INSURANCEEXP,TOT,PC_GDP,A,2011,9.215,
FRA,INSURANCEEXP,TOT,PC_GDP,A,2012,8.608,
FRA,INSURANCEEXP,TOT,PC_GDP,A,2013,8.819,
FRA,INSURANCEEXP,TOT,PC_GDP,A,2014,9.215,
FRA,INSURANCEEXP,TOT,PC_GDP,A,2015,9.368,
FRA,INSURANCEEXP,TOT,PC_GDP,A,2016,10.709,
FRA,INSURANCEEXP,TOT,PC_GDP,A,2017,10.587,
FRA,INSURANCEEXP,TOT,PC_GDP,A,2018,10.641,
DEU,INSURANCEEXP,TOT,PC_GDP,A,1983,2.976,
DEU,INSURANCEEXP,TOT,PC_GDP,A,1984,3.026,
DEU,INSURANCEEXP,TOT,PC_GDP,A,1985,3.084,
DEU,INSURANCEEXP,TOT,PC_GDP,A,1986,3.035,
DEU,INSURANCEEXP,TOT,PC_GDP,A,1987,5.254,
DEU,INSURANCEEXP,TOT,PC_GDP,A,1988,5.384,
DEU,INSURANCEEXP,TOT,PC_GDP,A,1989,5.347,
DEU,INSURANCEEXP,TOT,PC_GDP,A,1990,5.184,
DEU,INSURANCEEXP,TOT,PC_GDP,A,1991,5.494,
DEU,INSURANCEEXP,TOT,PC_GDP,A,1992,5.577,
DEU,INSURANCEEXP,TOT,PC_GDP,A,1993,5.976,
DEU,INSURANCEEXP,TOT,PC_GDP,A,1994,6.151,
DEU,INSURANCEEXP,TOT,PC_GDP,A,1995,6.263,
DEU,INSURANCEEXP,TOT,PC_GDP,A,1996,6.386,
DEU,INSURANCEEXP,TOT,PC_GDP,A,1997,6.424,
DEU,INSURANCEEXP,TOT,PC_GDP,A,1998,6.365,
DEU,INSURANCEEXP,TOT,PC_GDP,A,1999,6.577,
DEU,INSURANCEEXP,TOT,PC_GDP,A,2000,6.444,
DEU,INSURANCEEXP,TOT,PC_GDP,A,2001,6.36,
DEU,INSURANCEEXP,TOT,PC_GDP,A,2002,6.662,
DEU,INSURANCEEXP,TOT,PC_GDP,A,2003,6.94,
DEU,INSURANCEEXP,TOT,PC_GDP,A,2004,6.971,
DEU,INSURANCEEXP,TOT,PC_GDP,A,2005,7.114,
DEU,INSURANCEEXP,TOT,PC_GDP,A,2006,6.749,
DEU,INSURANCEEXP,TOT,PC_GDP,A,2007,6.502,
DEU,INSURANCEEXP,TOT,PC_GDP,A,2008,6.425,
DEU,INSURANCEEXP,TOT,PC_GDP,A,2012,6.589,
DEU,INSURANCEEXP,TOT,PC_GDP,A,2013,6.721,
DEU,INSURANCEEXP,TOT,PC_GDP,A,2014,6.519,
DEU,INSURANCEEXP,TOT,PC_GDP,A,2015,6.309,
DEU,INSURANCEEXP,TOT,PC_GDP,A,2016,6.177,
DEU,INSURANCEEXP,TOT,PC_GDP,A,2017,6.399,
DEU,INSURANCEEXP,TOT,PC_GDP,A,2018,6.399,
GRC,INSURANCEEXP,TOT,PC_GDP,A,1992,1.399,
GRC,INSURANCEEXP,TOT,PC_GDP,A,1993,1.532,
GRC,INSURANCEEXP,TOT,PC_GDP,A,1994,1.556,
GRC,INSURANCEEXP,TOT,PC_GDP,A,1995,1.568,
GRC,INSURANCEEXP,TOT,PC_GDP,A,1996,1.678,
GRC,INSURANCEEXP,TOT,PC_GDP,A,1997,1.695,
GRC,INSURANCEEXP,TOT,PC_GDP,A,1998,1.784,
GRC,INSURANCEEXP,TOT,PC_GDP,A,1999,2.09,
GRC,INSURANCEEXP,TOT,PC_GDP,A,2000,1.801,
GRC,INSURANCEEXP,TOT,PC_GDP,A,2001,1.727,
GRC,INSURANCEEXP,TOT,PC_GDP,A,2002,1.765,
GRC,INSURANCEEXP,TOT,PC_GDP,A,2003,1.816,
GRC,INSURANCEEXP,TOT,PC_GDP,A,2004,1.864,
GRC,INSURANCEEXP,TOT,PC_GDP,A,2005,1.932,
GRC,INSURANCEEXP,TOT,PC_GDP,A,2006,2.163,
GRC,INSURANCEEXP,TOT,PC_GDP,A,2007,2.201,
GRC,INSURANCEEXP,TOT,PC_GDP,A,2008,2.154,
GRC,INSURANCEEXP,TOT,PC_GDP,A,2010,2.294,
GRC,INSURANCEEXP,TOT,PC_GDP,A,2011,2.352,
GRC,INSURANCEEXP,TOT,PC_GDP,A,2012,2.306,
GRC,INSURANCEEXP,TOT,PC_GDP,A,2013,2.202,
GRC,INSURANCEEXP,TOT,PC_GDP,A,2014,2.105,
GRC,INSURANCEEXP,TOT,PC_GDP,A,2015,1.994,
GRC,INSURANCEEXP,TOT,PC_GDP,A,2016,1.981,
GRC,INSURANCEEXP,TOT,PC_GDP,A,2017,2.05,
GRC,INSURANCEEXP,TOT,PC_GDP,A,2018,2.038,
HUN,INSURANCEEXP,TOT,PC_GDP,A,1991,2.353,
HUN,INSURANCEEXP,TOT,PC_GDP,A,1992,1.944,
HUN,INSURANCEEXP,TOT,PC_GDP,A,1993,2.044,
HUN,INSURANCEEXP,TOT,PC_GDP,A,1994,2.106,
HUN,INSURANCEEXP,TOT,PC_GDP,A,1995,2.095,
HUN,INSURANCEEXP,TOT,PC_GDP,A,1996,2.208,
HUN,INSURANCEEXP,TOT,PC_GDP,A,1997,2.305,
HUN,INSURANCEEXP,TOT,PC_GDP,A,1998,2.425,
HUN,INSURANCEEXP,TOT,PC_GDP,A,1999,2.503,
HUN,INSURANCEEXP,TOT,PC_GDP,A,2000,2.827,
HUN,INSURANCEEXP,TOT,PC_GDP,A,2001,2.729,
HUN,INSURANCEEXP,TOT,PC_GDP,A,2002,2.851,
HUN,INSURANCEEXP,TOT,PC_GDP,A,2003,2.923,
HUN,INSURANCEEXP,TOT,PC_GDP,A,2004,2.842,
HUN,INSURANCEEXP,TOT,PC_GDP,A,2005,3.045,
HUN,INSURANCEEXP,TOT,PC_GDP,A,2006,3.351,
HUN,INSURANCEEXP,TOT,PC_GDP,A,2007,3.607,
HUN,INSURANCEEXP,TOT,PC_GDP,A,2008,3.235,
HUN,INSURANCEEXP,TOT,PC_GDP,A,2009,3.105,
HUN,INSURANCEEXP,TOT,PC_GDP,A,2010,3.073,
HUN,INSURANCEEXP,TOT,PC_GDP,A,2011,2.853,
HUN,INSURANCEEXP,TOT,PC_GDP,A,2012,2.608,
HUN,INSURANCEEXP,TOT,PC_GDP,A,2013,2.609,
HUN,INSURANCEEXP,TOT,PC_GDP,A,2014,2.528,
HUN,INSURANCEEXP,TOT,PC_GDP,A,2015,2.377,
HUN,INSURANCEEXP,TOT,PC_GDP,A,2016,2.443,
HUN,INSURANCEEXP,TOT,PC_GDP,A,2017,2.425,
HUN,INSURANCEEXP,TOT,PC_GDP,A,2018,2.359,
ISL,INSURANCEEXP,TOT,PC_GDP,A,1983,2.456,
ISL,INSURANCEEXP,TOT,PC_GDP,A,1984,2.472,
ISL,INSURANCEEXP,TOT,PC_GDP,A,1985,2.465,
ISL,INSURANCEEXP,TOT,PC_GDP,A,1986,2.34,
ISL,INSURANCEEXP,TOT,PC_GDP,A,1987,2.353,
ISL,INSURANCEEXP,TOT,PC_GDP,A,1988,2.85,
ISL,INSURANCEEXP,TOT,PC_GDP,A,1989,2.882,
ISL,INSURANCEEXP,TOT,PC_GDP,A,1990,2.935,
ISL,INSURANCEEXP,TOT,PC_GDP,A,1991,3.197,
ISL,INSURANCEEXP,TOT,PC_GDP,A,1992,3.3,
ISL,INSURANCEEXP,TOT,PC_GDP,A,1993,3.159,
ISL,INSURANCEEXP,TOT,PC_GDP,A,1994,3.119,
ISL,INSURANCEEXP,TOT,PC_GDP,A,1995,2.991,
ISL,INSURANCEEXP,TOT,PC_GDP,A,1996,2.847,
ISL,INSURANCEEXP,TOT,PC_GDP,A,1997,2.614,
ISL,INSURANCEEXP,TOT,PC_GDP,A,1998,2.507,
ISL,INSURANCEEXP,TOT,PC_GDP,A,1999,2.637,
ISL,INSURANCEEXP,TOT,PC_GDP,A,2000,2.658,
ISL,INSURANCEEXP,TOT,PC_GDP,A,2001,2.833,
ISL,INSURANCEEXP,TOT,PC_GDP,A,2002,2.877,
ISL,INSURANCEEXP,TOT,PC_GDP,A,2003,3.148,
ISL,INSURANCEEXP,TOT,PC_GDP,A,2004,2.805,
ISL,INSURANCEEXP,TOT,PC_GDP,A,2006,2.713,
ISL,INSURANCEEXP,TOT,PC_GDP,A,2007,2.677,
ISL,INSURANCEEXP,TOT,PC_GDP,A,2008,2.56,
ISL,INSURANCEEXP,TOT,PC_GDP,A,2009,2.086,
ISL,INSURANCEEXP,TOT,PC_GDP,A,2010,2.765,
ISL,INSURANCEEXP,TOT,PC_GDP,A,2011,2.687,
ISL,INSURANCEEXP,TOT,PC_GDP,A,2012,2.678,
ISL,INSURANCEEXP,TOT,PC_GDP,A,2013,2.55,
ISL,INSURANCEEXP,TOT,PC_GDP,A,2014,2.439,
ISL,INSURANCEEXP,TOT,PC_GDP,A,2015,2.356,
ISL,INSURANCEEXP,TOT,PC_GDP,A,2016,2.319,
ISL,INSURANCEEXP,TOT,PC_GDP,A,2017,2.46,
ISL,INSURANCEEXP,TOT,PC_GDP,A,2018,2.474,
IRL,INSURANCEEXP,TOT,PC_GDP,A,1983,7.593,
IRL,INSURANCEEXP,TOT,PC_GDP,A,1984,9.102,
IRL,INSURANCEEXP,TOT,PC_GDP,A,1985,8.412,
IRL,INSURANCEEXP,TOT,PC_GDP,A,1986,8.415,
IRL,INSURANCEEXP,TOT,PC_GDP,A,1987,9.642,
IRL,INSURANCEEXP,TOT,PC_GDP,A,1988,8.666,
IRL,INSURANCEEXP,TOT,PC_GDP,A,1989,9.061,
IRL,INSURANCEEXP,TOT,PC_GDP,A,1990,8.422,
IRL,INSURANCEEXP,TOT,PC_GDP,A,1991,8.612,
IRL,INSURANCEEXP,TOT,PC_GDP,A,1992,7.864,
IRL,INSURANCEEXP,TOT,PC_GDP,A,1993,8.581,
IRL,INSURANCEEXP,TOT,PC_GDP,A,1994,8.819,
IRL,INSURANCEEXP,TOT,PC_GDP,A,1995,8.102,
IRL,INSURANCEEXP,TOT,PC_GDP,A,1996,8.831,
IRL,INSURANCEEXP,TOT,PC_GDP,A,1997,9.465,
IRL,INSURANCEEXP,TOT,PC_GDP,A,1998,11.542,
IRL,INSURANCEEXP,TOT,PC_GDP,A,1999,14.059,
IRL,INSURANCEEXP,TOT,PC_GDP,A,2000,20.102,
IRL,INSURANCEEXP,TOT,PC_GDP,A,2001,13.459,
IRL,INSURANCEEXP,TOT,PC_GDP,A,2003,14.856,
IRL,INSURANCEEXP,TOT,PC_GDP,A,2004,16.838,
IRL,INSURANCEEXP,TOT,PC_GDP,A,2005,18.028,
IRL,INSURANCEEXP,TOT,PC_GDP,A,2006,19.514,
IRL,INSURANCEEXP,TOT,PC_GDP,A,2007,23.041,
IRL,INSURANCEEXP,TOT,PC_GDP,A,2008,18.939,
IRL,INSURANCEEXP,TOT,PC_GDP,A,2009,19.534,
IRL,INSURANCEEXP,TOT,PC_GDP,A,2010,20.133,
IRL,INSURANCEEXP,TOT,PC_GDP,A,2011,18.462,
IRL,INSURANCEEXP,TOT,PC_GDP,A,2012,19.857,
IRL,INSURANCEEXP,TOT,PC_GDP,A,2013,18.643,
IRL,INSURANCEEXP,TOT,PC_GDP,A,2014,19.929,
IRL,INSURANCEEXP,TOT,PC_GDP,A,2015,16.413,
IRL,INSURANCEEXP,TOT,PC_GDP,A,2016,17.622,
IRL,INSURANCEEXP,TOT,PC_GDP,A,2017,14.672,
IRL,INSURANCEEXP,TOT,PC_GDP,A,2018,12.199,
ITA,INSURANCEEXP,TOT,PC_GDP,A,1983,1.843,
ITA,INSURANCEEXP,TOT,PC_GDP,A,1984,1.926,
ITA,INSURANCEEXP,TOT,PC_GDP,A,1985,2.006,
ITA,INSURANCEEXP,TOT,PC_GDP,A,1986,2.131,
ITA,INSURANCEEXP,TOT,PC_GDP,A,1987,2.294,
ITA,INSURANCEEXP,TOT,PC_GDP,A,1988,2.335,
ITA,INSURANCEEXP,TOT,PC_GDP,A,1989,2.42,
ITA,INSURANCEEXP,TOT,PC_GDP,A,1990,2.517,
ITA,INSURANCEEXP,TOT,PC_GDP,A,1991,2.681,
ITA,INSURANCEEXP,TOT,PC_GDP,A,1992,2.907,
ITA,INSURANCEEXP,TOT,PC_GDP,A,1993,3.128,
ITA,INSURANCEEXP,TOT,PC_GDP,A,1994,3.261,
ITA,INSURANCEEXP,TOT,PC_GDP,A,1995,3.37,
ITA,INSURANCEEXP,TOT,PC_GDP,A,1996,3.43,
ITA,INSURANCEEXP,TOT,PC_GDP,A,1997,3.954,
ITA,INSURANCEEXP,TOT,PC_GDP,A,1998,4.699,
ITA,INSURANCEEXP,TOT,PC_GDP,A,1999,5.552,
ITA,INSURANCEEXP,TOT,PC_GDP,A,2000,5.551,
ITA,INSURANCEEXP,TOT,PC_GDP,A,2001,5.931,
ITA,INSURANCEEXP,TOT,PC_GDP,A,2002,6.588,
ITA,INSURANCEEXP,TOT,PC_GDP,A,2003,7.046,
ITA,INSURANCEEXP,TOT,PC_GDP,A,2004,7.09,
ITA,INSURANCEEXP,TOT,PC_GDP,A,2005,7.566,
ITA,INSURANCEEXP,TOT,PC_GDP,A,2006,7.185,
ITA,INSURANCEEXP,TOT,PC_GDP,A,2007,6.416,
ITA,INSURANCEEXP,TOT,PC_GDP,A,2008,5.825,
ITA,INSURANCEEXP,TOT,PC_GDP,A,2009,7.453,
ITA,INSURANCEEXP,TOT,PC_GDP,A,2010,7.788,
ITA,INSURANCEEXP,TOT,PC_GDP,A,2011,6.67,
ITA,INSURANCEEXP,TOT,PC_GDP,A,2012,6.455,
ITA,INSURANCEEXP,TOT,PC_GDP,A,2013,7.346,
ITA,INSURANCEEXP,TOT,PC_GDP,A,2014,8.787,
ITA,INSURANCEEXP,TOT,PC_GDP,A,2015,8.864,
ITA,INSURANCEEXP,TOT,PC_GDP,A,2016,7.902,
ITA,INSURANCEEXP,TOT,PC_GDP,A,2017,7.525,
ITA,INSURANCEEXP,TOT,PC_GDP,A,2018,7.673,
JPN,INSURANCEEXP,TOT,PC_GDP,A,1983,5.476,
JPN,INSURANCEEXP,TOT,PC_GDP,A,1984,5.784,
JPN,INSURANCEEXP,TOT,PC_GDP,A,1985,6.266,
JPN,INSURANCEEXP,TOT,PC_GDP,A,1986,7.055,
JPN,INSURANCEEXP,TOT,PC_GDP,A,1987,7.713,
JPN,INSURANCEEXP,TOT,PC_GDP,A,1988,9.322,
JPN,INSURANCEEXP,TOT,PC_GDP,A,1989,9.197,
JPN,INSURANCEEXP,TOT,PC_GDP,A,1990,8.3,
JPN,INSURANCEEXP,TOT,PC_GDP,A,1991,8.085,
JPN,INSURANCEEXP,TOT,PC_GDP,A,1992,8.181,
JPN,INSURANCEEXP,TOT,PC_GDP,A,1993,8.422,
JPN,INSURANCEEXP,TOT,PC_GDP,A,1994,8.351,
JPN,INSURANCEEXP,TOT,PC_GDP,A,1995,8.351,
JPN,INSURANCEEXP,TOT,PC_GDP,A,1996,8.001,
JPN,INSURANCEEXP,TOT,PC_GDP,A,1997,7.988,
JPN,INSURANCEEXP,TOT,PC_GDP,A,1998,7.682,
JPN,INSURANCEEXP,TOT,PC_GDP,A,1999,7.42,
JPN,INSURANCEEXP,TOT,PC_GDP,A,2000,7.128,
JPN,INSURANCEEXP,TOT,PC_GDP,A,2001,6.758,
JPN,INSURANCEEXP,TOT,PC_GDP,A,2002,6.747,
JPN,INSURANCEEXP,TOT,PC_GDP,A,2003,6.814,
JPN,INSURANCEEXP,TOT,PC_GDP,A,2004,6.672,
JPN,INSURANCEEXP,TOT,PC_GDP,A,2005,6.92,
JPN,INSURANCEEXP,TOT,PC_GDP,A,2006,6.812,
JPN,INSURANCEEXP,TOT,PC_GDP,A,2007,7.32,
JPN,INSURANCEEXP,TOT,PC_GDP,A,2008,8.039,
JPN,INSURANCEEXP,TOT,PC_GDP,A,2009,8.537,
JPN,INSURANCEEXP,TOT,PC_GDP,A,2010,8.382,
JPN,INSURANCEEXP,TOT,PC_GDP,A,2011,8.828,
JPN,INSURANCEEXP,TOT,PC_GDP,A,2012,6.758,
JPN,INSURANCEEXP,TOT,PC_GDP,A,2013,6.395,
JPN,INSURANCEEXP,TOT,PC_GDP,A,2014,6.844,
JPN,INSURANCEEXP,TOT,PC_GDP,A,2015,6.812,
JPN,INSURANCEEXP,TOT,PC_GDP,A,2016,7.731,
JPN,INSURANCEEXP,TOT,PC_GDP,A,2017,7.447,
JPN,INSURANCEEXP,TOT,PC_GDP,A,2018,7.764,
KOR,INSURANCEEXP,TOT,PC_GDP,A,1994,10.225,
KOR,INSURANCEEXP,TOT,PC_GDP,A,1995,11.037,
KOR,INSURANCEEXP,TOT,PC_GDP,A,1996,11.169,
KOR,INSURANCEEXP,TOT,PC_GDP,A,1997,11.683,
KOR,INSURANCEEXP,TOT,PC_GDP,A,1998,13.777,
KOR,INSURANCEEXP,TOT,PC_GDP,A,1999,11.609,
KOR,INSURANCEEXP,TOT,PC_GDP,A,2000,10.746,
KOR,INSURANCEEXP,TOT,PC_GDP,A,2001,9.345,
KOR,INSURANCEEXP,TOT,PC_GDP,A,2002,8.88,
KOR,INSURANCEEXP,TOT,PC_GDP,A,2003,8.511,
KOR,INSURANCEEXP,TOT,PC_GDP,A,2004,8.411,
KOR,INSURANCEEXP,TOT,PC_GDP,A,2005,9.026,
KOR,INSURANCEEXP,TOT,PC_GDP,A,2006,9.551,
KOR,INSURANCEEXP,TOT,PC_GDP,A,2007,9.795,
KOR,INSURANCEEXP,TOT,PC_GDP,A,2008,9.625,
KOR,INSURANCEEXP,TOT,PC_GDP,A,2009,9.743,
KOR,INSURANCEEXP,TOT,PC_GDP,A,2010,9.92,
KOR,INSURANCEEXP,TOT,PC_GDP,A,2011,10.408,
KOR,INSURANCEEXP,TOT,PC_GDP,A,2012,12.135,
KOR,INSURANCEEXP,TOT,PC_GDP,A,2013,11.704,
KOR,INSURANCEEXP,TOT,PC_GDP,A,2014,11.974,
KOR,INSURANCEEXP,TOT,PC_GDP,A,2015,11.894,
KOR,INSURANCEEXP,TOT,PC_GDP,A,2016,11.737,
KOR,INSURANCEEXP,TOT,PC_GDP,A,2017,11.021,
KOR,INSURANCEEXP,TOT,PC_GDP,A,2018,10.513,
LUX,INSURANCEEXP,TOT,PC_GDP,A,1983,2.378,
LUX,INSURANCEEXP,TOT,PC_GDP,A,1984,2.461,
LUX,INSURANCEEXP,TOT,PC_GDP,A,1985,2.596,
LUX,INSURANCEEXP,TOT,PC_GDP,A,1986,2.936,
LUX,INSURANCEEXP,TOT,PC_GDP,A,1987,2.82,
LUX,INSURANCEEXP,TOT,PC_GDP,A,1988,2.99,
LUX,INSURANCEEXP,TOT,PC_GDP,A,1989,3.045,
LUX,INSURANCEEXP,TOT,PC_GDP,A,1990,3.501,
LUX,INSURANCEEXP,TOT,PC_GDP,A,1991,3.669,
LUX,INSURANCEEXP,TOT,PC_GDP,A,1992,3.65,
LUX,INSURANCEEXP,TOT,PC_GDP,A,1993,3.336,
LUX,INSURANCEEXP,TOT,PC_GDP,A,1994,8.975,
LUX,INSURANCEEXP,TOT,PC_GDP,A,1995,20.097,
LUX,INSURANCEEXP,TOT,PC_GDP,A,1996,17.613,
LUX,INSURANCEEXP,TOT,PC_GDP,A,1997,25.917,
LUX,INSURANCEEXP,TOT,PC_GDP,A,1998,28.413,
LUX,INSURANCEEXP,TOT,PC_GDP,A,1999,27.544,
LUX,INSURANCEEXP,TOT,PC_GDP,A,2000,27.216,
LUX,INSURANCEEXP,TOT,PC_GDP,A,2001,25.661,
LUX,INSURANCEEXP,TOT,PC_GDP,A,2002,24.322,
LUX,INSURANCEEXP,TOT,PC_GDP,A,2003,25.391,
LUX,INSURANCEEXP,TOT,PC_GDP,A,2004,28.727,
LUX,INSURANCEEXP,TOT,PC_GDP,A,2005,33.762,
LUX,INSURANCEEXP,TOT,PC_GDP,A,2006,34.541,
LUX,INSURANCEEXP,TOT,PC_GDP,A,2007,30.103,
LUX,INSURANCEEXP,TOT,PC_GDP,A,2008,28.425,
LUX,INSURANCEEXP,TOT,PC_GDP,A,2009,44.853,
LUX,INSURANCEEXP,TOT,PC_GDP,A,2010,51.204,
LUX,INSURANCEEXP,TOT,PC_GDP,A,2011,31.316,
LUX,INSURANCEEXP,TOT,PC_GDP,A,2012,43.829,
LUX,INSURANCEEXP,TOT,PC_GDP,A,2013,39.624,
LUX,INSURANCEEXP,TOT,PC_GDP,A,2014,43.203,
LUX,INSURANCEEXP,TOT,PC_GDP,A,2015,36.553,
LUX,INSURANCEEXP,TOT,PC_GDP,A,2016,33.292,
LUX,INSURANCEEXP,TOT,PC_GDP,A,2017,37.793,
LUX,INSURANCEEXP,TOT,PC_GDP,A,2018,34.521,
MEX,INSURANCEEXP,TOT,PC_GDP,A,1992,1.352,
MEX,INSURANCEEXP,TOT,PC_GDP,A,1993,1.432,
MEX,INSURANCEEXP,TOT,PC_GDP,A,1994,1.445,
MEX,INSURANCEEXP,TOT,PC_GDP,A,1995,1.296,
MEX,INSURANCEEXP,TOT,PC_GDP,A,1996,1.222,
MEX,INSURANCEEXP,TOT,PC_GDP,A,1997,1.254,
MEX,INSURANCEEXP,TOT,PC_GDP,A,1998,1.502,
MEX,INSURANCEEXP,TOT,PC_GDP,A,1999,1.709,
MEX,INSURANCEEXP,TOT,PC_GDP,A,2000,1.692,
MEX,INSURANCEEXP,TOT,PC_GDP,A,2001,1.488,
MEX,INSURANCEEXP,TOT,PC_GDP,A,2002,1.673,
MEX,INSURANCEEXP,TOT,PC_GDP,A,2003,1.497,
MEX,INSURANCEEXP,TOT,PC_GDP,A,2004,1.564,
MEX,INSURANCEEXP,TOT,PC_GDP,A,2005,1.447,
MEX,INSURANCEEXP,TOT,PC_GDP,A,2006,1.539,
MEX,INSURANCEEXP,TOT,PC_GDP,A,2007,1.654,
MEX,INSURANCEEXP,TOT,PC_GDP,A,2008,1.67,
MEX,INSURANCEEXP,TOT,PC_GDP,A,2009,1.915,
MEX,INSURANCEEXP,TOT,PC_GDP,A,2010,1.818,
MEX,INSURANCEEXP,TOT,PC_GDP,A,2011,1.883,
MEX,INSURANCEEXP,TOT,PC_GDP,A,2012,1.929,
MEX,INSURANCEEXP,TOT,PC_GDP,A,2013,2.097,
MEX,INSURANCEEXP,TOT,PC_GDP,A,2014,2.043,
MEX,INSURANCEEXP,TOT,PC_GDP,A,2015,2.094,
MEX,INSURANCEEXP,TOT,PC_GDP,A,2016,2.204,
MEX,INSURANCEEXP,TOT,PC_GDP,A,2017,2.255,
MEX,INSURANCEEXP,TOT,PC_GDP,A,2018,2.276,
NLD,INSURANCEEXP,TOT,PC_GDP,A,1990,3.502,
NLD,INSURANCEEXP,TOT,PC_GDP,A,1991,3.139,
NLD,INSURANCEEXP,TOT,PC_GDP,A,1992,3.525,
NLD,INSURANCEEXP,TOT,PC_GDP,A,1993,3.8,
NLD,INSURANCEEXP,TOT,PC_GDP,A,1994,4.039,
NLD,INSURANCEEXP,TOT,PC_GDP,A,1995,8.421,
NLD,INSURANCEEXP,TOT,PC_GDP,A,1996,8.653,
NLD,INSURANCEEXP,TOT,PC_GDP,A,1997,8.787,
NLD,INSURANCEEXP,TOT,PC_GDP,A,1998,9.227,
NLD,INSURANCEEXP,TOT,PC_GDP,A,1999,9.291,
NLD,INSURANCEEXP,TOT,PC_GDP,A,2000,8.915,
NLD,INSURANCEEXP,TOT,PC_GDP,A,2001,9.021,
NLD,INSURANCEEXP,TOT,PC_GDP,A,2002,8.676,
NLD,INSURANCEEXP,TOT,PC_GDP,A,2003,8.917,
NLD,INSURANCEEXP,TOT,PC_GDP,A,2004,9.105,
NLD,INSURANCEEXP,TOT,PC_GDP,A,2005,8.748,
NLD,INSURANCEEXP,TOT,PC_GDP,A,2006,7.802,
NLD,INSURANCEEXP,TOT,PC_GDP,A,2007,7.616,
NLD,INSURANCEEXP,TOT,PC_GDP,A,2008,7.447,
NLD,INSURANCEEXP,TOT,PC_GDP,A,2009,7.19,
NLD,INSURANCEEXP,TOT,PC_GDP,A,2010,5.752,
NLD,INSURANCEEXP,TOT,PC_GDP,A,2011,6.431,
NLD,INSURANCEEXP,TOT,PC_GDP,A,2012,6.028,
NLD,INSURANCEEXP,TOT,PC_GDP,A,2013,5.743,
NLD,INSURANCEEXP,TOT,PC_GDP,A,2014,5.368,
NLD,INSURANCEEXP,TOT,PC_GDP,A,2015,4.804,
NLD,INSURANCEEXP,TOT,PC_GDP,A,2016,9.815,
NLD,INSURANCEEXP,TOT,PC_GDP,A,2017,9.476,
NLD,INSURANCEEXP,TOT,PC_GDP,A,2018,9.342,
NZL,INSURANCEEXP,TOT,PC_GDP,A,1988,2.028,
NZL,INSURANCEEXP,TOT,PC_GDP,A,1989,4.188,
NZL,INSURANCEEXP,TOT,PC_GDP,A,1990,4.014,
NZL,INSURANCEEXP,TOT,PC_GDP,A,1991,3.648,
NZL,INSURANCEEXP,TOT,PC_GDP,A,1992,1.542,
NZL,INSURANCEEXP,TOT,PC_GDP,A,1993,1.442,
NZL,INSURANCEEXP,TOT,PC_GDP,A,1994,1.411,
NZL,INSURANCEEXP,TOT,PC_GDP,A,1995,1.075,
NZL,INSURANCEEXP,TOT,PC_GDP,A,1996,2.424,
NZL,INSURANCEEXP,TOT,PC_GDP,A,1997,2.464,
NZL,INSURANCEEXP,TOT,PC_GDP,A,1998,2.398,
NZL,INSURANCEEXP,TOT,PC_GDP,A,2000,2.455,
NZL,INSURANCEEXP,TOT,PC_GDP,A,2001,2.304,
NZL,INSURANCEEXP,TOT,PC_GDP,A,2003,2.071,
NZL,INSURANCEEXP,TOT,PC_GDP,A,2004,2.525,
NZL,INSURANCEEXP,TOT,PC_GDP,A,2005,2.629,
NZL,INSURANCEEXP,TOT,PC_GDP,A,2006,2.561,
NZL,INSURANCEEXP,TOT,PC_GDP,A,2007,2.367,
NZL,INSURANCEEXP,TOT,PC_GDP,A,2008,2.309,
NZL,INSURANCEEXP,TOT,PC_GDP,A,2009,2.378,
NZL,INSURANCEEXP,TOT,PC_GDP,A,2010,2.264,
NZL,INSURANCEEXP,TOT,PC_GDP,A,2012,2.571,
NZL,INSURANCEEXP,TOT,PC_GDP,A,2013,2.677,
NZL,INSURANCEEXP,TOT,PC_GDP,A,2014,2.651,
NZL,INSURANCEEXP,TOT,PC_GDP,A,2015,2.528,
NZL,INSURANCEEXP,TOT,PC_GDP,A,2016,2.484,
NZL,INSURANCEEXP,TOT,PC_GDP,A,2017,2.404,
NOR,INSURANCEEXP,TOT,PC_GDP,A,1983,3.77,
NOR,INSURANCEEXP,TOT,PC_GDP,A,1984,3.691,
NOR,INSURANCEEXP,TOT,PC_GDP,A,1985,4.106,
NOR,INSURANCEEXP,TOT,PC_GDP,A,1986,4.724,
NOR,INSURANCEEXP,TOT,PC_GDP,A,1987,4.644,
NOR,INSURANCEEXP,TOT,PC_GDP,A,1988,4.816,
NOR,INSURANCEEXP,TOT,PC_GDP,A,1989,4.623,
NOR,INSURANCEEXP,TOT,PC_GDP,A,1990,4.51,
NOR,INSURANCEEXP,TOT,PC_GDP,A,1991,4.705,
NOR,INSURANCEEXP,TOT,PC_GDP,A,1992,2.923,
NOR,INSURANCEEXP,TOT,PC_GDP,A,1993,4.854,
NOR,INSURANCEEXP,TOT,PC_GDP,A,1994,2.205,
NOR,INSURANCEEXP,TOT,PC_GDP,A,1995,2.015,
NOR,INSURANCEEXP,TOT,PC_GDP,A,1996,4.364,
NOR,INSURANCEEXP,TOT,PC_GDP,A,1997,4.592,
NOR,INSURANCEEXP,TOT,PC_GDP,A,1998,4.787,
NOR,INSURANCEEXP,TOT,PC_GDP,A,1999,4.565,
NOR,INSURANCEEXP,TOT,PC_GDP,A,2000,4.356,
NOR,INSURANCEEXP,TOT,PC_GDP,A,2001,4.744,
NOR,INSURANCEEXP,TOT,PC_GDP,A,2002,5.228,
NOR,INSURANCEEXP,TOT,PC_GDP,A,2003,5.524,
NOR,INSURANCEEXP,TOT,PC_GDP,A,2004,5.704,
NOR,INSURANCEEXP,TOT,PC_GDP,A,2005,5.545,
NOR,INSURANCEEXP,TOT,PC_GDP,A,2006,4.693,
NOR,INSURANCEEXP,TOT,PC_GDP,A,2007,4.927,
NOR,INSURANCEEXP,TOT,PC_GDP,A,2008,5.226,
NOR,INSURANCEEXP,TOT,PC_GDP,A,2009,5.499,
NOR,INSURANCEEXP,TOT,PC_GDP,A,2010,4.798,
NOR,INSURANCEEXP,TOT,PC_GDP,A,2011,4.775,
NOR,INSURANCEEXP,TOT,PC_GDP,A,2012,5.054,
NOR,INSURANCEEXP,TOT,PC_GDP,A,2013,4.885,
NOR,INSURANCEEXP,TOT,PC_GDP,A,2014,5.309,
NOR,INSURANCEEXP,TOT,PC_GDP,A,2015,5.352,
NOR,INSURANCEEXP,TOT,PC_GDP,A,2016,5.657,
NOR,INSURANCEEXP,TOT,PC_GDP,A,2017,5.122,
NOR,INSURANCEEXP,TOT,PC_GDP,A,2018,5.066,
POL,INSURANCEEXP,TOT,PC_GDP,A,1995,1.192,
POL,INSURANCEEXP,TOT,PC_GDP,A,1996,1.93,
POL,INSURANCEEXP,TOT,PC_GDP,A,1997,2.36,
POL,INSURANCEEXP,TOT,PC_GDP,A,1998,2.568,
POL,INSURANCEEXP,TOT,PC_GDP,A,1999,2.723,
POL,INSURANCEEXP,TOT,PC_GDP,A,2000,2.754,
POL,INSURANCEEXP,TOT,PC_GDP,A,2001,2.84,
POL,INSURANCEEXP,TOT,PC_GDP,A,2002,2.765,
POL,INSURANCEEXP,TOT,PC_GDP,A,2003,2.9,
POL,INSURANCEEXP,TOT,PC_GDP,A,2004,2.913,
POL,INSURANCEEXP,TOT,PC_GDP,A,2005,3.083,
POL,INSURANCEEXP,TOT,PC_GDP,A,2006,3.467,
POL,INSURANCEEXP,TOT,PC_GDP,A,2007,3.64,
POL,INSURANCEEXP,TOT,PC_GDP,A,2008,4.573,
POL,INSURANCEEXP,TOT,PC_GDP,A,2009,3.706,
POL,INSURANCEEXP,TOT,PC_GDP,A,2010,3.708,
POL,INSURANCEEXP,TOT,PC_GDP,A,2011,3.615,
POL,INSURANCEEXP,TOT,PC_GDP,A,2012,3.805,
POL,INSURANCEEXP,TOT,PC_GDP,A,2013,3.45,
POL,INSURANCEEXP,TOT,PC_GDP,A,2014,3.16,
POL,INSURANCEEXP,TOT,PC_GDP,A,2015,2.964,
POL,INSURANCEEXP,TOT,PC_GDP,A,2016,2.905,
POL,INSURANCEEXP,TOT,PC_GDP,A,2017,3.033,
POL,INSURANCEEXP,TOT,PC_GDP,A,2018,2.829,
PRT,INSURANCEEXP,TOT,PC_GDP,A,1983,2.148,
PRT,INSURANCEEXP,TOT,PC_GDP,A,1984,2.125,
PRT,INSURANCEEXP,TOT,PC_GDP,A,1985,2.067,
PRT,INSURANCEEXP,TOT,PC_GDP,A,1986,2.064,
PRT,INSURANCEEXP,TOT,PC_GDP,A,1987,2.108,
PRT,INSURANCEEXP,TOT,PC_GDP,A,1988,2.25,
PRT,INSURANCEEXP,TOT,PC_GDP,A,1989,2.415,
PRT,INSURANCEEXP,TOT,PC_GDP,A,1990,2.705,
PRT,INSURANCEEXP,TOT,PC_GDP,A,1991,2.877,
PRT,INSURANCEEXP,TOT,PC_GDP,A,1992,3.106,
PRT,INSURANCEEXP,TOT,PC_GDP,A,1993,3.606,
PRT,INSURANCEEXP,TOT,PC_GDP,A,1994,3.768,
PRT,INSURANCEEXP,TOT,PC_GDP,A,1995,4.217,
PRT,INSURANCEEXP,TOT,PC_GDP,A,1996,4.679,
PRT,INSURANCEEXP,TOT,PC_GDP,A,1997,4.474,
PRT,INSURANCEEXP,TOT,PC_GDP,A,1998,4.917,
PRT,INSURANCEEXP,TOT,PC_GDP,A,1999,5.565,
PRT,INSURANCEEXP,TOT,PC_GDP,A,2000,6.063,
PRT,INSURANCEEXP,TOT,PC_GDP,A,2001,5.684,
PRT,INSURANCEEXP,TOT,PC_GDP,A,2002,5.811,
PRT,INSURANCEEXP,TOT,PC_GDP,A,2003,6.358,
PRT,INSURANCEEXP,TOT,PC_GDP,A,2004,6.676,
PRT,INSURANCEEXP,TOT,PC_GDP,A,2005,8.34,
PRT,INSURANCEEXP,TOT,PC_GDP,A,2006,7.657,
PRT,INSURANCEEXP,TOT,PC_GDP,A,2007,7.605,
PRT,INSURANCEEXP,TOT,PC_GDP,A,2008,8.362,
PRT,INSURANCEEXP,TOT,PC_GDP,A,2009,7.868,
PRT,INSURANCEEXP,TOT,PC_GDP,A,2010,8.603,
PRT,INSURANCEEXP,TOT,PC_GDP,A,2011,6.146,
PRT,INSURANCEEXP,TOT,PC_GDP,A,2012,6.017,
PRT,INSURANCEEXP,TOT,PC_GDP,A,2013,7.249,
PRT,INSURANCEEXP,TOT,PC_GDP,A,2014,7.848,
PRT,INSURANCEEXP,TOT,PC_GDP,A,2015,6.718,
PRT,INSURANCEEXP,TOT,PC_GDP,A,2016,5.553,
PRT,INSURANCEEXP,TOT,PC_GDP,A,2017,5.535,
PRT,INSURANCEEXP,TOT,PC_GDP,A,2018,5.848,
SVK,INSURANCEEXP,TOT,PC_GDP,A,1997,1.864,
SVK,INSURANCEEXP,TOT,PC_GDP,A,1998,2.062,
SVK,INSURANCEEXP,TOT,PC_GDP,A,1999,1.913,
SVK,INSURANCEEXP,TOT,PC_GDP,A,2000,2.046,
SVK,INSURANCEEXP,TOT,PC_GDP,A,2001,2.161,
SVK,INSURANCEEXP,TOT,PC_GDP,A,2002,2.296,
SVK,INSURANCEEXP,TOT,PC_GDP,A,2004,2.59,
SVK,INSURANCEEXP,TOT,PC_GDP,A,2006,2.555,
SVK,INSURANCEEXP,TOT,PC_GDP,A,2007,2.688,
SVK,INSURANCEEXP,TOT,PC_GDP,A,2008,2.976,
SVK,INSURANCEEXP,TOT,PC_GDP,A,2009,3.223,
SVK,INSURANCEEXP,TOT,PC_GDP,A,2010,3.102,
SVK,INSURANCEEXP,TOT,PC_GDP,A,2011,2.998,
SVK,INSURANCEEXP,TOT,PC_GDP,A,2012,2.907,
SVK,INSURANCEEXP,TOT,PC_GDP,A,2013,2.968,
SVK,INSURANCEEXP,TOT,PC_GDP,A,2014,2.906,
SVK,INSURANCEEXP,TOT,PC_GDP,A,2015,2.659,
SVK,INSURANCEEXP,TOT,PC_GDP,A,2017,5.275,
ESP,INSURANCEEXP,TOT,PC_GDP,A,1983,1.802,
ESP,INSURANCEEXP,TOT,PC_GDP,A,1984,1.956,
ESP,INSURANCEEXP,TOT,PC_GDP,A,1985,2.013,
ESP,INSURANCEEXP,TOT,PC_GDP,A,1986,3.044,
ESP,INSURANCEEXP,TOT,PC_GDP,A,1987,3.5,
ESP,INSURANCEEXP,TOT,PC_GDP,A,1988,5.632,
ESP,INSURANCEEXP,TOT,PC_GDP,A,1989,3.984,
ESP,INSURANCEEXP,TOT,PC_GDP,A,1990,3.337,
ESP,INSURANCEEXP,TOT,PC_GDP,A,1991,3.719,
ESP,INSURANCEEXP,TOT,PC_GDP,A,1992,3.856,
ESP,INSURANCEEXP,TOT,PC_GDP,A,1993,4.039,
ESP,INSURANCEEXP,TOT,PC_GDP,A,1994,4.792,
ESP,INSURANCEEXP,TOT,PC_GDP,A,1995,4.507,
ESP,INSURANCEEXP,TOT,PC_GDP,A,1996,4.713,
ESP,INSURANCEEXP,TOT,PC_GDP,A,1997,4.808,
ESP,INSURANCEEXP,TOT,PC_GDP,A,1998,4.779,
ESP,INSURANCEEXP,TOT,PC_GDP,A,1999,5.486,
ESP,INSURANCEEXP,TOT,PC_GDP,A,2000,6.333,
ESP,INSURANCEEXP,TOT,PC_GDP,A,2001,5.949,
ESP,INSURANCEEXP,TOT,PC_GDP,A,2002,6.412,
ESP,INSURANCEEXP,TOT,PC_GDP,A,2003,5.234,
ESP,INSURANCEEXP,TOT,PC_GDP,A,2004,5.287,
ESP,INSURANCEEXP,TOT,PC_GDP,A,2005,5.269,
ESP,INSURANCEEXP,TOT,PC_GDP,A,2006,5.295,
ESP,INSURANCEEXP,TOT,PC_GDP,A,2007,5.065,
ESP,INSURANCEEXP,TOT,PC_GDP,A,2008,5.344,
ESP,INSURANCEEXP,TOT,PC_GDP,A,2009,5.621,
ESP,INSURANCEEXP,TOT,PC_GDP,A,2010,5.261,
ESP,INSURANCEEXP,TOT,PC_GDP,A,2011,5.484,
ESP,INSURANCEEXP,TOT,PC_GDP,A,2012,5.357,
ESP,INSURANCEEXP,TOT,PC_GDP,A,2013,5.257,
ESP,INSURANCEEXP,TOT,PC_GDP,A,2014,5.151,
ESP,INSURANCEEXP,TOT,PC_GDP,A,2015,5.028,
ESP,INSURANCEEXP,TOT,PC_GDP,A,2016,5.487,
ESP,INSURANCEEXP,TOT,PC_GDP,A,2017,5.201,
ESP,INSURANCEEXP,TOT,PC_GDP,A,2018,5.102,
SWE,INSURANCEEXP,TOT,PC_GDP,A,1983,3.945,
SWE,INSURANCEEXP,TOT,PC_GDP,A,1984,4.104,
SWE,INSURANCEEXP,TOT,PC_GDP,A,1985,4.407,
SWE,INSURANCEEXP,TOT,PC_GDP,A,1986,4.566,
SWE,INSURANCEEXP,TOT,PC_GDP,A,1987,4.705,
SWE,INSURANCEEXP,TOT,PC_GDP,A,1988,5.004,
SWE,INSURANCEEXP,TOT,PC_GDP,A,1989,5.564,
SWE,INSURANCEEXP,TOT,PC_GDP,A,1990,4.966,
SWE,INSURANCEEXP,TOT,PC_GDP,A,1991,5.302,
SWE,INSURANCEEXP,TOT,PC_GDP,A,1992,5.135,
SWE,INSURANCEEXP,TOT,PC_GDP,A,1993,5.704,
SWE,INSURANCEEXP,TOT,PC_GDP,A,1994,5.332,
SWE,INSURANCEEXP,TOT,PC_GDP,A,1995,5.048,
SWE,INSURANCEEXP,TOT,PC_GDP,A,1996,5.206,
SWE,INSURANCEEXP,TOT,PC_GDP,A,1997,5.307,
SWE,INSURANCEEXP,TOT,PC_GDP,A,1998,5.596,
SWE,INSURANCEEXP,TOT,PC_GDP,A,1999,6.752,
SWE,INSURANCEEXP,TOT,PC_GDP,A,2000,7.78,
SWE,INSURANCEEXP,TOT,PC_GDP,A,2001,7.797,
SWE,INSURANCEEXP,TOT,PC_GDP,A,2003,7.107,
SWE,INSURANCEEXP,TOT,PC_GDP,A,2004,7.392,
SWE,INSURANCEEXP,TOT,PC_GDP,A,2005,7.62,
SWE,INSURANCEEXP,TOT,PC_GDP,A,2006,6.906,
SWE,INSURANCEEXP,TOT,PC_GDP,A,2007,5.965,
SWE,INSURANCEEXP,TOT,PC_GDP,A,2008,5.673,
SWE,INSURANCEEXP,TOT,PC_GDP,A,2009,5.371,
SWE,INSURANCEEXP,TOT,PC_GDP,A,2010,4.799,
SWE,INSURANCEEXP,TOT,PC_GDP,A,2011,4.604,
SWE,INSURANCEEXP,TOT,PC_GDP,A,2012,4.122,
SWE,INSURANCEEXP,TOT,PC_GDP,A,2013,4.362,
SWE,INSURANCEEXP,TOT,PC_GDP,A,2014,8.244,
SWE,INSURANCEEXP,TOT,PC_GDP,A,2015,7.747,
SWE,INSURANCEEXP,TOT,PC_GDP,A,2016,7.356,
SWE,INSURANCEEXP,TOT,PC_GDP,A,2017,7.953,
SWE,INSURANCEEXP,TOT,PC_GDP,A,2018,8.547,
CHE,INSURANCEEXP,TOT,PC_GDP,A,1983,6.459,
CHE,INSURANCEEXP,TOT,PC_GDP,A,1984,6.405,
CHE,INSURANCEEXP,TOT,PC_GDP,A,1985,6.992,
CHE,INSURANCEEXP,TOT,PC_GDP,A,1986,7.237,
CHE,INSURANCEEXP,TOT,PC_GDP,A,1987,7.755,
CHE,INSURANCEEXP,TOT,PC_GDP,A,1988,8.182,
CHE,INSURANCEEXP,TOT,PC_GDP,A,1989,8.085,
CHE,INSURANCEEXP,TOT,PC_GDP,A,1990,7.766,
CHE,INSURANCEEXP,TOT,PC_GDP,A,1991,8.048,
CHE,INSURANCEEXP,TOT,PC_GDP,A,1992,8.371,
CHE,INSURANCEEXP,TOT,PC_GDP,A,1993,8.861,
CHE,INSURANCEEXP,TOT,PC_GDP,A,1994,9.324,
CHE,INSURANCEEXP,TOT,PC_GDP,A,1995,10.084,
CHE,INSURANCEEXP,TOT,PC_GDP,A,1996,10.903,
CHE,INSURANCEEXP,TOT,PC_GDP,A,1997,11.624,
CHE,INSURANCEEXP,TOT,PC_GDP,A,1998,12.335,
CHE,INSURANCEEXP,TOT,PC_GDP,A,1999,12.549,
CHE,INSURANCEEXP,TOT,PC_GDP,A,2000,11.031,
CHE,INSURANCEEXP,TOT,PC_GDP,A,2001,12.074,
CHE,INSURANCEEXP,TOT,PC_GDP,A,2002,12.377,
CHE,INSURANCEEXP,TOT,PC_GDP,A,2003,11.285,
CHE,INSURANCEEXP,TOT,PC_GDP,A,2004,10.703,
CHE,INSURANCEEXP,TOT,PC_GDP,A,2005,9.937,
CHE,INSURANCEEXP,TOT,PC_GDP,A,2006,9.132,
CHE,INSURANCEEXP,TOT,PC_GDP,A,2007,8.741,
CHE,INSURANCEEXP,TOT,PC_GDP,A,2008,9.642,
CHE,INSURANCEEXP,TOT,PC_GDP,A,2009,9.099,
CHE,INSURANCEEXP,TOT,PC_GDP,A,2010,9.009,
CHE,INSURANCEEXP,TOT,PC_GDP,A,2011,8.965,
CHE,INSURANCEEXP,TOT,PC_GDP,A,2012,9.091,
CHE,INSURANCEEXP,TOT,PC_GDP,A,2013,9.222,
CHE,INSURANCEEXP,TOT,PC_GDP,A,2014,9.058,
CHE,INSURANCEEXP,TOT,PC_GDP,A,2015,9.035,
CHE,INSURANCEEXP,TOT,PC_GDP,A,2016,8.714,
CHE,INSURANCEEXP,TOT,PC_GDP,A,2017,8.549,
CHE,INSURANCEEXP,TOT,PC_GDP,A,2018,8.377,
TUR,INSURANCEEXP,TOT,PC_GDP,A,1983,0.333,
TUR,INSURANCEEXP,TOT,PC_GDP,A,1984,0.388,
TUR,INSURANCEEXP,TOT,PC_GDP,A,1985,0.37,
TUR,INSURANCEEXP,TOT,PC_GDP,A,1986,0.375,
TUR,INSURANCEEXP,TOT,PC_GDP,A,1987,0.421,
TUR,INSURANCEEXP,TOT,PC_GDP,A,1988,0.443,
TUR,INSURANCEEXP,TOT,PC_GDP,A,1989,0.46,
TUR,INSURANCEEXP,TOT,PC_GDP,A,1990,0.566,
TUR,INSURANCEEXP,TOT,PC_GDP,A,1991,0.643,
TUR,INSURANCEEXP,TOT,PC_GDP,A,1992,0.747,
TUR,INSURANCEEXP,TOT,PC_GDP,A,1993,0.853,
TUR,INSURANCEEXP,TOT,PC_GDP,A,1994,0.823,
TUR,INSURANCEEXP,TOT,PC_GDP,A,1995,0.812,
TUR,INSURANCEEXP,TOT,PC_GDP,A,1996,0.865,
TUR,INSURANCEEXP,TOT,PC_GDP,A,1997,0.98,
TUR,INSURANCEEXP,TOT,PC_GDP,A,1998,1.06,
TUR,INSURANCEEXP,TOT,PC_GDP,A,1999,1.382,
TUR,INSURANCEEXP,TOT,PC_GDP,A,2000,1.161,
TUR,INSURANCEEXP,TOT,PC_GDP,A,2001,1.114,
TUR,INSURANCEEXP,TOT,PC_GDP,A,2002,1.016,
TUR,INSURANCEEXP,TOT,PC_GDP,A,2003,1.063,
TUR,INSURANCEEXP,TOT,PC_GDP,A,2004,1.147,
TUR,INSURANCEEXP,TOT,PC_GDP,A,2005,1.048,
TUR,INSURANCEEXP,TOT,PC_GDP,A,2006,1.017,
TUR,INSURANCEEXP,TOT,PC_GDP,A,2007,1.241,
TUR,INSURANCEEXP,TOT,PC_GDP,A,2010,1.24,
TUR,INSURANCEEXP,TOT,PC_GDP,A,2011,1.191,
TUR,INSURANCEEXP,TOT,PC_GDP,A,2012,1.267,
TUR,INSURANCEEXP,TOT,PC_GDP,A,2013,1.353,
TUR,INSURANCEEXP,TOT,PC_GDP,A,2014,1.253,
TUR,INSURANCEEXP,TOT,PC_GDP,A,2015,1.327,
TUR,INSURANCEEXP,TOT,PC_GDP,A,2016,1.495,
TUR,INSURANCEEXP,TOT,PC_GDP,A,2017,1.442,
TUR,INSURANCEEXP,TOT,PC_GDP,A,2018,1.345,
GBR,INSURANCEEXP,TOT,PC_GDP,A,1985,3.849,
GBR,INSURANCEEXP,TOT,PC_GDP,A,1986,4.412,
GBR,INSURANCEEXP,TOT,PC_GDP,A,1987,4.569,
GBR,INSURANCEEXP,TOT,PC_GDP,A,1988,4.321,
GBR,INSURANCEEXP,TOT,PC_GDP,A,1989,4.314,
GBR,INSURANCEEXP,TOT,PC_GDP,A,1990,4.397,
GBR,INSURANCEEXP,TOT,PC_GDP,A,1991,4.723,
GBR,INSURANCEEXP,TOT,PC_GDP,A,1992,5.336,
GBR,INSURANCEEXP,TOT,PC_GDP,A,1993,5.471,
GBR,INSURANCEEXP,TOT,PC_GDP,A,1994,5.239,
GBR,INSURANCEEXP,TOT,PC_GDP,A,1995,4.874,
GBR,INSURANCEEXP,TOT,PC_GDP,A,1996,11.674,
GBR,INSURANCEEXP,TOT,PC_GDP,A,1997,11.827,
GBR,INSURANCEEXP,TOT,PC_GDP,A,1998,12.581,
GBR,INSURANCEEXP,TOT,PC_GDP,A,1999,13.906,
GBR,INSURANCEEXP,TOT,PC_GDP,A,2000,14.783,
GBR,INSURANCEEXP,TOT,PC_GDP,A,2001,13.206,
GBR,INSURANCEEXP,TOT,PC_GDP,A,2002,13.135,
GBR,INSURANCEEXP,TOT,PC_GDP,A,2003,13.517,
GBR,INSURANCEEXP,TOT,PC_GDP,A,2004,12.999,
GBR,INSURANCEEXP,TOT,PC_GDP,A,2005,13.112,
GBR,INSURANCEEXP,TOT,PC_GDP,A,2006,18.328,
GBR,INSURANCEEXP,TOT,PC_GDP,A,2007,19.721,
GBR,INSURANCEEXP,TOT,PC_GDP,A,2008,14.767,
GBR,INSURANCEEXP,TOT,PC_GDP,A,2009,13.416,
GBR,INSURANCEEXP,TOT,PC_GDP,A,2010,12.386,
GBR,INSURANCEEXP,TOT,PC_GDP,A,2011,11.748,
GBR,INSURANCEEXP,TOT,PC_GDP,A,2012,12.519,
GBR,INSURANCEEXP,TOT,PC_GDP,A,2013,11.03,
GBR,INSURANCEEXP,TOT,PC_GDP,A,2014,10.749,
GBR,INSURANCEEXP,TOT,PC_GDP,A,2015,10.223,
GBR,INSURANCEEXP,TOT,PC_GDP,A,2016,9.623,
GBR,INSURANCEEXP,TOT,PC_GDP,A,2017,12.665,
GBR,INSURANCEEXP,TOT,PC_GDP,A,2018,13.135,
USA,INSURANCEEXP,TOT,PC_GDP,A,1983,6.498,
USA,INSURANCEEXP,TOT,PC_GDP,A,1984,6.424,
USA,INSURANCEEXP,TOT,PC_GDP,A,1985,7.169,
USA,INSURANCEEXP,TOT,PC_GDP,A,1986,8.462,
USA,INSURANCEEXP,TOT,PC_GDP,A,1987,4.275,
USA,INSURANCEEXP,TOT,PC_GDP,A,1988,9.753,
USA,INSURANCEEXP,TOT,PC_GDP,A,1989,9.488,
USA,INSURANCEEXP,TOT,PC_GDP,A,1990,9.712,
USA,INSURANCEEXP,TOT,PC_GDP,A,1991,9.637,
USA,INSURANCEEXP,TOT,PC_GDP,A,1992,9.54,
USA,INSURANCEEXP,TOT,PC_GDP,A,1993,9.748,
USA,INSURANCEEXP,TOT,PC_GDP,A,1994,9.632,
USA,INSURANCEEXP,TOT,PC_GDP,A,1995,9.472,
USA,INSURANCEEXP,TOT,PC_GDP,A,1996,9.372,
USA,INSURANCEEXP,TOT,PC_GDP,A,1997,10.061,
USA,INSURANCEEXP,TOT,PC_GDP,A,1998,10.389,
USA,INSURANCEEXP,TOT,PC_GDP,A,1999,10.516,
USA,INSURANCEEXP,TOT,PC_GDP,A,2000,10.273,
USA,INSURANCEEXP,TOT,PC_GDP,A,2001,10.059,
USA,INSURANCEEXP,TOT,PC_GDP,A,2002,10.163,
USA,INSURANCEEXP,TOT,PC_GDP,A,2003,10.51,
USA,INSURANCEEXP,TOT,PC_GDP,A,2004,10.401,
USA,INSURANCEEXP,TOT,PC_GDP,A,2005,10.24,
USA,INSURANCEEXP,TOT,PC_GDP,A,2006,10.301,
USA,INSURANCEEXP,TOT,PC_GDP,A,2007,10.823,
USA,INSURANCEEXP,TOT,PC_GDP,A,2008,10.875,
USA,INSURANCEEXP,TOT,PC_GDP,A,2009,11.106,
USA,INSURANCEEXP,TOT,PC_GDP,A,2010,10.801,
USA,INSURANCEEXP,TOT,PC_GDP,A,2011,11.025,
USA,INSURANCEEXP,TOT,PC_GDP,A,2012,11.157,
USA,INSURANCEEXP,TOT,PC_GDP,A,2013,10.716,
USA,INSURANCEEXP,TOT,PC_GDP,A,2014,10.852,
USA,INSURANCEEXP,TOT,PC_GDP,A,2015,11.103,
USA,INSURANCEEXP,TOT,PC_GDP,A,2016,11.226,
USA,INSURANCEEXP,TOT,PC_GDP,A,2017,11.195,
USA,INSURANCEEXP,TOT,PC_GDP,A,2018,11.265,
ARG,INSURANCEEXP,TOT,PC_GDP,A,2012,2.251,
ARG,INSURANCEEXP,TOT,PC_GDP,A,2013,2.408,
ARG,INSURANCEEXP,TOT,PC_GDP,A,2014,2.378,
ARG,INSURANCEEXP,TOT,PC_GDP,A,2015,2.575,
ARG,INSURANCEEXP,TOT,PC_GDP,A,2016,2.565,
ARG,INSURANCEEXP,TOT,PC_GDP,A,2017,2.557,
ARG,INSURANCEEXP,TOT,PC_GDP,A,2018,2.314,
BRA,INSURANCEEXP,TOT,PC_GDP,A,2011,2.399,
BRA,INSURANCEEXP,TOT,PC_GDP,A,2012,2.687,
BRA,INSURANCEEXP,TOT,PC_GDP,A,2013,2.726,
BRA,INSURANCEEXP,TOT,PC_GDP,A,2014,2.844,
BRA,INSURANCEEXP,TOT,PC_GDP,A,2015,3.08,
BRA,INSURANCEEXP,TOT,PC_GDP,A,2016,3.283,
BRA,INSURANCEEXP,TOT,PC_GDP,A,2017,3.235,
BRA,INSURANCEEXP,TOT,PC_GDP,A,2018,3.083,
CHL,INSURANCEEXP,TOT,PC_GDP,A,2006,3.063,
CHL,INSURANCEEXP,TOT,PC_GDP,A,2009,3.611,
CHL,INSURANCEEXP,TOT,PC_GDP,A,2010,3.792,
CHL,INSURANCEEXP,TOT,PC_GDP,A,2011,3.834,
CHL,INSURANCEEXP,TOT,PC_GDP,A,2012,4.21,
CHL,INSURANCEEXP,TOT,PC_GDP,A,2013,4.208,
CHL,INSURANCEEXP,TOT,PC_GDP,A,2014,4.188,
CHL,INSURANCEEXP,TOT,PC_GDP,A,2015,4.643,
CHL,INSURANCEEXP,TOT,PC_GDP,A,2016,4.898,
CHL,INSURANCEEXP,TOT,PC_GDP,A,2017,4.588,
CHL,INSURANCEEXP,TOT,PC_GDP,A,2018,4.652,
COL,INSURANCEEXP,TOT,PC_GDP,A,2009,2.279,
COL,INSURANCEEXP,TOT,PC_GDP,A,2010,2.257,
COL,INSURANCEEXP,TOT,PC_GDP,A,2011,2.26,
COL,INSURANCEEXP,TOT,PC_GDP,A,2012,2.442,
COL,INSURANCEEXP,TOT,PC_GDP,A,2013,2.639,
COL,INSURANCEEXP,TOT,PC_GDP,A,2014,2.495,
COL,INSURANCEEXP,TOT,PC_GDP,A,2015,2.672,
COL,INSURANCEEXP,TOT,PC_GDP,A,2016,2.794,
COL,INSURANCEEXP,TOT,PC_GDP,A,2017,2.825,
COL,INSURANCEEXP,TOT,PC_GDP,A,2018,2.769,
EST,INSURANCEEXP,TOT,PC_GDP,A,2006,0.741,
EST,INSURANCEEXP,TOT,PC_GDP,A,2009,1.737,
EST,INSURANCEEXP,TOT,PC_GDP,A,2010,2.871,
EST,INSURANCEEXP,TOT,PC_GDP,A,2011,2.393,
EST,INSURANCEEXP,TOT,PC_GDP,A,2012,2.661,
EST,INSURANCEEXP,TOT,PC_GDP,A,2013,3.063,
EST,INSURANCEEXP,TOT,PC_GDP,A,2014,3.128,
EST,INSURANCEEXP,TOT,PC_GDP,A,2015,3.314,
EST,INSURANCEEXP,TOT,PC_GDP,A,2016,3.395,
EST,INSURANCEEXP,TOT,PC_GDP,A,2017,3.44,
EST,INSURANCEEXP,TOT,PC_GDP,A,2018,3.553,
HKG,INSURANCEEXP,TOT,PC_GDP,A,2009,10.839,
HKG,INSURANCEEXP,TOT,PC_GDP,A,2010,11.251,
HKG,INSURANCEEXP,TOT,PC_GDP,A,2011,11.206,
HKG,INSURANCEEXP,TOT,PC_GDP,A,2012,12.024,
HKG,INSURANCEEXP,TOT,PC_GDP,A,2013,13.085,
HKG,INSURANCEEXP,TOT,PC_GDP,A,2014,14.081,
HKG,INSURANCEEXP,TOT,PC_GDP,A,2015,14.788,
HKG,INSURANCEEXP,TOT,PC_GDP,A,2016,17.592,
HKG,INSURANCEEXP,TOT,PC_GDP,A,2017,17.936,
HKG,INSURANCEEXP,TOT,PC_GDP,A,2018,18.155,
IDN,INSURANCEEXP,TOT,PC_GDP,A,2011,1.627,
IDN,INSURANCEEXP,TOT,PC_GDP,A,2012,1.695,
IDN,INSURANCEEXP,TOT,PC_GDP,A,2013,1.645,
IDN,INSURANCEEXP,TOT,PC_GDP,A,2014,1.568,
IDN,INSURANCEEXP,TOT,PC_GDP,A,2015,1.663,
IDN,INSURANCEEXP,TOT,PC_GDP,A,2016,1.818,
IDN,INSURANCEEXP,TOT,PC_GDP,A,2017,1.884,
IDN,INSURANCEEXP,TOT,PC_GDP,A,2018,1.789,
ISR,INSURANCEEXP,TOT,PC_GDP,A,2006,5.036,
ISR,INSURANCEEXP,TOT,PC_GDP,A,2007,4.912,
ISR,INSURANCEEXP,TOT,PC_GDP,A,2008,4.987,
ISR,INSURANCEEXP,TOT,PC_GDP,A,2009,4.942,
ISR,INSURANCEEXP,TOT,PC_GDP,A,2010,4.801,
ISR,INSURANCEEXP,TOT,PC_GDP,A,2011,4.844,
ISR,INSURANCEEXP,TOT,PC_GDP,A,2012,4.849,
ISR,INSURANCEEXP,TOT,PC_GDP,A,2013,4.764,
ISR,INSURANCEEXP,TOT,PC_GDP,A,2014,4.641,
ISR,INSURANCEEXP,TOT,PC_GDP,A,2015,4.708,
ISR,INSURANCEEXP,TOT,PC_GDP,A,2016,4.747,
ISR,INSURANCEEXP,TOT,PC_GDP,A,2017,4.933,
ISR,INSURANCEEXP,TOT,PC_GDP,A,2018,5.008,
MYS,INSURANCEEXP,TOT,PC_GDP,A,2009,4.316,
MYS,INSURANCEEXP,TOT,PC_GDP,A,2010,4.856,
MYS,INSURANCEEXP,TOT,PC_GDP,A,2011,4.667,
MYS,INSURANCEEXP,TOT,PC_GDP,A,2012,4.825,
MYS,INSURANCEEXP,TOT,PC_GDP,A,2013,4.863,
MYS,INSURANCEEXP,TOT,PC_GDP,A,2014,4.812,
MYS,INSURANCEEXP,TOT,PC_GDP,A,2015,4.778,
MYS,INSURANCEEXP,TOT,PC_GDP,A,2016,4.697,
MYS,INSURANCEEXP,TOT,PC_GDP,A,2017,4.471,
MYS,INSURANCEEXP,TOT,PC_GDP,A,2018,4.4,
PRY,INSURANCEEXP,TOT,PC_GDP,A,2012,0.895,
PRY,INSURANCEEXP,TOT,PC_GDP,A,2013,0.919,
PRY,INSURANCEEXP,TOT,PC_GDP,A,2015,1.04,
PRY,INSURANCEEXP,TOT,PC_GDP,A,2016,1.034,
PRY,INSURANCEEXP,TOT,PC_GDP,A,2017,1.021,
PER,INSURANCEEXP,TOT,PC_GDP,A,2011,1.533,
PER,INSURANCEEXP,TOT,PC_GDP,A,2012,1.554,
PER,INSURANCEEXP,TOT,PC_GDP,A,2013,1.66,
PER,INSURANCEEXP,TOT,PC_GDP,A,2014,1.769,
PER,INSURANCEEXP,TOT,PC_GDP,A,2015,1.925,
PER,INSURANCEEXP,TOT,PC_GDP,A,2016,1.715,
PER,INSURANCEEXP,TOT,PC_GDP,A,2017,1.622,
PER,INSURANCEEXP,TOT,PC_GDP,A,2018,1.738,
RUS,INSURANCEEXP,TOT,PC_GDP,A,2006,1.208,
RUS,INSURANCEEXP,TOT,PC_GDP,A,2007,1.365,
RUS,INSURANCEEXP,TOT,PC_GDP,A,2008,1.256,
RUS,INSURANCEEXP,TOT,PC_GDP,A,2009,1.239,
RUS,INSURANCEEXP,TOT,PC_GDP,A,2011,1.113,
RUS,INSURANCEEXP,TOT,PC_GDP,A,2014,1.251,
RUS,INSURANCEEXP,TOT,PC_GDP,A,2015,1.233,
RUS,INSURANCEEXP,TOT,PC_GDP,A,2016,1.378,
RUS,INSURANCEEXP,TOT,PC_GDP,A,2017,1.389,
RUS,INSURANCEEXP,TOT,PC_GDP,A,2018,1.448,
SGP,INSURANCEEXP,TOT,PC_GDP,A,2000,6.258,
SGP,INSURANCEEXP,TOT,PC_GDP,A,2001,10.295,
SGP,INSURANCEEXP,TOT,PC_GDP,A,2004,7.422,
SGP,INSURANCEEXP,TOT,PC_GDP,A,2009,4.3,
SGP,INSURANCEEXP,TOT,PC_GDP,A,2010,6.419,
SGP,INSURANCEEXP,TOT,PC_GDP,A,2011,6.356,
SGP,INSURANCEEXP,TOT,PC_GDP,A,2012,6.792,
SGP,INSURANCEEXP,TOT,PC_GDP,A,2013,7.159,
SGP,INSURANCEEXP,TOT,PC_GDP,A,2014,7.839,
SGP,INSURANCEEXP,TOT,PC_GDP,A,2015,7.953,
SGP,INSURANCEEXP,TOT,PC_GDP,A,2016,8.203,
SGP,INSURANCEEXP,TOT,PC_GDP,A,2017,9.019,
SVN,INSURANCEEXP,TOT,PC_GDP,A,2007,5.4,
SVN,INSURANCEEXP,TOT,PC_GDP,A,2008,5.321,
SVN,INSURANCEEXP,TOT,PC_GDP,A,2009,5.277,
SVN,INSURANCEEXP,TOT,PC_GDP,A,2010,5.267,
SVN,INSURANCEEXP,TOT,PC_GDP,A,2011,5.184,
SVN,INSURANCEEXP,TOT,PC_GDP,A,2012,5.303,
SVN,INSURANCEEXP,TOT,PC_GDP,A,2013,5.143,
SVN,INSURANCEEXP,TOT,PC_GDP,A,2014,4.938,
SVN,INSURANCEEXP,TOT,PC_GDP,A,2015,4.842,
SVN,INSURANCEEXP,TOT,PC_GDP,A,2016,4.75,
SVN,INSURANCEEXP,TOT,PC_GDP,A,2017,4.702,
SVN,INSURANCEEXP,TOT,PC_GDP,A,2018,4.68,
URY,INSURANCEEXP,TOT,PC_GDP,A,2011,1.904,
URY,INSURANCEEXP,TOT,PC_GDP,A,2012,2.071,
URY,INSURANCEEXP,TOT,PC_GDP,A,2013,2.1,
URY,INSURANCEEXP,TOT,PC_GDP,A,2014,2.276,
URY,INSURANCEEXP,TOT,PC_GDP,A,2015,2.398,
URY,INSURANCEEXP,TOT,PC_GDP,A,2017,2.664,
OECD,INSURANCEEXP,TOT,PC_GDP,A,1983,5.127,
OECD,INSURANCEEXP,TOT,PC_GDP,A,1984,5.287,
OECD,INSURANCEEXP,TOT,PC_GDP,A,1985,5.709,
OECD,INSURANCEEXP,TOT,PC_GDP,A,1986,6.296,
OECD,INSURANCEEXP,TOT,PC_GDP,A,1987,5.093,
OECD,INSURANCEEXP,TOT,PC_GDP,A,1988,7.466,
OECD,INSURANCEEXP,TOT,PC_GDP,A,1989,7.379,
OECD,INSURANCEEXP,TOT,PC_GDP,A,1990,7.033,
OECD,INSURANCEEXP,TOT,PC_GDP,A,1991,7.081,
OECD,INSURANCEEXP,TOT,PC_GDP,A,1992,6.988,
OECD,INSURANCEEXP,TOT,PC_GDP,A,1993,7.394,
OECD,INSURANCEEXP,TOT,PC_GDP,A,1994,7.413,
OECD,INSURANCEEXP,TOT,PC_GDP,A,1995,7.424,
OECD,INSURANCEEXP,TOT,PC_GDP,A,1996,7.805,
OECD,INSURANCEEXP,TOT,PC_GDP,A,1997,8.194,
OECD,INSURANCEEXP,TOT,PC_GDP,A,1998,8.342,
OECD,INSURANCEEXP,TOT,PC_GDP,A,1999,8.654,
OECD,INSURANCEEXP,TOT,PC_GDP,A,2000,8.633,
OECD,INSURANCEEXP,TOT,PC_GDP,A,2001,8.334,
OECD,INSURANCEEXP,TOT,PC_GDP,A,2002,8.43,
OECD,INSURANCEEXP,TOT,PC_GDP,A,2003,8.581,
OECD,INSURANCEEXP,TOT,PC_GDP,A,2004,8.515,
OECD,INSURANCEEXP,TOT,PC_GDP,A,2005,8.603,
OECD,INSURANCEEXP,TOT,PC_GDP,A,2006,8.973,
OECD,INSURANCEEXP,TOT,PC_GDP,A,2007,9.201,
OECD,INSURANCEEXP,TOT,PC_GDP,A,2008,8.726,
OECD,INSURANCEEXP,TOT,PC_GDP,A,2009,9.185,
OECD,INSURANCEEXP,TOT,PC_GDP,A,2010,8.683,
OECD,INSURANCEEXP,TOT,PC_GDP,A,2011,8.605,
OECD,INSURANCEEXP,TOT,PC_GDP,A,2012,8.326,
OECD,INSURANCEEXP,TOT,PC_GDP,A,2013,8.14,
OECD,INSURANCEEXP,TOT,PC_GDP,A,2014,8.422,
OECD,INSURANCEEXP,TOT,PC_GDP,A,2015,8.597,
OECD,INSURANCEEXP,TOT,PC_GDP,A,2016,8.792,
OECD,INSURANCEEXP,TOT,PC_GDP,A,2017,8.83,
OECD,INSURANCEEXP,TOT,PC_GDP,A,2018,8.918,
ZAF,INSURANCEEXP,TOT,PC_GDP,A,2010,13.393,
ZAF,INSURANCEEXP,TOT,PC_GDP,A,2011,13.449,
ZAF,INSURANCEEXP,TOT,PC_GDP,A,2013,14.461,
ZAF,INSURANCEEXP,TOT,PC_GDP,A,2014,14.364,
ZAF,INSURANCEEXP,TOT,PC_GDP,A,2015,14.494,
ZAF,INSURANCEEXP,TOT,PC_GDP,A,2016,13.921,
IND,INSURANCEEXP,TOT,PC_GDP,A,2011,3.84,
IND,INSURANCEEXP,TOT,PC_GDP,A,2015,3.386,
IND,INSURANCEEXP,TOT,PC_GDP,A,2016,3.577,
IND,INSURANCEEXP,TOT,PC_GDP,A,2017,3.581,
THA,INSURANCEEXP,TOT,PC_GDP,A,2010,3.898,
THA,INSURANCEEXP,TOT,PC_GDP,A,2011,4.149,
LVA,INSURANCEEXP,TOT,PC_GDP,A,2009,1.942,
LVA,INSURANCEEXP,TOT,PC_GDP,A,2010,1.812,
LVA,INSURANCEEXP,TOT,PC_GDP,A,2011,1.935,
LVA,INSURANCEEXP,TOT,PC_GDP,A,2012,2.01,
LVA,INSURANCEEXP,TOT,PC_GDP,A,2013,2.065,
LVA,INSURANCEEXP,TOT,PC_GDP,A,2014,2.187,
LVA,INSURANCEEXP,TOT,PC_GDP,A,2015,2.174,
LVA,INSURANCEEXP,TOT,PC_GDP,A,2016,2.123,
LVA,INSURANCEEXP,TOT,PC_GDP,A,2017,2.41,
LVA,INSURANCEEXP,TOT,PC_GDP,A,2018,2.593,
BOL,INSURANCEEXP,TOT,PC_GDP,A,2012,1.188,
BOL,INSURANCEEXP,TOT,PC_GDP,A,2016,1.371,
BOL,INSURANCEEXP,TOT,PC_GDP,A,2017,1.27,
BOL,INSURANCEEXP,TOT,PC_GDP,A,2018,1.292,
CRI,INSURANCEEXP,TOT,PC_GDP,A,2010,1.926,
CRI,INSURANCEEXP,TOT,PC_GDP,A,2011,1.875,
CRI,INSURANCEEXP,TOT,PC_GDP,A,2012,1.99,
CRI,INSURANCEEXP,TOT,PC_GDP,A,2013,2.076,
CRI,INSURANCEEXP,TOT,PC_GDP,A,2014,2.281,
CRI,INSURANCEEXP,TOT,PC_GDP,A,2015,1.91,
CRI,INSURANCEEXP,TOT,PC_GDP,A,2016,2.112,
CRI,INSURANCEEXP,TOT,PC_GDP,A,2017,2.262,
CRI,INSURANCEEXP,TOT,PC_GDP,A,2018,2.216,
GTM,INSURANCEEXP,TOT,PC_GDP,A,2011,1.272,
GTM,INSURANCEEXP,TOT,PC_GDP,A,2012,1.177,
GTM,INSURANCEEXP,TOT,PC_GDP,A,2013,1.233,
GTM,INSURANCEEXP,TOT,PC_GDP,A,2014,1.242,
GTM,INSURANCEEXP,TOT,PC_GDP,A,2015,1.222,
GTM,INSURANCEEXP,TOT,PC_GDP,A,2016,1.21,
GTM,INSURANCEEXP,TOT,PC_GDP,A,2017,1.224,
GTM,INSURANCEEXP,TOT,PC_GDP,A,2018,1.18,
NIC,INSURANCEEXP,TOT,PC_GDP,A,2011,1.261,
NIC,INSURANCEEXP,TOT,PC_GDP,A,2012,1.313,
NIC,INSURANCEEXP,TOT,PC_GDP,A,2013,1.428,
NIC,INSURANCEEXP,TOT,PC_GDP,A,2014,1.496,
NIC,INSURANCEEXP,TOT,PC_GDP,A,2015,1.512,
NIC,INSURANCEEXP,TOT,PC_GDP,A,2016,1.55,
NIC,INSURANCEEXP,TOT,PC_GDP,A,2017,1.594,
NIC,INSURANCEEXP,TOT,PC_GDP,A,2018,1.689,
PAN,INSURANCEEXP,TOT,PC_GDP,A,2011,2.981,
PAN,INSURANCEEXP,TOT,PC_GDP,A,2012,2.676,
PAN,INSURANCEEXP,TOT,PC_GDP,A,2013,2.708,
ECU,INSURANCEEXP,TOT,PC_GDP,A,2015,2.285,
ECU,INSURANCEEXP,TOT,PC_GDP,A,2016,2.1,
LTU,INSURANCEEXP,TOT,PC_GDP,A,2010,1.608,
LTU,INSURANCEEXP,TOT,PC_GDP,A,2011,1.575,
LTU,INSURANCEEXP,TOT,PC_GDP,A,2012,1.551,
LTU,INSURANCEEXP,TOT,PC_GDP,A,2013,1.619,
LTU,INSURANCEEXP,TOT,PC_GDP,A,2014,1.644,
LTU,INSURANCEEXP,TOT,PC_GDP,A,2015,1.728,
LTU,INSURANCEEXP,TOT,PC_GDP,A,2016,1.825,
LTU,INSURANCEEXP,TOT,PC_GDP,A,2017,1.875,
LTU,INSURANCEEXP,TOT,PC_GDP,A,2018,1.94,
LKA,INSURANCEEXP,TOT,PC_GDP,A,2014,0.919,
LKA,INSURANCEEXP,TOT,PC_GDP,A,2015,1.137,
LKA,INSURANCEEXP,TOT,PC_GDP,A,2017,1.26,
LKA,INSURANCEEXP,TOT,PC_GDP,A,2018,1.27,
HND,INSURANCEEXP,TOT,PC_GDP,A,2012,1.91,
HND,INSURANCEEXP,TOT,PC_GDP,A,2013,1.991,
HND,INSURANCEEXP,TOT,PC_GDP,A,2014,1.92,
HND,INSURANCEEXP,TOT,PC_GDP,A,2015,1.895,
HND,INSURANCEEXP,TOT,PC_GDP,A,2018,2.633,
TUN,INSURANCEEXP,TOT,PC_GDP,A,2016,2.043,
TUN,INSURANCEEXP,TOT,PC_GDP,A,2017,2.155,
DOM,INSURANCEEXP,TOT,PC_GDP,A,2018,1.511,
SLV,INSURANCEEXP,TOT,PC_GDP,A,2018,2.394,
